{"stats":{"minecraft:broken":{"minecraft:iron_chestplate":1,"minecraft:chainmail_helmet":1,"minecraft:shield":1},"minecraft:used":{"create:deployer":7,"supplementaries:copper_lantern":4,"minecraft:writable_book":2,"minecraft:ladder":4,"minecraft:stone":1,"create:white_sail":33,"create:depot":3,"minecraft:snowball":26,"expcaves:stone_pebble":5,"minecraft:lava_bucket":4,"farmersdelight:melon_popsicle":2,"tconstruct:seared_faucet":3,"create:andesite_funnel":21,"supplementaries:bomb_blue":2,"tconstruct:tinkers_anvil":2,"minecraft:bow":13,"create:shaft":42,"minecraft:oak_sapling":46,"minecraft:furnace":2,"minecraft:cooked_cod":1,"minecraft:egg":2,"minecraft:potato":42,"forbidden_arcanus:edelwood_bucket":3,"minecraft:diorite":1,"minecraft:damaged_anvil":1,"minecraft:wooden_pickaxe":5,"forbidden_arcanus:edelwood_suspicious_stew_bucket":2,"create:spout":2,"minecraft:golden_apple":19,"minecraft:sand":1,"minecraft:diamond_sword":153,"create:basin":4,"minecraft:smithing_table":1,"biomesoplenty:pink_cherry_sapling":1,"create:limestone":5,"tconstruct:skyroot_log":11,"minecraft:cooked_salmon":2,"minecraft:netherrack":299,"minecraft:torch":347,"minecraft:nether_quartz_ore":3,"minecraft:nether_brick_stairs":1,"create:wrench":175,"create:gearbox":8,"minecraft:iron_axe":214,"minecraft:basalt":13,"farmersdelight:cooking_pot":2,"create:fluid_pipe":5,"minecraft:cobbled_deepslate":52,"create:belt_connector":28,"waterstrainer:strainer_base":1,"minecraft:water_bucket":84,"create:framed_glass_trapdoor":8,"create:encased_fan":4,"minecraft:crafting_table":9,"minecraft:oak_slab":8,"minecraft:comparator":5,"supplementaries:bomb":4,"minecraft:white_bed":2,"minecraft:campfire":2,"occultism:datura":2,"minecraft:oak_log":24,"minecraft:diamond_pickaxe":2845,"minecraft:diamond_shovel":419,"tconstruct:seared_table":1,"minecraft:iron_pickaxe":212,"create:water_wheel":5,"moreminecarts:wooden_rail":1,"minecraft:cobblestone":117,"minecraft:potion":2,"storagedrawers:oak_full_drawers_4":6,"rubber_duck:rubber_duck_item":1,"quark:oak_chest":42,"minecraft:kelp":113,"minecraft:iron_shovel":57,"create:portable_storage_interface":8,"minecraft:shield":46,"minecraft:iron_sword":151,"minecraft:iron_chestplate":1,"tconstruct:seared_fuel_tank":5,"supplementaries:globe":1,"create:cogwheel":100,"minecraft:nether_bricks":2,"minecraft:carrot":14,"minecraft:obsidian":1,"quark:deepslate_furnace":2,"minecraft:iron_helmet":1,"create:millstone":1,"minecraft:stone_bricks":49,"minecraft:repeater":13,"create:mechanical_drill":2,"railways:track_spruce":5,"minecraft:diamond_boots":1,"minecraft:stone_pickaxe":99,"minecraft:oak_planks":137,"minecraft:ender_pearl":12,"minecraft:sandstone":3,"minecraft:sugar_cane":19,"minecraft:diamond_axe":152,"create:mechanical_saw":7,"minecraft:redstone_torch":11,"minecraft:lever":1,"thermal:device_tree_extractor":2,"kubejs:andesite_machine":1,"minecraft:bread":59,"minecraft:string":1,"storagedrawers:oak_trim":14,"minecraft:andesite":14,"minecraft:chain":1,"create:vertical_gearbox":3,"minecraft:bone_meal":69,"create:large_cogwheel":49,"storagedrawers:oak_full_drawers_1":2,"minecraft:redstone":32,"expcaves:lavastone":4,"tconstruct:seared_ingot_gauge":5,"create:mechanical_pump":8,"minecraft:dirt":58,"create:mechanical_mixer":1,"decorative_blocks:oak_palisade":6,"minecraft:hopper":21,"tconstruct:seared_bricks":2,"minecraft:granite":1,"railways:track_tieless":3,"tconstruct:gold_bars":1,"create:chute":139,"create:smart_chute":1,"minecraft:iron_hoe":36,"expcaves:sediment_stone":1,"create:builders_tea":1,"create:light_gray_toolbox":1,"minecraft:iron_boots":1,"minecraft:golden_carrot":5,"minecraft:cooked_beef":5,"create:gearshift":2,"minecraft:cooked_mutton":3,"farmersdelight:skillet":6,"forbidden_arcanus:edelwood_lava_bucket":3,"minecraft:glass_bottle":1,"minecraft:baked_potato":145,"minecraft:stonecutter":1,"supplementaries:slingshot":1,"create:mechanical_harvester":8,"tconstruct:seared_basin":3,"minecraft:painting":6,"minecraft:smoker":2,"minecraft:piston":1,"minecraft:flower_pot":1,"minecraft:apple":10,"create:mechanical_press":2,"create:windmill_bearing":2,"forbidden_arcanus:darkstone_stairs":1,"create:large_water_wheel":8,"minecraft:stone_axe":45,"minecraft:bucket":89,"create:hand_crank":5,"storagedrawers:drawer_key":2,"minecraft:chainmail_leggings":1},"minecraft:custom":{"minecraft:interact_with_crafting_table":148,"minecraft:open_barrel":5,"minecraft:leave_game":13,"minecraft:time_since_death":54942,"minecraft:damage_blocked_by_shield":1215,"minecraft:play_time":919580,"minecraft:deaths":12,"minecraft:jump":9910,"minecraft:enchant_item":8,"minecraft:interact_with_furnace":166,"minecraft:sleep_in_bed":27,"minecraft:damage_dealt":21009,"minecraft:interact_with_smoker":25,"minecraft:interact_with_smithing_table":11,"minecraft:interact_with_anvil":2,"minecraft:inspect_hopper":38,"minecraft:damage_dealt_absorbed":160,"minecraft:sneak_time":34125,"minecraft:interact_with_blast_furnace":12,"minecraft:total_world_time":919580,"minecraft:interact_with_stonecutter":12,"minecraft:time_since_rest":5570,"minecraft:swim_one_cm":124963,"minecraft:fly_one_cm":1687718,"minecraft:open_chest":923,"minecraft:fall_one_cm":235959,"lootr:looted_stat":65,"minecraft:sprint_one_cm":1453427,"minecraft:drop":411,"minecraft:talked_to_villager":2,"minecraft:walk_on_water_one_cm":108001,"minecraft:player_kills":1,"minecraft:crouch_one_cm":71515,"minecraft:mob_kills":155,"minecraft:damage_dealt_resisted":408,"minecraft:climb_one_cm":71475,"minecraft:walk_one_cm":1771460,"minecraft:walk_under_water_one_cm":57775,"minecraft:pot_flower":1,"minecraft:interact_with_grindstone":7,"minecraft:damage_taken":13538,"minecraft:damage_absorbed":922,"minecraft:minecart_one_cm":4854},"minecraft:mined":{"minecraft:white_bed":2,"thermal:cinnabar_ore":16,"minecraft:red_nether_bricks":2,"minecraft:obsidian":2,"minecraft:granite":20,"thermal:deepslate_ruby_ore":2,"minecraft:hopper":9,"create:belt":2,"minecraft:oxeye_daisy":1,"minecraft:spawner":25,"minecraft:polished_blackstone_bricks":1,"minecraft:tall_seagrass":1,"minecraft:magma_block":8,"expcaves:broken_stone":1,"create:speedometer":1,"minecraft:cobbled_deepslate":8,"minecraft:fire":49,"tconstruct:cobalt_ore":31,"minecraft:deepslate_lapis_ore":13,"minecraft:nether_brick_stairs":2,"farmersdelight:rice_panicles":4,"create:mechanical_press":1,"create:limestone":20,"minecraft:tripwire":1,"expcaves:broken_deepslate":4,"create:cogwheel":15,"minecraft:kelp_plant":23,"minecraft:smoker":1,"minecraft:torch":8,"minecraft:nether_brick_slab":3,"thermal:deepslate_lead_ore":24,"thermal:energy_duct":1,"minecraft:sugar_cane":9,"minecraft:damaged_anvil":1,"create:basin":1,"minecraft:repeater":2,"create:portable_storage_interface":2,"forbidden_arcanus:darkstone":75,"tconstruct:seared_faucet":5,"create:mechanical_mixer":1,"expcaves:sediment_stone":4,"minecraft:grass":178,"thermal:niter_ore":10,"create:hand_crank":1,"minecraft:smooth_basalt":3,"expcaves:cave_vine_end":1,"minecraft:deepslate":344,"thermal:deepslate_cinnabar_ore":1,"create:zinc_ore":21,"minecraft:mossy_cobblestone":1,"minecraft:nether_brick_wall":2,"thermal:ruby_ore":2,"farmersdelight:wild_carrots":16,"ae2:charger":1,"minecraft:nether_bricks":34,"minecraft:redstone_wire":6,"minecraft:kelp":46,"railways:track_tieless":9,"create:shaft":5,"forbidden_arcanus:deepslate_arcane_crystal_ore":1,"minecraft:snow":37,"storagedrawers:oak_trim":14,"minecraft:andesite":1387,"minecraft:potatoes":7,"minecraft:vine":4,"minecraft:rail":1,"create:chute":5,"ae2:sky_stone_block":1,"ae2:quartz_ore":8,"supplementaries:wall_lantern":2,"minecraft:smithing_table":1,"minecraft:oak_slab":4,"minecraft:birch_stairs":1,"minecraft:chiseled_nether_bricks":2,"minecraft:comparator":2,"minecraft:soul_sand":5,"quark:oak_chest":10,"minecraft:dandelion":4,"storagedrawers:oak_full_drawers_4":5,"minecraft:cornflower":2,"create:fluid_pipe":2,"create:mechanical_pump":4,"create:water_wheel":3,"minecraft:campfire":3,"expcaves:cave_vine":1,"railways:track_spruce":5,"minecraft:tall_grass":4,"minecraft:copper_ore":31,"minecraft:deepslate_gold_ore":29,"minecraft:diorite":24,"create:mechanical_saw":2,"farmersdelight:skillet":2,"thermal:deepslate_sapphire_ore":9,"expcaves:treasure_amphora":4,"minecraft:birch_leaves":1,"quark:deepslate_furnace":1,"minecraft:gravel":25,"minecraft:cobweb":16,"expcaves:diorite_tall_stalagmite":1,"ae2:deepslate_quartz_ore":4,"minecraft:stone_bricks":6,"waterstrainer:strainer_base":1,"create:andesite_funnel":7,"minecraft:gold_ore":5,"create:deepslate_zinc_ore":14,"minecraft:oak_sapling":5,"expcaves:quartz_treasure_amphora":2,"thermal:sulfur_ore":2,"tconstruct:seared_bricks":2,"minecraft:grass_block":123,"minecraft:cracked_polished_blackstone_bricks":1,"tconstruct:seared_table":2,"tconstruct:seared_ingot_gauge":6,"minecraft:glowstone":1,"minecraft:iron_ore":93,"tconstruct:seared_fuel_tank":5,"minecraft:azure_bluet":1,"expcaves:stone_pebble":1,"minecraft:iron_bars":1,"kubejs:andesite_machine":1,"minecraft:quartz_block":6,"minecraft:blackstone":17,"tconstruct:tinkers_anvil":1,"thermal:lead_ore":17,"minecraft:clay":33,"minecraft:calcite":4,"minecraft:nether_quartz_ore":12,"minecraft:cobblestone":44,"minecraft:oak_planks":33,"minecraft:wall_torch":9,"minecraft:deepslate_copper_ore":5,"minecraft:nether_wart_block":3,"minecraft:tnt":9,"minecraft:oak_log":174,"create:framed_glass_trapdoor":1,"minecraft:sand":238,"minecraft:dirt":81,"thermal:nickel_ore":6,"create:encased_chain_drive":2,"minecraft:netherrack":788,"minecraft:ancient_debris":6,"minecraft:oak_leaves":41,"minecraft:crying_obsidian":1,"expcaves:treasure_pot":5,"minecraft:tuff":6,"minecraft:deepslate_diamond_ore":8,"expcaves:small_treasure_pot":8,"minecraft:ladder":1,"gravestone:gravestone":10,"create:large_cogwheel":10,"rubber_duck:rubber_duck_block":1,"minecraft:birch_slab":1,"minecraft:sandstone":3,"supplementaries:copper_lantern":1,"minecraft:hay_block":19,"minecraft:furnace":1,"create:white_sail":1,"create:scorchia":1,"minecraft:gold_block":1,"minecraft:nether_brick_fence":1,"minecraft:bookshelf":2,"thermal:device_tree_extractor":2,"minecraft:deepslate_iron_ore":27,"minecraft:stripped_oak_log":1,"minecraft:stone":382,"expcaves:lavastone":10,"farmersdelight:cooking_pot":1,"randomium:randomium_ore_deepslate":1,"minecraft:basalt":176,"thermal:apatite_ore":12,"minecraft:crafting_table":9,"expcaves:hanging_roots":1,"tconstruct:seared_basin":3,"minecraft:deepslate_coal_ore":27,"minecraft:lapis_ore":29,"supplementaries:urn":6,"create:mechanical_harvester":4,"forbidden_arcanus:xpetrified_ore":11,"minecraft:redstone_torch":5,"create:display_board":4,"tconstruct:skyroot_log":1,"minecraft:coal_ore":197,"thermal:deepslate_niter_ore":2,"create:andesite_encased_shaft":2,"forbidden_arcanus:runic_deepslate":3},"minecraft:killed_by":{"minecraft:zombie":4,"minecraft:wither_skeleton":1,"minecraft:creeper":2,"minecraft:player":1,"minecraft:skeleton":1},"minecraft:crafted":{"minecraft:rotten_flesh":6,"cb_microblock:diamond_saw":1,"tconstruct:pick_head":1,"quark:deepslate_furnace":1,"create:andesite_funnel":16,"minecraft:repeater":12,"create:cogwheel":643,"architects_palette:algal_brick":1049,"minecraft:cooked_porkchop":26,"minecraft:diamond_axe":1,"tconstruct:blank_sand_cast":16,"storagedrawers:oak_full_drawers_1":2,"tconstruct:tool_handle":1,"create:gearbox":8,"create:encased_fan":1,"quark:oak_chest":61,"minecraft:iron_pickaxe":1,"minecraft:gold_ingot":4,"minecraft:sandstone":3,"storagedrawers:drawer_key":1,"create:large_cogwheel":41,"create:propeller":1,"kubejs:kinetic_mechanism":480,"minecraft:netherite_ingot":1,"sophisticatedbackpacks:netherite_backpack":1,"storagedrawers:upgrade_template":6,"minecraft:golden_carrot":2,"create:wrench":1,"minecraft:iron_nugget":279,"create:white_sail":32,"tconstruct:repair_kit":1,"create:smart_chute":1,"minecraft:bone_meal":69,"forbidden_arcanus:darkstone_stairs":4,"minecraft:ladder":4,"minecraft:ender_pearl":8,"minecraft:stone_pickaxe":1,"kubejs:andesite_machine":38,"create:belt_connector":15,"create:windmill_bearing":1,"minecraft:wheat":171,"cb_microblock:stone_rod":5,"tconstruct:tinkers_anvil":1,"thermal:drill_head":2,"tconstruct:sky_slime":3,"sophisticatedbackpacks:gold_backpack":2,"minecraft:snowball":10,"minecraft:bone":10,"tconstruct:repair_kit_sand_cast":1,"minecraft:golden_apple":2,"thermal:lead_ingot":56,"tconstruct:pick_head_sand_cast":3,"create:zinc_block":3,"minecraft:iron_shovel":1,"create:shaft":896,"tconstruct:grout":38,"minecraft:oak_planks":2468,"tconstruct:puny_smelting":1,"create:andesite_casing":142,"minecraft:stone":67,"create:mechanical_harvester":4,"tconstruct:tool_binding":3,"minecraft:hopper":17,"minecraft:comparator":10,"minecraft:smoker":1,"minecraft:oak_slab":6,"sophisticatedbackpacks:backpack":1,"minecraft:crafting_table":2,"create:fluid_pipe":4,"minecraft:wooden_pickaxe":1,"minecraft:baked_potato":140,"create:gearshift":2,"thermal:nickel_ingot":4,"minecraft:diamond_pickaxe":1,"create:water_wheel":16,"create:framed_glass_trapdoor":8,"create:portable_storage_interface":4,"sophisticatedbackpacks:diamond_backpack":1,"minecraft:stick":424,"minecraft:iron_ingot":90,"tconstruct:seared_bricks":4,"minecraft:redstone_torch":96,"thermal:cured_rubber":34,"create:chute":128,"tconstruct:pickaxe":17,"tconstruct:pattern":3,"tconstruct:tool_handle_sand_cast":3,"minecraft:furnace":1,"minecraft:piston":1,"minecraft:oak_trapdoor":8,"minecraft:iron_axe":1,"minecraft:iron_hoe":1,"minecraft:slime_ball":18,"create:basin":3,"minecraft:netherite_scrap":7,"minecraft:magma_cream":6,"sophisticatedbackpacks:iron_backpack":1,"storagedrawers:oak_trim":28,"cb_microblock:iron_saw":1,"create:andesite_alloy":874,"minecraft:iron_sword":1,"create:large_water_wheel":18,"minecraft:cooked_salmon":9,"architects_palette:algal_blend":732,"minecraft:bucket":3,"minecraft:stone_axe":1,"minecraft:air":0,"minecraft:bread":57,"minecraft:gold_nugget":54,"storagedrawers:gold_storage_upgrade":6,"decorative_blocks:oak_palisade":6,"minecraft:stonecutter":1,"minecraft:torch":364,"create:zinc_ingot":69,"thermal:rubber":12,"minecraft:lapis_block":14},"minecraft:killed":{"minecraft:cave_spider":1,"minecraft:skeleton":20,"minecraft:magma_cube":27,"minecraft:zombie":36,"minecraft:glow_squid":1,"minecraft:cow":7,"minecraft:endermite":1,"minecraft:horse":1,"minecraft:enderman":1,"minecraft:spider":8,"minecraft:silverfish":3,"minecraft:piglin":5,"minecraft:creeper":2,"minecraft:sheep":15,"minecraft:stray":2,"minecraft:ghast":2,"minecraft:blaze":14,"minecraft:drowned":1,"minecraft:squid":1,"minecraft:wither_skeleton":3},"minecraft:picked_up":{"minecraft:iron_chestplate":1,"minecraft:smithing_table":1,"farmersdelight:rice_panicle":18,"create:wrench":2,"kubejs:kinetic_mechanism":35,"forbidden_arcanus:xpetrified_orb":11,"minecraft:string":24,"tconstruct:smeltery_controller":1,"create:limestone":27,"minecraft:red_nether_bricks":2,"create:water_wheel":3,"tconstruct:ingot_cast":4,"minecraft:diamond_leggings":1,"minecraft:gold_nugget":1,"minecraft:cobbled_deepslate":392,"sophisticatedbackpacks:netherite_backpack":1,"create:andesite_casing":6,"tconstruct:seared_faucet":5,"minecraft:chiseled_nether_bricks":2,"thermal:apatite":99,"kubejs:trade_card_wool":1,"farmersdelight:melon_popsicle":1,"farmersdelight:canvas":18,"create:crushed_raw_nickel":14,"minecraft:blaze_rod":11,"biomesoplenty:pink_cherry_sapling":1,"minecraft:iron_bars":1,"minecraft:snowball":36,"storagedrawers:oak_full_drawers_4":5,"minecraft:magma_block":6,"expcaves:granite_pebble":3,"minecraft:cooked_beef":7,"farmersdelight:rice":57,"minecraft:iron_door":1,"minecraft:birch_slab":1,"reliquary:molten_core":2,"minecraft:smoker":1,"tconstruct:pick_head":3,"minecraft:flint":1,"supplementaries:slingshot":1,"create:encased_chain_drive":2,"thermal:sapphire":13,"forbidden_arcanus:rune":3,"tconstruct:seared_table":2,"create:shaft":143,"create:super_glue":1,"moreminecarts:wooden_rail":1,"kubejs:zinc_dust":167,"create:crushed_raw_lead":45,"ae2:certus_quartz_crystal":2,"tconstruct:seared_ingot_gauge":6,"sophisticatedbackpacks:iron_backpack":2,"minecraft:deepslate":17,"minecraft:lever":1,"minecraft:granite":1396,"minecraft:chainmail_helmet":1,"minecraft:diamond_pickaxe":5,"sophisticatedbackpacks:gold_backpack":1,"create:copper_sheet":2,"minecraft:crafting_table":9,"minecraft:clay_ball":387,"minecraft:nether_wart":16,"waterstrainer:strainer_survivalist":1,"tconstruct:tinkers_anvil":1,"expcaves:lavastone":11,"gravestone:obituary":3,"minecraft:cornflower":2,"create:fluid_pipe":2,"minecraft:netherite_scrap":1,"create:scorchia":2,"supplementaries:bomb":1,"minecraft:beef":15,"thermal:niter":92,"minecraft:iron_nugget":6,"minecraft:poppy":2,"minecraft:egg":2,"minecraft:sandstone":3,"minecraft:stone":2,"reliquary:rib_bone":4,"create:crushed_raw_zinc":46,"tconstruct:pickaxe":2,"sophisticatedbackpacks:backpack":1,"minecraft:carrot":30,"minecraft:redstone":17,"railways:track_tieless":7,"minecraft:tnt":9,"thermal:nickel_nugget":36,"expcaves:andesite_pebble":15,"minecraft:diamond_boots":2,"minecraft:hay_block":19,"minecraft:gold_ingot":2,"sophisticatedbackpacks:copper_backpack":1,"minecraft:mutton":19,"minecraft:white_wool":23,"biomesoplenty:orange_sand":4,"minecraft:rail":1,"minecraft:oxeye_daisy":2,"create:iron_sheet":76,"biomesoplenty:white_sand":8,"create:brass_sheet":1,"create:crushed_raw_gold":36,"create:framed_glass_trapdoor":1,"tconstruct:seared_fuel_tank":5,"minecraft:oak_log":1257,"minecraft:ancient_debris":6,"minecraft:golden_boots":1,"farmersdelight:skillet":2,"tconstruct:seared_brick":5,"create:crushed_raw_iron":123,"farmersdelight:cooking_pot":1,"minecraft:stone_bricks":9,"minecraft:apple":15,"minecraft:kelp":107,"kubejs:andesite_machine":2,"minecraft:stone_pickaxe":2,"minecraft:glass_bottle":1,"minecraft:iron_sword":1,"forbidden_arcanus:darkstone":70,"create:mechanical_saw":7,"minecraft:smooth_basalt":4,"cb_microblock:diamond_saw":1,"minecraft:gravel":23,"minecraft:birch_stairs":1,"rubber_duck:rubber_duck_item":2,"forbidden_arcanus:arcane_crystal":1,"create:brass_hand":4,"minecraft:stone_axe":1,"tconstruct:cobalt_ore":31,"create:mechanical_pump":4,"railways:track_spruce":5,"minecraft:diamond_axe":1,"minecraft:painting":6,"create:portable_storage_interface":2,"minecraft:hopper":10,"minecraft:ender_pearl":12,"minecraft:nether_brick_fence":1,"minecraft:nether_brick":1,"minecraft:iron_leggings":2,"create:andesite_funnel":8,"thermal:sulfur":11,"create:mechanical_press":1,"minecraft:comparator":2,"reliquary:zombie_heart":1,"farmersdelight:cabbage":1,"minecraft:redstone_torch":8,"minecraft:calcite":4,"minecraft:iron_pickaxe":2,"farmersdelight:cabbage_seeds":2,"minecraft:iron_boots":1,"minecraft:furnace":1,"minecraft:tipped_arrow":1,"thermal:silver_coin":19,"minecraft:stick":76,"create:mechanical_mixer":1,"minecraft:torch":35,"minecraft:diorite":1073,"ae2:sky_stone_block":3,"create:large_cogwheel":68,"thermal:lead_dust":48,"minecraft:quartz_block":1,"minecraft:rotten_flesh":29,"thermal:lead_nugget":102,"occultism:datura":2,"minecraft:obsidian":2,"create:speedometer":1,"minecraft:cobblestone":480,"tconstruct:seared_bricks":2,"occultism:datura_seeds":2,"minecraft:magma_cream":3,"minecraft:repeater":2,"minecraft:andesite":2706,"minecraft:potato":283,"create:belt_connector":3,"minecraft:tuff":6,"create:incomplete_precision_mechanism":6,"cb_microblock:iron_saw":1,"minecraft:lapis_lazuli":330,"minecraft:dirt":205,"minecraft:bone":24,"farmersdelight:iron_knife":1,"minecraft:bow":9,"minecraft:wheat_seeds":49,"minecraft:oak_planks":36,"create:cogwheel":17,"minecraft:poisonous_potato":4,"minecraft:sand":331,"minecraft:nether_brick_stairs":3,"minecraft:mossy_cobblestone":1,"expcaves:broken_deepslate":2,"tconstruct:seared_basin":4,"minecraft:diamond":11,"waterstrainer:strainer_base":1,"thermal:device_tree_extractor":2,"minecraft:cracked_polished_blackstone_bricks":1,"minecraft:bone_meal":1,"supplementaries:copper_lantern":4,"minecraft:emerald":7,"minecraft:oak_sapling":293,"minecraft:netherrack":867,"create:white_sail":1,"cb_microblock:stone_rod":1,"minecraft:charcoal":2,"minecraft:azure_bluet":1,"minecraft:ladder":42,"thermal:cinnabar":34,"tconstruct:skyroot_log":1,"minecraft:gold_block":1,"minecraft:chain":1,"minecraft:shield":4,"thermal:iron_dust":1,"create:mechanical_harvester":4,"minecraft:iron_axe":2,"create:chute":6,"minecraft:blackstone":55,"create:basin":1,"minecraft:sugar_cane":19,"storagedrawers:oak_trim":16,"tconstruct:raw_cobalt":101,"create:golden_sheet":3,"minecraft:copper_ingot":25,"minecraft:polished_blackstone_bricks":2,"quark:deepslate_furnace":1,"minecraft:music_disc_11":1,"create:hand_crank":5,"minecraft:weeping_vines":18,"minecraft:arrow":12,"tconstruct:grout":20,"ae2:certus_quartz_dust":49,"minecraft:nether_bricks":31,"minecraft:nether_brick_wall":2,"forbidden_arcanus:spawner_scrap":12,"minecraft:basalt":166,"minecraft:golden_carrot":1,"minecraft:glow_ink_sac":1,"storagedrawers:upgrade_template":1,"minecraft:leather":9,"minecraft:chainmail_chestplate":1,"minecraft:gunpowder":6,"minecraft:nether_wart_block":3,"expcaves:stone_pebble":8,"minecraft:iron_ingot":53,"minecraft:soul_sand":6,"minecraft:book":6,"minecraft:oak_slab":6,"minecraft:nether_quartz_ore":12,"minecraft:quartz":57,"minecraft:dandelion":11,"minecraft:white_bed":2,"create:display_board":4,"quark:oak_chest":10,"minecraft:spider_eye":5,"expcaves:sediment_stone":4,"minecraft:campfire":2,"create:zinc_nugget":217,"minecraft:iron_helmet":1,"create:crushed_raw_copper":47,"expcaves:deepslate_pebble":6,"thermal:ruby":4,"minecraft:damaged_anvil":1,"minecraft:coal":354},"minecraft:dropped":{"farmersdelight:iron_knife":1,"minecraft:iron_sword":1,"occultism:datura_seeds":2,"minecraft:lapis_lazuli":7,"minecraft:glass_bottle":2,"minecraft:weeping_vines":19,"create:cogwheel":67,"create:incomplete_precision_mechanism":1,"minecraft:rail":1,"minecraft:emerald":7,"minecraft:dirt":18,"sophisticatedbackpacks:netherite_backpack":1,"minecraft:gold_nugget":15,"minecraft:sand":238,"minecraft:iron_pickaxe":1,"minecraft:white_wool":9,"minecraft:bone":71,"tconstruct:pickaxe":3,"minecraft:stone_axe":2,"minecraft:ancient_debris":7,"create:crushed_raw_copper":27,"minecraft:iron_nugget":420,"create:crushed_raw_lead":17,"minecraft:cobbled_deepslate":99,"minecraft:rotten_flesh":24,"minecraft:oak_planks":5,"minecraft:nether_brick_fence":1,"minecraft:azure_bluet":1,"tconstruct:hepatizon_ingot":2,"thermal:lead_dust":99,"farmersdelight:rice_panicle":1,"create:wrench":1,"minecraft:ladder":42,"create:limestone":22,"minecraft:red_nether_bricks":1,"expcaves:andesite_pebble":15,"expcaves:stone_pebble":3,"thermal:silver_coin":2,"minecraft:golden_boots":2,"minecraft:iron_ingot":139,"minecraft:chiseled_nether_bricks":2,"minecraft:wheat_seeds":48,"expcaves:sediment_stone":3,"minecraft:iron_helmet":1,"minecraft:cobblestone":39,"minecraft:apple":64,"minecraft:granite":104,"create:andesite_casing":13,"minecraft:oxeye_daisy":2,"expcaves:granite_pebble":3,"thermal:nickel_dust":18,"forbidden_arcanus:edelwood_bucket":1,"minecraft:iron_shovel":1,"minecraft:string":2,"reliquary:rib_bone":7,"tconstruct:rose_gold_ingot":2,"storagedrawers:oak_trim":2,"minecraft:deepslate":2,"minecraft:clay_ball":29,"minecraft:iron_boots":2,"thermal:gold_dust":12,"sophisticatedbackpacks:backpack":1,"minecraft:nether_bricks":4,"minecraft:potato":28,"minecraft:stone":2,"minecraft:diamond_pickaxe":5,"expcaves:broken_deepslate":2,"minecraft:spider_eye":3,"thermal:iron_dust":2,"sophisticatedbackpacks:copper_backpack":1,"minecraft:bow":6,"minecraft:magma_block":5,"create:andesite_funnel":3,"minecraft:nether_brick_stairs":2,"minecraft:oak_log":361,"supplementaries:slingshot":1,"minecraft:flint":1,"minecraft:music_disc_11":1,"minecraft:cracked_polished_blackstone_bricks":3,"minecraft:netherite_scrap":2,"create:fluid_pipe":2,"minecraft:cornflower":1,"create:crushed_raw_nickel":12,"gravestone:obituary":14,"thermal:copper_dust":21,"create:iron_sheet":4,"minecraft:polished_blackstone_bricks":2,"create:large_cogwheel":61,"minecraft:gold_ingot":9,"tconstruct:cobalt_ore":31,"minecraft:gravel":2,"minecraft:blackstone":43,"biomesoplenty:white_sand":96,"tconstruct:grout":58,"minecraft:poppy":2,"tconstruct:pick_head":3,"minecraft:gunpowder":1,"thermal:cinnabar":18,"expcaves:deepslate_pebble":5,"create:brass_ingot":1,"minecraft:arrow":1,"minecraft:basalt":78,"minecraft:iron_bars":1,"minecraft:quartz":29,"minecraft:netherrack":128,"create:andesite_alloy":98,"minecraft:water_bucket":1,"minecraft:bread":11,"minecraft:mossy_cobblestone":1,"minecraft:poisonous_potato":2,"minecraft:diamond_leggings":1,"ae2:sky_stone_block":3,"create:chute":1,"minecraft:nether_brick_wall":2,"minecraft:copper_ingot":52,"tconstruct:seared_basin":1,"minecraft:stick":101,"create:crushed_raw_gold":4,"biomesoplenty:orange_sand":88,"minecraft:diorite":33,"minecraft:torch":2,"minecraft:iron_leggings":2,"minecraft:iron_axe":4,"minecraft:dandelion":11,"minecraft:smooth_basalt":3,"minecraft:redstone":3,"minecraft:kelp":7,"create:shaft":185,"create:crushed_raw_zinc":36,"minecraft:tuff":1,"tconstruct:skyroot_log":2,"kubejs:zinc_dust":330,"minecraft:shield":2,"minecraft:iron_chestplate":2,"minecraft:andesite":216,"minecraft:oak_sapling":77,"tconstruct:seared_brick":5,"kubejs:kinetic_mechanism":85,"minecraft:slime_ball":3,"thermal:lead_nugget":3,"minecraft:stone_pickaxe":3,"minecraft:wooden_pickaxe":1}},"DataVersion":2975}