{"stats":{"minecraft:killed":{"minecraft:cow":3},"minecraft:picked_up":{"minecraft:stick":10,"minecraft:raw_iron":2,"minecraft:crafting_table":1,"minecraft:feather":3,"minecraft:leather":7,"minecraft:torch":1,"minecraft:oak_log":20,"minecraft:string":2,"minecraft:dirt":3,"minecraft:bone":6,"minecraft:beef":8,"minecraft:emerald":6,"minecraft:oak_sapling":4,"minecraft:coal":12,"minecraft:cobblestone":15},"minecraft:crafted":{"minecraft:oak_planks":40,"minecraft:crafting_table":1,"minecraft:stick":16,"minecraft:wooden_pickaxe":1,"minecraft:stone_pickaxe":1,"minecraft:stone_axe":1},"minecraft:used":{"minecraft:stone_pickaxe":19,"minecraft:wooden_pickaxe":10,"minecraft:stone_axe":19,"minecraft:stick":9,"minecraft:crafting_table":1},"minecraft:mined":{"expcaves:broken_stone":7,"expcaves:quartz_treasure_amphora":1,"minecraft:iron_ore":2,"expcaves:treasure_amphora":3,"expcaves:small_quartz_treasure_pot":2,"expcaves:small_treasure_pot":5,"minecraft:crafting_table":1,"minecraft:grass":1,"minecraft:oak_log":20,"supplementaries:stick":5,"minecraft:coal_ore":12,"minecraft:dirt":3,"minecraft:stone":8,"minecraft:oak_leaves":7},"minecraft:custom":{"minecraft:time_since_rest":11831,"minecraft:sprint_one_cm":20763,"minecraft:damage_taken":15,"minecraft:walk_one_cm":29296,"minecraft:mob_kills":3,"minecraft:damage_dealt":310,"minecraft:interact_with_crafting_table":4,"minecraft:fly_one_cm":10320,"minecraft:crouch_one_cm":926,"minecraft:play_time":11831,"minecraft:sneak_time":178,"minecraft:jump":83,"minecraft:leave_game":1,"minecraft:time_since_death":11831,"minecraft:total_world_time":11831,"minecraft:fall_one_cm":1579}},"DataVersion":2975}