{"stats":{"minecraft:custom":{"lootr:looted_stat":1,"minecraft:interact_with_furnace":2,"minecraft:mob_kills":3,"minecraft:interact_with_crafting_table":8,"minecraft:open_barrel":1,"minecraft:pot_flower":1,"minecraft:leave_game":1,"minecraft:time_since_death":12804,"minecraft:time_since_rest":12856,"minecraft:sprint_one_cm":45317,"minecraft:damage_taken":700,"minecraft:walk_one_cm":59606,"minecraft:drop":6,"minecraft:damage_dealt":499,"minecraft:swim_one_cm":7062,"minecraft:fly_one_cm":83742,"minecraft:open_chest":4,"minecraft:crouch_one_cm":560,"minecraft:play_time":21342,"minecraft:deaths":2,"minecraft:sneak_time":386,"minecraft:walk_under_water_one_cm":636,"minecraft:jump":318,"minecraft:walk_on_water_one_cm":1110,"minecraft:total_world_time":21342,"minecraft:fall_one_cm":8485},"minecraft:killed":{"minecraft:spider":1,"minecraft:sheep":2},"minecraft:crafted":{"minecraft:oak_planks":16,"minecraft:wooden_pickaxe":1,"minecraft:snowball":10,"minecraft:stone_axe":1,"minecraft:stick":4,"quark:oak_chest":1,"minecraft:stone_pickaxe":1},"minecraft:mined":{"expcaves:treasure_pot":4,"minecraft:white_bed":1,"farmersdelight:wild_carrots":6,"expcaves:small_treasure_pot":8,"minecraft:crafting_table":1,"gravestone:gravestone":1,"minecraft:grass_block":1,"minecraft:sugar_cane":2,"supplementaries:copper_lantern":1,"supplementaries:urn":2,"minecraft:furnace":1,"expcaves:treasure_amphora":4,"minecraft:grass":9,"minecraft:oak_log":16,"minecraft:dirt":6,"minecraft:stone":14,"supplementaries:wall_lantern":1,"minecraft:oak_leaves":6},"minecraft:picked_up":{"minecraft:crafting_table":1,"minecraft:cooked_beef":3,"farmersdelight:rice":1,"minecraft:iron_door":1,"minecraft:nether_brick":1,"minecraft:oak_log":16,"minecraft:chain":1,"supplementaries:slingshot":1,"minecraft:dirt":7,"minecraft:apple":1,"minecraft:gold_nugget":1,"minecraft:beef":3,"minecraft:stone_pickaxe":1,"minecraft:sugar_cane":5,"minecraft:furnace":1,"thermal:silver_coin":9,"minecraft:stick":8,"minecraft:white_bed":1,"minecraft:carrot":5,"minecraft:redstone":1,"rubber_duck:rubber_duck_item":1,"farmersdelight:melon_popsicle":1,"minecraft:rotten_flesh":1,"create:zinc_nugget":1,"minecraft:bone_meal":1,"supplementaries:copper_lantern":3,"minecraft:oak_sapling":9,"biomesoplenty:pink_cherry_sapling":1,"minecraft:mutton":3,"minecraft:white_wool":2,"minecraft:cobblestone":14},"minecraft:dropped":{"supplementaries:slingshot":1,"gravestone:obituary":1,"minecraft:stone_pickaxe":1,"minecraft:wooden_pickaxe":1,"thermal:silver_coin":2},"minecraft:killed_by":{"minecraft:creeper":1,"minecraft:zombie":1},"minecraft:used":{"minecraft:writable_book":2,"supplementaries:copper_lantern":3,"minecraft:stone_pickaxe":14,"minecraft:wooden_pickaxe":5,"minecraft:sugar_cane":5,"supplementaries:slingshot":1,"minecraft:dirt":7,"minecraft:crafting_table":1,"minecraft:snowball":26,"minecraft:flower_pot":1,"minecraft:apple":1,"farmersdelight:melon_popsicle":2,"minecraft:stone_axe":25,"minecraft:cobblestone":2,"minecraft:oak_sapling":5,"minecraft:furnace":1,"minecraft:cooked_cod":1,"biomesoplenty:pink_cherry_sapling":1,"minecraft:chain":1,"quark:oak_chest":1,"minecraft:cooked_beef":2}},"DataVersion":2975}