{"stats":{"minecraft:killed_by":{"minecraft:creeper":2,"minecraft:zombie":2,"minecraft:player":1},"minecraft:crafted":{"minecraft:oak_planks":892,"create:andesite_casing":76,"create:mechanical_harvester":4,"minecraft:stone":3,"quark:deepslate_furnace":1,"create:andesite_funnel":8,"create:cogwheel":239,"architects_palette:algal_brick":359,"minecraft:smoker":1,"minecraft:oak_slab":6,"sophisticatedbackpacks:backpack":1,"minecraft:diamond_axe":1,"minecraft:crafting_table":1,"minecraft:baked_potato":67,"minecraft:wooden_pickaxe":1,"thermal:nickel_ingot":4,"minecraft:diamond_pickaxe":1,"create:portable_storage_interface":4,"minecraft:stick":184,"quark:oak_chest":23,"minecraft:iron_ingot":19,"minecraft:iron_pickaxe":1,"minecraft:gold_ingot":4,"minecraft:sandstone":3,"create:large_cogwheel":35,"create:propeller":1,"kubejs:kinetic_mechanism":160,"storagedrawers:upgrade_template":6,"thermal:cured_rubber":4,"minecraft:iron_nugget":180,"create:white_sail":20,"minecraft:furnace":1,"minecraft:bone_meal":69,"minecraft:iron_axe":1,"minecraft:iron_hoe":1,"minecraft:stone_pickaxe":1,"kubejs:andesite_machine":14,"create:basin":1,"create:windmill_bearing":1,"storagedrawers:oak_trim":28,"minecraft:wheat":171,"sophisticatedbackpacks:iron_backpack":1,"cb_microblock:iron_saw":1,"create:andesite_alloy":376,"cb_microblock:stone_rod":3,"minecraft:iron_sword":1,"create:large_water_wheel":2,"architects_palette:algal_blend":540,"minecraft:cooked_salmon":9,"sophisticatedbackpacks:gold_backpack":1,"minecraft:bucket":2,"minecraft:snowball":10,"minecraft:bone":10,"minecraft:stone_axe":1,"minecraft:bread":57,"minecraft:air":0,"minecraft:golden_apple":2,"minecraft:gold_nugget":27,"thermal:lead_ingot":11,"storagedrawers:gold_storage_upgrade":6,"decorative_blocks:oak_palisade":6,"minecraft:iron_shovel":1,"minecraft:stonecutter":1,"create:shaft":320,"minecraft:torch":228,"create:zinc_ingot":24},"minecraft:mined":{"minecraft:white_bed":1,"minecraft:oak_sapling":4,"thermal:cinnabar_ore":10,"minecraft:red_nether_bricks":2,"minecraft:obsidian":1,"minecraft:granite":6,"minecraft:grass_block":76,"thermal:deepslate_ruby_ore":2,"minecraft:oxeye_daisy":1,"minecraft:spawner":18,"tconstruct:seared_table":1,"create:speedometer":1,"minecraft:iron_ore":86,"minecraft:cobbled_deepslate":1,"minecraft:fire":1,"minecraft:deepslate_lapis_ore":13,"minecraft:nether_brick_stairs":2,"minecraft:azure_bluet":1,"minecraft:iron_bars":1,"farmersdelight:rice_panicles":1,"create:mechanical_press":1,"kubejs:andesite_machine":1,"create:limestone":8,"expcaves:broken_deepslate":2,"create:cogwheel":12,"minecraft:quartz_block":6,"minecraft:kelp_plant":20,"thermal:lead_ore":7,"minecraft:clay":33,"minecraft:torch":5,"minecraft:calcite":4,"minecraft:cobblestone":35,"thermal:deepslate_lead_ore":15,"minecraft:sugar_cane":9,"minecraft:oak_planks":9,"minecraft:damaged_anvil":1,"minecraft:wall_torch":6,"minecraft:deepslate_copper_ore":5,"create:portable_storage_interface":1,"expcaves:sediment_stone":4,"minecraft:grass":96,"minecraft:oak_log":155,"create:hand_crank":1,"minecraft:sand":15,"minecraft:dirt":40,"create:encased_chain_drive":2,"minecraft:netherrack":2,"expcaves:cave_vine_end":1,"minecraft:oak_leaves":31,"minecraft:deepslate":61,"thermal:deepslate_cinnabar_ore":1,"create:zinc_ore":21,"expcaves:treasure_pot":4,"minecraft:tuff":2,"minecraft:mossy_cobblestone":1,"minecraft:deepslate_diamond_ore":4,"farmersdelight:wild_carrots":7,"expcaves:small_treasure_pot":8,"gravestone:gravestone":5,"minecraft:nether_bricks":23,"create:large_cogwheel":6,"rubber_duck:rubber_duck_block":1,"minecraft:birch_slab":1,"minecraft:kelp":29,"minecraft:sandstone":3,"railways:track_tieless":9,"supplementaries:copper_lantern":1,"minecraft:hay_block":19,"create:shaft":3,"forbidden_arcanus:deepslate_arcane_crystal_ore":1,"minecraft:furnace":1,"minecraft:snow":37,"create:white_sail":1,"minecraft:andesite":1030,"minecraft:bookshelf":2,"thermal:device_tree_extractor":2,"minecraft:deepslate_iron_ore":21,"minecraft:vine":4,"minecraft:stripped_oak_log":1,"ae2:sky_stone_block":1,"minecraft:stone":200,"ae2:quartz_ore":1,"expcaves:lavastone":4,"supplementaries:wall_lantern":2,"minecraft:smithing_table":1,"minecraft:oak_slab":4,"minecraft:birch_stairs":1,"quark:oak_chest":3,"randomium:randomium_ore_deepslate":1,"minecraft:dandelion":4,"storagedrawers:oak_full_drawers_4":1,"thermal:apatite_ore":10,"minecraft:crafting_table":5,"minecraft:cornflower":1,"create:water_wheel":3,"minecraft:campfire":1,"expcaves:cave_vine":1,"railways:track_spruce":5,"minecraft:copper_ore":19,"minecraft:tall_grass":4,"minecraft:deepslate_coal_ore":27,"minecraft:deepslate_gold_ore":13,"minecraft:lapis_ore":28,"minecraft:diorite":17,"supplementaries:urn":6,"create:mechanical_saw":2,"farmersdelight:skillet":2,"forbidden_arcanus:xpetrified_ore":11,"expcaves:treasure_amphora":4,"create:display_board":4,"tconstruct:skyroot_log":1,"quark:deepslate_furnace":1,"minecraft:coal_ore":108,"minecraft:gravel":3,"minecraft:cobweb":16,"expcaves:diorite_tall_stalagmite":1,"thermal:deepslate_niter_ore":1,"ae2:deepslate_quartz_ore":2,"minecraft:stone_bricks":5,"create:andesite_funnel":3,"minecraft:gold_ore":4,"create:andesite_encased_shaft":2,"forbidden_arcanus:runic_deepslate":1},"minecraft:dropped":{"minecraft:nether_brick_stairs":2,"farmersdelight:iron_knife":1,"occultism:datura_seeds":1,"minecraft:lapis_lazuli":7,"minecraft:oak_log":102,"minecraft:glass_bottle":2,"create:cogwheel":67,"supplementaries:slingshot":1,"minecraft:music_disc_11":1,"minecraft:emerald":7,"minecraft:dirt":8,"minecraft:cornflower":1,"create:crushed_raw_nickel":12,"gravestone:obituary":5,"thermal:copper_dust":21,"minecraft:sand":23,"create:iron_sheet":4,"create:large_cogwheel":60,"minecraft:iron_pickaxe":1,"minecraft:white_wool":9,"minecraft:bone":67,"minecraft:gravel":1,"minecraft:stone_axe":2,"create:crushed_raw_copper":27,"minecraft:cobbled_deepslate":13,"create:crushed_raw_lead":17,"minecraft:rotten_flesh":4,"minecraft:oak_planks":1,"minecraft:azure_bluet":1,"biomesoplenty:white_sand":8,"minecraft:poppy":2,"thermal:lead_dust":99,"minecraft:ladder":41,"create:limestone":10,"minecraft:iron_bars":1,"expcaves:andesite_pebble":15,"create:andesite_alloy":61,"thermal:silver_coin":2,"minecraft:iron_ingot":53,"minecraft:water_bucket":1,"minecraft:bread":11,"minecraft:wheat_seeds":33,"minecraft:mossy_cobblestone":1,"expcaves:sediment_stone":3,"minecraft:diamond_leggings":1,"ae2:sky_stone_block":3,"minecraft:cobblestone":23,"minecraft:granite":5,"minecraft:stick":5,"create:crushed_raw_gold":4,"create:andesite_casing":11,"minecraft:oxeye_daisy":2,"biomesoplenty:orange_sand":3,"minecraft:diorite":4,"thermal:nickel_dust":18,"minecraft:iron_axe":2,"reliquary:rib_bone":1,"minecraft:dandelion":11,"minecraft:redstone":3,"create:shaft":121,"create:crushed_raw_zinc":36,"tconstruct:skyroot_log":2,"minecraft:clay_ball":29,"minecraft:iron_boots":1,"sophisticatedbackpacks:backpack":1,"thermal:gold_dust":12,"kubejs:zinc_dust":165,"minecraft:shield":2,"minecraft:diamond_pickaxe":2,"minecraft:andesite":5,"kubejs:kinetic_mechanism":80,"minecraft:stone_pickaxe":3,"minecraft:wooden_pickaxe":1,"create:andesite_funnel":3},"minecraft:picked_up":{"minecraft:smithing_table":1,"farmersdelight:rice_panicle":1,"create:wrench":1,"minecraft:nether_brick":1,"kubejs:kinetic_mechanism":32,"forbidden_arcanus:xpetrified_orb":11,"minecraft:string":18,"tconstruct:smeltery_controller":1,"create:limestone":15,"minecraft:red_nether_bricks":2,"minecraft:iron_leggings":1,"create:andesite_funnel":4,"create:water_wheel":3,"tconstruct:ingot_cast":1,"minecraft:diamond_leggings":1,"create:mechanical_press":1,"minecraft:gold_nugget":1,"minecraft:cobbled_deepslate":63,"farmersdelight:cabbage":1,"minecraft:calcite":4,"farmersdelight:cabbage_seeds":2,"minecraft:furnace":1,"minecraft:tipped_arrow":1,"thermal:silver_coin":9,"minecraft:stick":40,"minecraft:torch":16,"create:andesite_casing":6,"minecraft:diorite":17,"ae2:sky_stone_block":3,"thermal:apatite":80,"kubejs:trade_card_wool":1,"thermal:lead_dust":48,"create:large_cogwheel":65,"farmersdelight:melon_popsicle":1,"minecraft:quartz_block":1,"minecraft:rotten_flesh":14,"thermal:lead_nugget":102,"create:crushed_raw_nickel":6,"occultism:datura":2,"biomesoplenty:pink_cherry_sapling":1,"minecraft:obsidian":1,"minecraft:iron_bars":1,"create:speedometer":1,"minecraft:snowball":36,"minecraft:cobblestone":275,"storagedrawers:oak_full_drawers_4":1,"occultism:datura_seeds":1,"minecraft:cooked_beef":3,"farmersdelight:rice":57,"minecraft:iron_door":1,"minecraft:birch_slab":1,"minecraft:andesite":1020,"minecraft:potato":66,"minecraft:tuff":2,"cb_microblock:iron_saw":1,"supplementaries:slingshot":1,"minecraft:lapis_lazuli":314,"minecraft:dirt":117,"create:encased_chain_drive":2,"minecraft:bone":19,"farmersdelight:iron_knife":1,"minecraft:bow":2,"minecraft:wheat_seeds":34,"forbidden_arcanus:rune":1,"tconstruct:seared_table":1,"create:shaft":75,"create:super_glue":1,"minecraft:oak_planks":11,"kubejs:zinc_dust":57,"create:cogwheel":12,"create:crushed_raw_lead":22,"minecraft:sand":35,"minecraft:nether_brick_stairs":3,"minecraft:mossy_cobblestone":1,"minecraft:diamond":4,"thermal:device_tree_extractor":2,"minecraft:granite":6,"minecraft:bone_meal":1,"supplementaries:copper_lantern":4,"minecraft:emerald":7,"minecraft:chainmail_helmet":1,"minecraft:diamond_pickaxe":2,"minecraft:oak_sapling":52,"minecraft:netherrack":4,"create:white_sail":1,"cb_microblock:stone_rod":1,"minecraft:charcoal":2,"minecraft:crafting_table":5,"minecraft:azure_bluet":1,"minecraft:ladder":41,"minecraft:clay_ball":193,"thermal:cinnabar":16,"tconstruct:skyroot_log":1,"expcaves:lavastone":4,"minecraft:chain":1,"minecraft:shield":2,"minecraft:cornflower":1,"minecraft:iron_axe":1,"minecraft:beef":15,"thermal:niter":5,"minecraft:poppy":2,"minecraft:sugar_cane":19,"minecraft:egg":1,"minecraft:sandstone":3,"reliquary:rib_bone":1,"create:crushed_raw_zinc":27,"sophisticatedbackpacks:backpack":1,"quark:deepslate_furnace":1,"minecraft:music_disc_11":1,"create:hand_crank":1,"minecraft:carrot":10,"minecraft:redstone":1,"railways:track_tieless":7,"thermal:nickel_nugget":36,"minecraft:arrow":10,"expcaves:andesite_pebble":15,"ae2:certus_quartz_dust":12,"minecraft:nether_bricks":23,"minecraft:diamond_boots":2,"minecraft:hay_block":19,"biomesoplenty:orange_sand":2,"minecraft:mutton":19,"forbidden_arcanus:spawner_scrap":7,"minecraft:white_wool":23,"minecraft:oxeye_daisy":2,"biomesoplenty:white_sand":8,"create:iron_sheet":8,"create:crushed_raw_gold":17,"minecraft:glow_ink_sac":1,"storagedrawers:upgrade_template":1,"minecraft:leather":9,"minecraft:oak_log":318,"minecraft:gunpowder":5,"farmersdelight:skillet":2,"create:crushed_raw_iron":107,"minecraft:stone_bricks":8,"minecraft:apple":11,"minecraft:kelp":79,"kubejs:andesite_machine":2,"expcaves:stone_pebble":5,"minecraft:iron_ingot":36,"minecraft:stone_pickaxe":2,"minecraft:glass_bottle":1,"create:mechanical_saw":7,"minecraft:book":6,"minecraft:oak_slab":6,"minecraft:dandelion":11,"minecraft:gravel":3,"minecraft:birch_stairs":1,"minecraft:white_bed":1,"create:display_board":4,"quark:oak_chest":3,"minecraft:spider_eye":1,"rubber_duck:rubber_duck_item":2,"forbidden_arcanus:arcane_crystal":1,"create:brass_hand":4,"expcaves:sediment_stone":4,"minecraft:stone_axe":1,"create:zinc_nugget":217,"create:crushed_raw_copper":33,"railways:track_spruce":5,"expcaves:deepslate_pebble":1,"create:portable_storage_interface":1,"thermal:ruby":2,"minecraft:damaged_anvil":1,"minecraft:coal":186},"minecraft:custom":{"lootr:looted_stat":43,"minecraft:interact_with_crafting_table":91,"minecraft:open_barrel":4,"minecraft:leave_game":6,"minecraft:time_since_death":25093,"minecraft:sprint_one_cm":803411,"minecraft:damage_blocked_by_shield":160,"minecraft:drop":170,"minecraft:talked_to_villager":2,"minecraft:play_time":395305,"minecraft:deaths":6,"minecraft:jump":4409,"minecraft:walk_on_water_one_cm":45582,"minecraft:enchant_item":8,"minecraft:interact_with_furnace":92,"minecraft:sleep_in_bed":9,"minecraft:damage_dealt":12216,"minecraft:player_kills":1,"minecraft:crouch_one_cm":30308,"minecraft:interact_with_smoker":13,"minecraft:interact_with_smithing_table":8,"minecraft:interact_with_anvil":1,"minecraft:mob_kills":78,"minecraft:inspect_hopper":7,"minecraft:climb_one_cm":9272,"minecraft:walk_one_cm":878958,"minecraft:damage_dealt_absorbed":80,"minecraft:sneak_time":14940,"minecraft:walk_under_water_one_cm":25628,"minecraft:total_world_time":395305,"minecraft:interact_with_grindstone":7,"minecraft:pot_flower":1,"minecraft:interact_with_stonecutter":6,"minecraft:time_since_rest":9988,"minecraft:damage_taken":6350,"minecraft:damage_absorbed":443,"minecraft:swim_one_cm":101459,"minecraft:fly_one_cm":818711,"minecraft:open_chest":356,"minecraft:fall_one_cm":94399},"minecraft:used":{"create:deployer":4,"supplementaries:copper_lantern":4,"minecraft:writable_book":2,"minecraft:iron_shovel":57,"create:portable_storage_interface":3,"minecraft:shield":3,"minecraft:iron_sword":151,"supplementaries:globe":1,"create:white_sail":21,"create:cogwheel":33,"minecraft:nether_bricks":1,"minecraft:carrot":8,"minecraft:snowball":26,"expcaves:stone_pebble":5,"quark:deepslate_furnace":2,"farmersdelight:melon_popsicle":2,"create:millstone":1,"create:andesite_funnel":5,"supplementaries:bomb_blue":2,"minecraft:stone_bricks":49,"minecraft:bow":1,"create:shaft":2,"minecraft:oak_sapling":45,"minecraft:furnace":2,"minecraft:cooked_cod":1,"minecraft:egg":1,"minecraft:potato":42,"forbidden_arcanus:edelwood_bucket":3,"minecraft:damaged_anvil":1,"railways:track_spruce":5,"minecraft:stone_pickaxe":99,"minecraft:oak_planks":23,"minecraft:wooden_pickaxe":5,"minecraft:sandstone":3,"minecraft:diamond_axe":6,"minecraft:sugar_cane":19,"create:mechanical_saw":7,"minecraft:golden_apple":5,"thermal:device_tree_extractor":2,"kubejs:andesite_machine":1,"minecraft:bread":59,"minecraft:diamond_sword":62,"create:basin":1,"minecraft:smithing_table":1,"biomesoplenty:pink_cherry_sapling":1,"minecraft:andesite":11,"minecraft:chain":1,"minecraft:bone_meal":69,"create:large_cogwheel":14,"create:limestone":5,"expcaves:lavastone":4,"tconstruct:skyroot_log":11,"minecraft:cooked_salmon":2,"minecraft:torch":235,"minecraft:dirt":19,"decorative_blocks:oak_palisade":6,"railways:track_tieless":3,"minecraft:granite":1,"minecraft:nether_brick_stairs":1,"create:chute":5,"minecraft:iron_hoe":36,"expcaves:sediment_stone":1,"create:wrench":16,"create:builders_tea":1,"create:light_gray_toolbox":1,"minecraft:iron_axe":214,"minecraft:iron_boots":1,"minecraft:golden_carrot":5,"farmersdelight:cooking_pot":1,"minecraft:cooked_beef":4,"minecraft:cobbled_deepslate":2,"minecraft:cooked_mutton":3,"minecraft:water_bucket":36,"farmersdelight:skillet":6,"forbidden_arcanus:edelwood_lava_bucket":3,"minecraft:glass_bottle":1,"minecraft:baked_potato":23,"minecraft:stonecutter":1,"supplementaries:slingshot":1,"minecraft:oak_slab":8,"create:encased_fan":1,"minecraft:crafting_table":5,"minecraft:white_bed":1,"occultism:datura":2,"minecraft:smoker":1,"minecraft:oak_log":2,"minecraft:flower_pot":1,"minecraft:diamond_pickaxe":1663,"minecraft:apple":10,"minecraft:diamond_shovel":101,"create:mechanical_press":2,"create:windmill_bearing":1,"tconstruct:seared_table":1,"minecraft:iron_pickaxe":212,"create:water_wheel":2,"create:large_water_wheel":2,"minecraft:stone_axe":45,"storagedrawers:oak_full_drawers_4":2,"minecraft:cobblestone":76,"minecraft:potion":2,"rubber_duck:rubber_duck_item":1,"minecraft:bucket":38,"quark:oak_chest":17,"minecraft:kelp":49},"minecraft:killed":{"minecraft:spider":6,"minecraft:skeleton":13,"minecraft:silverfish":3,"minecraft:creeper":2,"minecraft:sheep":15,"minecraft:zombie":25,"minecraft:stray":2,"minecraft:glow_squid":1,"minecraft:cow":7,"minecraft:horse":1,"minecraft:wither_skeleton":2,"minecraft:enderman":1}},"DataVersion":2975}