{"stats":{"minecraft:custom":{"lootr:looted_stat":2,"minecraft:mob_kills":18,"minecraft:interact_with_crafting_table":22,"minecraft:open_barrel":1,"minecraft:leave_game":2,"minecraft:time_since_death":52359,"minecraft:sprint_one_cm":126815,"minecraft:walk_one_cm":142564,"minecraft:drop":11,"minecraft:play_time":60897,"minecraft:deaths":2,"minecraft:sneak_time":2501,"minecraft:walk_under_water_one_cm":1228,"minecraft:jump":892,"minecraft:walk_on_water_one_cm":7276,"minecraft:total_world_time":60897,"minecraft:interact_with_furnace":16,"minecraft:pot_flower":1,"minecraft:time_since_rest":52411,"minecraft:damage_taken":1345,"minecraft:damage_dealt":2309,"minecraft:swim_one_cm":22592,"minecraft:fly_one_cm":168338,"minecraft:open_chest":11,"minecraft:crouch_one_cm":5999,"minecraft:interact_with_smoker":2,"minecraft:fall_one_cm":17133},"minecraft:killed":{"minecraft:spider":2,"minecraft:skeleton":2,"minecraft:sheep":9,"minecraft:zombie":2,"minecraft:cow":3},"minecraft:crafted":{"minecraft:oak_planks":68,"minecraft:iron_nugget":42,"minecraft:furnace":1,"quark:deepslate_furnace":1,"minecraft:iron_axe":1,"minecraft:stone_pickaxe":1,"minecraft:smoker":1,"minecraft:crafting_table":1,"minecraft:wooden_pickaxe":1,"minecraft:iron_sword":1,"minecraft:cooked_salmon":9,"minecraft:snowball":10,"minecraft:stone_axe":1,"minecraft:air":0,"minecraft:diamond_pickaxe":1,"minecraft:gold_nugget":27,"minecraft:stick":20,"quark:oak_chest":3,"minecraft:iron_ingot":8,"minecraft:iron_pickaxe":1,"minecraft:gold_ingot":4,"minecraft:torch":44},"minecraft:mined":{"expcaves:treasure_pot":4,"minecraft:white_bed":1,"thermal:cinnabar_ore":6,"minecraft:deepslate_diamond_ore":4,"farmersdelight:wild_carrots":6,"expcaves:small_treasure_pot":8,"gravestone:gravestone":1,"minecraft:grass_block":4,"supplementaries:copper_lantern":1,"forbidden_arcanus:deepslate_arcane_crystal_ore":1,"minecraft:furnace":1,"minecraft:iron_ore":35,"minecraft:andesite":34,"minecraft:deepslate_lapis_ore":9,"minecraft:deepslate_iron_ore":13,"ae2:quartz_ore":1,"minecraft:stone":93,"expcaves:lavastone":3,"supplementaries:wall_lantern":1,"expcaves:broken_deepslate":1,"minecraft:crafting_table":2,"thermal:apatite_ore":1,"minecraft:torch":3,"minecraft:tall_grass":3,"minecraft:copper_ore":1,"minecraft:deepslate_coal_ore":25,"thermal:deepslate_lead_ore":6,"minecraft:lapis_ore":6,"minecraft:deepslate_gold_ore":9,"minecraft:sugar_cane":2,"minecraft:wall_torch":2,"supplementaries:urn":5,"forbidden_arcanus:xpetrified_ore":2,"expcaves:treasure_amphora":4,"expcaves:sediment_stone":1,"quark:deepslate_furnace":1,"minecraft:grass":13,"minecraft:coal_ore":7,"minecraft:oak_log":21,"minecraft:dirt":12,"minecraft:cobweb":16,"ae2:deepslate_quartz_ore":1,"expcaves:cave_vine_end":1,"minecraft:oak_leaves":7,"minecraft:deepslate":34},"minecraft:picked_up":{"minecraft:crafting_table":2,"thermal:cinnabar":8,"minecraft:nether_brick":1,"expcaves:lavastone":3,"minecraft:chain":1,"forbidden_arcanus:xpetrified_orb":2,"minecraft:string":16,"minecraft:gold_nugget":1,"minecraft:cobbled_deepslate":33,"minecraft:beef":9,"minecraft:sugar_cane":5,"minecraft:furnace":1,"thermal:silver_coin":9,"minecraft:stick":11,"minecraft:torch":5,"quark:deepslate_furnace":1,"minecraft:carrot":5,"minecraft:redstone":1,"thermal:apatite":6,"farmersdelight:melon_popsicle":1,"minecraft:arrow":2,"minecraft:rotten_flesh":3,"ae2:certus_quartz_dust":10,"biomesoplenty:pink_cherry_sapling":1,"minecraft:mutton":12,"minecraft:cobblestone":94,"minecraft:white_wool":9,"minecraft:cooked_beef":3,"farmersdelight:rice":1,"create:crushed_raw_gold":9,"minecraft:iron_door":1,"minecraft:andesite":33,"minecraft:leather":3,"minecraft:oak_log":21,"minecraft:lapis_lazuli":95,"supplementaries:slingshot":1,"minecraft:dirt":16,"minecraft:bone":6,"create:crushed_raw_iron":48,"minecraft:apple":1,"minecraft:bow":1,"minecraft:wheat_seeds":2,"minecraft:stone_pickaxe":2,"create:crushed_raw_lead":6,"minecraft:white_bed":1,"minecraft:spider_eye":1,"forbidden_arcanus:arcane_crystal":1,"rubber_duck:rubber_duck_item":1,"minecraft:diamond":4,"expcaves:sediment_stone":1,"create:zinc_nugget":1,"create:crushed_raw_copper":1,"minecraft:bone_meal":1,"supplementaries:copper_lantern":3,"expcaves:deepslate_pebble":1,"minecraft:oak_sapling":12,"minecraft:coal":57},"minecraft:dropped":{"minecraft:wheat_seeds":1,"supplementaries:slingshot":1,"gravestone:obituary":1,"minecraft:iron_pickaxe":1,"minecraft:stone_axe":1,"minecraft:stone_pickaxe":3,"minecraft:wooden_pickaxe":1,"thermal:silver_coin":2},"minecraft:killed_by":{"minecraft:creeper":1,"minecraft:zombie":1},"minecraft:used":{"minecraft:writable_book":2,"supplementaries:copper_lantern":3,"minecraft:iron_sword":32,"expcaves:lavastone":3,"minecraft:cooked_salmon":2,"minecraft:torch":42,"minecraft:dirt":7,"minecraft:carrot":6,"minecraft:snowball":26,"expcaves:sediment_stone":1,"quark:deepslate_furnace":1,"create:builders_tea":1,"farmersdelight:melon_popsicle":2,"minecraft:golden_carrot":2,"minecraft:furnace":1,"minecraft:oak_sapling":8,"minecraft:cooked_cod":1,"minecraft:cooked_beef":3,"minecraft:cobbled_deepslate":2,"minecraft:cooked_mutton":3,"minecraft:glass_bottle":1,"minecraft:stone_pickaxe":99,"minecraft:wooden_pickaxe":5,"minecraft:sugar_cane":5,"supplementaries:slingshot":1,"minecraft:crafting_table":2,"minecraft:white_bed":1,"minecraft:smoker":1,"minecraft:flower_pot":1,"minecraft:apple":1,"minecraft:iron_pickaxe":212,"minecraft:stone_axe":45,"minecraft:cobblestone":12,"minecraft:potion":1,"biomesoplenty:pink_cherry_sapling":1,"minecraft:andesite":5,"minecraft:chain":1,"quark:oak_chest":3}},"DataVersion":2975}