{"stats":{"minecraft:killed":{"minecraft:cave_spider":1,"minecraft:skeleton":17,"minecraft:magma_cube":27,"minecraft:zombie":30,"minecraft:glow_squid":1,"minecraft:cow":7,"minecraft:endermite":1,"minecraft:horse":1,"minecraft:enderman":1,"minecraft:spider":7,"minecraft:silverfish":3,"minecraft:piglin":5,"minecraft:creeper":2,"minecraft:sheep":15,"minecraft:ghast":2,"minecraft:stray":2,"minecraft:blaze":14,"minecraft:wither_skeleton":3},"minecraft:mined":{"minecraft:white_bed":1,"thermal:cinnabar_ore":16,"minecraft:red_nether_bricks":2,"minecraft:obsidian":2,"minecraft:granite":19,"thermal:deepslate_ruby_ore":2,"minecraft:hopper":1,"minecraft:oxeye_daisy":1,"minecraft:spawner":25,"minecraft:polished_blackstone_bricks":1,"minecraft:tall_seagrass":1,"minecraft:magma_block":8,"create:speedometer":1,"minecraft:cobbled_deepslate":1,"minecraft:fire":49,"tconstruct:cobalt_ore":31,"minecraft:deepslate_lapis_ore":13,"minecraft:nether_brick_stairs":2,"farmersdelight:rice_panicles":1,"create:mechanical_press":1,"create:limestone":20,"minecraft:tripwire":1,"expcaves:broken_deepslate":2,"create:cogwheel":14,"minecraft:kelp_plant":22,"minecraft:torch":6,"minecraft:nether_brick_slab":3,"thermal:deepslate_lead_ore":24,"thermal:energy_duct":1,"minecraft:sugar_cane":9,"minecraft:damaged_anvil":1,"create:basin":1,"create:portable_storage_interface":1,"forbidden_arcanus:darkstone":6,"tconstruct:seared_faucet":5,"create:mechanical_mixer":1,"expcaves:sediment_stone":4,"thermal:niter_ore":10,"minecraft:grass":99,"create:hand_crank":1,"minecraft:smooth_basalt":3,"expcaves:cave_vine_end":1,"minecraft:deepslate":127,"thermal:deepslate_cinnabar_ore":1,"create:zinc_ore":21,"minecraft:mossy_cobblestone":1,"minecraft:nether_brick_wall":2,"farmersdelight:wild_carrots":16,"ae2:charger":1,"minecraft:nether_bricks":34,"minecraft:kelp":45,"railways:track_tieless":9,"create:shaft":3,"forbidden_arcanus:deepslate_arcane_crystal_ore":1,"minecraft:snow":37,"storagedrawers:oak_trim":8,"minecraft:andesite":1041,"minecraft:potatoes":6,"minecraft:vine":4,"minecraft:rail":1,"ae2:sky_stone_block":1,"ae2:quartz_ore":8,"supplementaries:wall_lantern":2,"minecraft:smithing_table":1,"minecraft:oak_slab":4,"minecraft:birch_stairs":1,"minecraft:chiseled_nether_bricks":2,"minecraft:soul_sand":5,"quark:oak_chest":3,"minecraft:dandelion":4,"storagedrawers:oak_full_drawers_4":1,"minecraft:cornflower":2,"create:fluid_pipe":2,"create:mechanical_pump":4,"railways:track_spruce":5,"create:water_wheel":3,"minecraft:campfire":1,"expcaves:cave_vine":1,"minecraft:tall_grass":4,"minecraft:copper_ore":31,"minecraft:deepslate_gold_ore":29,"minecraft:diorite":23,"create:mechanical_saw":2,"farmersdelight:skillet":2,"thermal:deepslate_sapphire_ore":9,"expcaves:treasure_amphora":4,"quark:deepslate_furnace":1,"minecraft:gravel":25,"minecraft:cobweb":16,"expcaves:diorite_tall_stalagmite":1,"ae2:deepslate_quartz_ore":4,"minecraft:stone_bricks":5,"create:andesite_funnel":7,"minecraft:gold_ore":5,"create:deepslate_zinc_ore":13,"minecraft:oak_sapling":5,"thermal:sulfur_ore":2,"tconstruct:seared_bricks":2,"minecraft:grass_block":86,"minecraft:cracked_polished_blackstone_bricks":1,"tconstruct:seared_table":2,"tconstruct:seared_ingot_gauge":6,"minecraft:glowstone":1,"minecraft:iron_ore":93,"tconstruct:seared_fuel_tank":5,"minecraft:azure_bluet":1,"expcaves:stone_pebble":1,"minecraft:iron_bars":1,"kubejs:andesite_machine":1,"minecraft:quartz_block":6,"minecraft:blackstone":17,"tconstruct:tinkers_anvil":1,"thermal:lead_ore":17,"minecraft:clay":33,"minecraft:calcite":4,"minecraft:nether_quartz_ore":11,"minecraft:cobblestone":41,"minecraft:oak_planks":9,"minecraft:wall_torch":7,"minecraft:deepslate_copper_ore":5,"minecraft:nether_wart_block":3,"minecraft:tnt":9,"minecraft:oak_log":159,"minecraft:sand":43,"minecraft:dirt":57,"thermal:nickel_ore":6,"create:encased_chain_drive":2,"minecraft:netherrack":788,"minecraft:ancient_debris":6,"minecraft:oak_leaves":32,"expcaves:treasure_pot":4,"minecraft:crying_obsidian":1,"minecraft:tuff":5,"minecraft:deepslate_diamond_ore":8,"expcaves:small_treasure_pot":8,"gravestone:gravestone":7,"create:large_cogwheel":9,"rubber_duck:rubber_duck_block":1,"minecraft:birch_slab":1,"minecraft:sandstone":3,"supplementaries:copper_lantern":1,"minecraft:hay_block":19,"minecraft:furnace":1,"create:white_sail":1,"create:scorchia":1,"minecraft:gold_block":1,"minecraft:nether_brick_fence":1,"minecraft:bookshelf":2,"thermal:device_tree_extractor":2,"minecraft:deepslate_iron_ore":27,"minecraft:stripped_oak_log":1,"minecraft:stone":254,"expcaves:lavastone":10,"randomium:randomium_ore_deepslate":1,"minecraft:basalt":176,"minecraft:crafting_table":5,"thermal:apatite_ore":12,"tconstruct:seared_basin":3,"minecraft:deepslate_coal_ore":27,"minecraft:lapis_ore":29,"supplementaries:urn":6,"create:mechanical_harvester":4,"forbidden_arcanus:xpetrified_ore":11,"create:display_board":4,"tconstruct:skyroot_log":1,"minecraft:coal_ore":148,"thermal:deepslate_niter_ore":2,"create:andesite_encased_shaft":2,"forbidden_arcanus:runic_deepslate":3},"minecraft:used":{"create:deployer":4,"minecraft:writable_book":2,"supplementaries:copper_lantern":4,"create:white_sail":33,"minecraft:snowball":26,"expcaves:stone_pebble":5,"minecraft:lava_bucket":3,"farmersdelight:melon_popsicle":2,"tconstruct:seared_faucet":3,"create:andesite_funnel":19,"supplementaries:bomb_blue":2,"tconstruct:tinkers_anvil":2,"minecraft:bow":13,"create:shaft":2,"minecraft:furnace":2,"minecraft:oak_sapling":46,"minecraft:cooked_cod":1,"minecraft:egg":1,"minecraft:potato":42,"forbidden_arcanus:edelwood_bucket":3,"minecraft:damaged_anvil":1,"minecraft:wooden_pickaxe":5,"forbidden_arcanus:edelwood_suspicious_stew_bucket":2,"minecraft:golden_apple":19,"minecraft:diamond_sword":153,"create:basin":4,"minecraft:smithing_table":1,"biomesoplenty:pink_cherry_sapling":1,"create:limestone":5,"tconstruct:skyroot_log":11,"minecraft:cooked_salmon":2,"minecraft:netherrack":299,"minecraft:torch":306,"minecraft:nether_quartz_ore":2,"minecraft:nether_brick_stairs":1,"create:wrench":56,"minecraft:iron_axe":214,"minecraft:basalt":13,"farmersdelight:cooking_pot":1,"create:fluid_pipe":5,"minecraft:cobbled_deepslate":41,"minecraft:water_bucket":50,"create:encased_fan":1,"minecraft:oak_slab":8,"minecraft:crafting_table":5,"supplementaries:bomb":3,"minecraft:white_bed":1,"occultism:datura":2,"minecraft:oak_log":16,"minecraft:diamond_pickaxe":2806,"minecraft:diamond_shovel":170,"tconstruct:seared_table":1,"minecraft:iron_pickaxe":212,"create:water_wheel":2,"minecraft:cobblestone":106,"minecraft:potion":2,"storagedrawers:oak_full_drawers_4":2,"rubber_duck:rubber_duck_item":1,"quark:oak_chest":18,"minecraft:kelp":113,"minecraft:iron_shovel":57,"create:portable_storage_interface":7,"minecraft:shield":46,"minecraft:iron_sword":151,"minecraft:iron_chestplate":1,"tconstruct:seared_fuel_tank":5,"supplementaries:globe":1,"create:cogwheel":57,"minecraft:nether_bricks":2,"minecraft:carrot":14,"minecraft:obsidian":1,"quark:deepslate_furnace":2,"create:millstone":1,"minecraft:stone_bricks":49,"railways:track_spruce":5,"minecraft:diamond_boots":1,"minecraft:stone_pickaxe":99,"minecraft:oak_planks":23,"minecraft:ender_pearl":12,"minecraft:sandstone":3,"minecraft:diamond_axe":54,"minecraft:sugar_cane":19,"create:mechanical_saw":7,"thermal:device_tree_extractor":2,"kubejs:andesite_machine":1,"minecraft:bread":59,"minecraft:string":1,"storagedrawers:oak_trim":8,"minecraft:andesite":11,"minecraft:chain":1,"minecraft:bone_meal":69,"create:large_cogwheel":27,"storagedrawers:oak_full_drawers_1":1,"expcaves:lavastone":4,"tconstruct:seared_ingot_gauge":5,"create:mechanical_pump":6,"minecraft:dirt":28,"create:mechanical_mixer":1,"minecraft:hopper":2,"decorative_blocks:oak_palisade":6,"tconstruct:seared_bricks":2,"railways:track_tieless":3,"minecraft:granite":1,"create:chute":5,"minecraft:iron_hoe":36,"expcaves:sediment_stone":1,"create:builders_tea":1,"create:light_gray_toolbox":1,"minecraft:iron_boots":1,"minecraft:golden_carrot":5,"minecraft:cooked_beef":5,"minecraft:cooked_mutton":3,"farmersdelight:skillet":6,"forbidden_arcanus:edelwood_lava_bucket":3,"minecraft:glass_bottle":1,"minecraft:baked_potato":96,"minecraft:stonecutter":1,"supplementaries:slingshot":1,"create:mechanical_harvester":8,"tconstruct:seared_basin":3,"minecraft:painting":6,"minecraft:smoker":1,"minecraft:flower_pot":1,"minecraft:apple":10,"create:mechanical_press":2,"create:windmill_bearing":2,"create:large_water_wheel":2,"minecraft:stone_axe":45,"minecraft:bucket":53,"create:hand_crank":3,"minecraft:chainmail_leggings":1},"minecraft:picked_up":{"minecraft:iron_chestplate":1,"minecraft:smithing_table":1,"farmersdelight:rice_panicle":1,"create:wrench":2,"kubejs:kinetic_mechanism":32,"forbidden_arcanus:xpetrified_orb":11,"minecraft:string":22,"tconstruct:smeltery_controller":1,"create:limestone":27,"minecraft:red_nether_bricks":2,"create:water_wheel":3,"tconstruct:ingot_cast":4,"minecraft:diamond_leggings":1,"minecraft:gold_nugget":1,"minecraft:cobbled_deepslate":190,"create:andesite_casing":6,"tconstruct:seared_faucet":5,"minecraft:chiseled_nether_bricks":2,"kubejs:trade_card_wool":1,"thermal:apatite":99,"farmersdelight:melon_popsicle":1,"create:crushed_raw_nickel":14,"minecraft:blaze_rod":11,"biomesoplenty:pink_cherry_sapling":1,"minecraft:iron_bars":1,"minecraft:snowball":36,"storagedrawers:oak_full_drawers_4":1,"minecraft:magma_block":6,"expcaves:granite_pebble":3,"minecraft:cooked_beef":7,"farmersdelight:rice":57,"minecraft:iron_door":1,"minecraft:birch_slab":1,"reliquary:molten_core":2,"tconstruct:pick_head":3,"minecraft:flint":1,"supplementaries:slingshot":1,"create:encased_chain_drive":2,"thermal:sapphire":13,"forbidden_arcanus:rune":3,"tconstruct:seared_table":2,"create:shaft":75,"create:super_glue":1,"kubejs:zinc_dust":167,"create:crushed_raw_lead":45,"ae2:certus_quartz_crystal":2,"tconstruct:seared_ingot_gauge":6,"sophisticatedbackpacks:iron_backpack":1,"minecraft:granite":19,"minecraft:chainmail_helmet":1,"sophisticatedbackpacks:gold_backpack":1,"minecraft:diamond_pickaxe":5,"create:copper_sheet":2,"minecraft:crafting_table":5,"minecraft:nether_wart":16,"minecraft:clay_ball":193,"tconstruct:tinkers_anvil":1,"expcaves:lavastone":11,"gravestone:obituary":2,"minecraft:cornflower":2,"create:fluid_pipe":2,"create:scorchia":2,"minecraft:beef":15,"thermal:niter":92,"minecraft:poppy":2,"minecraft:egg":1,"minecraft:sandstone":3,"reliquary:rib_bone":1,"create:crushed_raw_zinc":45,"tconstruct:pickaxe":2,"sophisticatedbackpacks:backpack":1,"minecraft:carrot":19,"minecraft:redstone":1,"railways:track_tieless":7,"minecraft:tnt":9,"thermal:nickel_nugget":36,"expcaves:andesite_pebble":15,"minecraft:diamond_boots":2,"minecraft:hay_block":19,"minecraft:mutton":19,"minecraft:rail":1,"biomesoplenty:orange_sand":2,"minecraft:white_wool":23,"minecraft:oxeye_daisy":2,"create:iron_sheet":8,"biomesoplenty:white_sand":8,"create:crushed_raw_gold":36,"tconstruct:seared_fuel_tank":5,"minecraft:oak_log":352,"minecraft:ancient_debris":6,"minecraft:golden_boots":1,"farmersdelight:skillet":2,"tconstruct:seared_brick":5,"create:crushed_raw_iron":123,"minecraft:stone_bricks":8,"minecraft:apple":12,"minecraft:kelp":100,"kubejs:andesite_machine":2,"minecraft:stone_pickaxe":2,"minecraft:glass_bottle":1,"minecraft:iron_sword":1,"forbidden_arcanus:darkstone":1,"create:mechanical_saw":7,"minecraft:smooth_basalt":4,"minecraft:gravel":23,"minecraft:birch_stairs":1,"rubber_duck:rubber_duck_item":2,"forbidden_arcanus:arcane_crystal":1,"create:brass_hand":4,"minecraft:stone_axe":1,"tconstruct:cobalt_ore":31,"minecraft:painting":6,"minecraft:diamond_axe":1,"create:mechanical_pump":4,"railways:track_spruce":5,"create:portable_storage_interface":1,"minecraft:hopper":1,"minecraft:ender_pearl":12,"minecraft:nether_brick_fence":1,"minecraft:nether_brick":1,"minecraft:iron_leggings":2,"create:andesite_funnel":8,"thermal:sulfur":11,"create:mechanical_press":1,"farmersdelight:cabbage":1,"minecraft:calcite":4,"minecraft:iron_pickaxe":2,"minecraft:furnace":1,"farmersdelight:cabbage_seeds":2,"minecraft:iron_boots":1,"minecraft:tipped_arrow":1,"thermal:silver_coin":9,"minecraft:stick":44,"create:mechanical_mixer":1,"minecraft:torch":22,"minecraft:diorite":19,"ae2:sky_stone_block":3,"create:large_cogwheel":68,"thermal:lead_dust":48,"minecraft:quartz_block":1,"minecraft:rotten_flesh":19,"thermal:lead_nugget":102,"occultism:datura":2,"minecraft:obsidian":2,"minecraft:cobblestone":350,"create:speedometer":1,"tconstruct:seared_bricks":2,"occultism:datura_seeds":2,"minecraft:magma_cream":3,"minecraft:andesite":1030,"minecraft:potato":213,"minecraft:tuff":5,"minecraft:lapis_lazuli":330,"cb_microblock:iron_saw":1,"minecraft:dirt":145,"minecraft:bone":22,"farmersdelight:iron_knife":1,"minecraft:bow":8,"minecraft:wheat_seeds":34,"minecraft:oak_planks":13,"create:cogwheel":14,"minecraft:poisonous_potato":3,"minecraft:sand":65,"minecraft:nether_brick_stairs":3,"minecraft:mossy_cobblestone":1,"minecraft:diamond":11,"tconstruct:seared_basin":4,"thermal:device_tree_extractor":2,"minecraft:cracked_polished_blackstone_bricks":1,"minecraft:bone_meal":1,"supplementaries:copper_lantern":4,"minecraft:emerald":7,"minecraft:oak_sapling":66,"minecraft:netherrack":867,"create:white_sail":1,"cb_microblock:stone_rod":1,"minecraft:charcoal":2,"minecraft:azure_bluet":1,"minecraft:ladder":41,"thermal:cinnabar":34,"tconstruct:skyroot_log":1,"minecraft:gold_block":1,"minecraft:chain":1,"minecraft:shield":4,"thermal:iron_dust":1,"create:mechanical_harvester":4,"minecraft:iron_axe":2,"minecraft:blackstone":55,"create:basin":1,"minecraft:sugar_cane":19,"storagedrawers:oak_trim":8,"tconstruct:raw_cobalt":101,"minecraft:copper_ingot":25,"minecraft:polished_blackstone_bricks":2,"quark:deepslate_furnace":1,"minecraft:music_disc_11":1,"create:hand_crank":4,"minecraft:weeping_vines":18,"minecraft:arrow":12,"tconstruct:grout":20,"ae2:certus_quartz_dust":49,"minecraft:nether_bricks":31,"minecraft:nether_brick_wall":2,"forbidden_arcanus:spawner_scrap":12,"minecraft:basalt":166,"minecraft:golden_carrot":1,"minecraft:glow_ink_sac":1,"storagedrawers:upgrade_template":1,"minecraft:leather":9,"minecraft:gunpowder":6,"minecraft:nether_wart_block":3,"expcaves:stone_pebble":8,"minecraft:iron_ingot":36,"minecraft:soul_sand":6,"minecraft:book":6,"minecraft:oak_slab":6,"minecraft:nether_quartz_ore":11,"minecraft:dandelion":11,"minecraft:quartz":57,"minecraft:white_bed":1,"create:display_board":4,"quark:oak_chest":3,"minecraft:spider_eye":1,"expcaves:sediment_stone":4,"create:zinc_nugget":217,"create:crushed_raw_copper":47,"minecraft:iron_helmet":1,"expcaves:deepslate_pebble":6,"thermal:ruby":2,"minecraft:damaged_anvil":1,"minecraft:coal":259},"minecraft:killed_by":{"minecraft:zombie":2,"minecraft:wither_skeleton":1,"minecraft:creeper":2,"minecraft:player":1},"minecraft:broken":{"minecraft:iron_chestplate":1,"minecraft:chainmail_helmet":1,"minecraft:shield":1},"minecraft:crafted":{"tconstruct:pick_head":1,"quark:deepslate_furnace":1,"create:andesite_funnel":8,"create:cogwheel":259,"architects_palette:algal_brick":493,"minecraft:diamond_axe":1,"tconstruct:blank_sand_cast":12,"storagedrawers:oak_full_drawers_1":1,"tconstruct:tool_handle":1,"quark:oak_chest":24,"minecraft:iron_pickaxe":1,"minecraft:gold_ingot":4,"minecraft:sandstone":3,"create:large_cogwheel":41,"create:propeller":1,"kubejs:kinetic_mechanism":160,"storagedrawers:upgrade_template":6,"minecraft:golden_carrot":2,"minecraft:iron_nugget":270,"create:white_sail":32,"minecraft:bone_meal":69,"minecraft:ender_pearl":8,"minecraft:stone_pickaxe":1,"kubejs:andesite_machine":14,"create:windmill_bearing":1,"minecraft:wheat":171,"cb_microblock:stone_rod":3,"tconstruct:tinkers_anvil":1,"tconstruct:sky_slime":3,"sophisticatedbackpacks:gold_backpack":1,"minecraft:bone":10,"minecraft:snowball":10,"minecraft:golden_apple":2,"thermal:lead_ingot":11,"tconstruct:pick_head_sand_cast":3,"create:zinc_block":3,"minecraft:iron_shovel":1,"create:shaft":384,"tconstruct:grout":38,"minecraft:oak_planks":956,"create:andesite_casing":78,"minecraft:stone":3,"create:mechanical_harvester":4,"tconstruct:tool_binding":3,"minecraft:hopper":1,"minecraft:smoker":1,"minecraft:oak_slab":6,"sophisticatedbackpacks:backpack":1,"minecraft:crafting_table":1,"minecraft:baked_potato":98,"create:fluid_pipe":4,"minecraft:wooden_pickaxe":1,"thermal:nickel_ingot":4,"minecraft:diamond_pickaxe":1,"create:portable_storage_interface":4,"minecraft:stick":240,"minecraft:iron_ingot":72,"tconstruct:seared_bricks":4,"thermal:cured_rubber":4,"tconstruct:pickaxe":17,"tconstruct:pattern":3,"tconstruct:tool_handle_sand_cast":3,"minecraft:furnace":1,"minecraft:iron_axe":1,"minecraft:iron_hoe":1,"create:basin":3,"sophisticatedbackpacks:iron_backpack":1,"storagedrawers:oak_trim":28,"minecraft:magma_cream":6,"cb_microblock:iron_saw":1,"create:andesite_alloy":510,"minecraft:iron_sword":1,"create:large_water_wheel":2,"minecraft:cooked_salmon":9,"architects_palette:algal_blend":540,"minecraft:bucket":2,"minecraft:stone_axe":1,"minecraft:bread":57,"minecraft:air":0,"minecraft:gold_nugget":45,"decorative_blocks:oak_palisade":6,"storagedrawers:gold_storage_upgrade":6,"minecraft:stonecutter":1,"minecraft:torch":292,"create:zinc_ingot":42,"minecraft:lapis_block":14},"minecraft:dropped":{"farmersdelight:iron_knife":1,"minecraft:iron_sword":1,"occultism:datura_seeds":2,"minecraft:lapis_lazuli":7,"minecraft:glass_bottle":2,"minecraft:weeping_vines":18,"create:cogwheel":67,"minecraft:rail":1,"minecraft:emerald":7,"minecraft:dirt":16,"minecraft:gold_nugget":7,"minecraft:sand":27,"minecraft:iron_pickaxe":1,"minecraft:white_wool":9,"minecraft:bone":68,"tconstruct:pickaxe":3,"minecraft:stone_axe":2,"create:crushed_raw_copper":27,"minecraft:iron_nugget":420,"minecraft:cobbled_deepslate":79,"create:crushed_raw_lead":17,"minecraft:rotten_flesh":8,"minecraft:oak_planks":4,"minecraft:nether_brick_fence":1,"minecraft:azure_bluet":1,"thermal:lead_dust":99,"create:wrench":1,"minecraft:ladder":41,"create:limestone":22,"expcaves:stone_pebble":3,"expcaves:andesite_pebble":15,"thermal:silver_coin":2,"minecraft:golden_boots":1,"minecraft:iron_ingot":54,"minecraft:wheat_seeds":33,"expcaves:sediment_stone":3,"minecraft:iron_helmet":1,"minecraft:cobblestone":39,"minecraft:apple":1,"minecraft:granite":18,"create:andesite_casing":13,"minecraft:oxeye_daisy":2,"expcaves:granite_pebble":3,"thermal:nickel_dust":18,"forbidden_arcanus:edelwood_bucket":1,"minecraft:iron_shovel":1,"reliquary:rib_bone":1,"minecraft:clay_ball":29,"minecraft:iron_boots":2,"thermal:gold_dust":12,"sophisticatedbackpacks:backpack":1,"minecraft:nether_bricks":4,"minecraft:diamond_pickaxe":5,"thermal:iron_dust":2,"minecraft:bow":4,"minecraft:magma_block":5,"create:andesite_funnel":3,"minecraft:nether_brick_stairs":2,"minecraft:oak_log":102,"supplementaries:slingshot":1,"minecraft:music_disc_11":1,"minecraft:flint":1,"create:fluid_pipe":2,"minecraft:cornflower":1,"create:crushed_raw_nickel":12,"gravestone:obituary":10,"thermal:copper_dust":21,"create:iron_sheet":4,"create:large_cogwheel":60,"minecraft:gravel":2,"tconstruct:cobalt_ore":31,"minecraft:blackstone":43,"biomesoplenty:white_sand":8,"tconstruct:grout":58,"minecraft:poppy":2,"tconstruct:pick_head":3,"minecraft:gunpowder":1,"thermal:cinnabar":18,"expcaves:deepslate_pebble":5,"minecraft:basalt":78,"minecraft:iron_bars":1,"minecraft:quartz":29,"minecraft:netherrack":64,"create:andesite_alloy":98,"minecraft:water_bucket":1,"minecraft:bread":11,"minecraft:mossy_cobblestone":1,"minecraft:poisonous_potato":1,"minecraft:diamond_leggings":1,"ae2:sky_stone_block":3,"minecraft:copper_ingot":52,"minecraft:nether_brick_wall":2,"tconstruct:seared_basin":1,"minecraft:stick":5,"create:crushed_raw_gold":4,"biomesoplenty:orange_sand":3,"minecraft:diorite":6,"minecraft:iron_leggings":2,"minecraft:iron_axe":4,"minecraft:dandelion":11,"minecraft:smooth_basalt":3,"minecraft:redstone":3,"create:shaft":121,"create:crushed_raw_zinc":36,"minecraft:tuff":1,"tconstruct:skyroot_log":2,"kubejs:zinc_dust":330,"minecraft:shield":2,"minecraft:iron_chestplate":1,"minecraft:andesite":5,"minecraft:oak_sapling":2,"tconstruct:seared_brick":5,"kubejs:kinetic_mechanism":80,"minecraft:slime_ball":3,"minecraft:stone_pickaxe":3,"minecraft:wooden_pickaxe":1},"minecraft:custom":{"minecraft:interact_with_crafting_table":103,"minecraft:open_barrel":4,"minecraft:leave_game":6,"minecraft:time_since_death":21980,"minecraft:damage_blocked_by_shield":1215,"minecraft:play_time":624930,"minecraft:deaths":9,"minecraft:jump":7021,"minecraft:enchant_item":8,"minecraft:interact_with_furnace":98,"minecraft:sleep_in_bed":13,"minecraft:damage_dealt":18663,"minecraft:interact_with_smoker":18,"minecraft:interact_with_smithing_table":8,"minecraft:interact_with_anvil":2,"minecraft:inspect_hopper":12,"minecraft:damage_dealt_absorbed":80,"minecraft:sneak_time":26311,"minecraft:interact_with_blast_furnace":1,"minecraft:total_world_time":624930,"minecraft:interact_with_stonecutter":7,"minecraft:time_since_rest":22001,"minecraft:swim_one_cm":110265,"minecraft:fly_one_cm":1216237,"minecraft:open_chest":493,"minecraft:fall_one_cm":158285,"lootr:looted_stat":62,"minecraft:sprint_one_cm":1154074,"minecraft:drop":270,"minecraft:talked_to_villager":2,"minecraft:walk_on_water_one_cm":80072,"minecraft:player_kills":1,"minecraft:crouch_one_cm":57668,"minecraft:mob_kills":142,"minecraft:climb_one_cm":10542,"minecraft:walk_one_cm":1286121,"minecraft:walk_under_water_one_cm":51035,"minecraft:pot_flower":1,"minecraft:interact_with_grindstone":7,"minecraft:damage_absorbed":922,"minecraft:damage_taken":11531}},"DataVersion":2975}