{"stats":{"minecraft:killed_by":{"minecraft:creeper":2,"minecraft:zombie":2,"minecraft:player":1},"minecraft:crafted":{"minecraft:oak_planks":916,"create:andesite_casing":76,"create:mechanical_harvester":4,"minecraft:stone":3,"quark:deepslate_furnace":1,"minecraft:hopper":1,"create:andesite_funnel":8,"create:cogwheel":239,"architects_palette:algal_brick":493,"minecraft:smoker":1,"minecraft:oak_slab":6,"sophisticatedbackpacks:backpack":1,"minecraft:diamond_axe":1,"minecraft:crafting_table":1,"minecraft:baked_potato":67,"minecraft:wooden_pickaxe":1,"storagedrawers:oak_full_drawers_1":1,"thermal:nickel_ingot":4,"minecraft:diamond_pickaxe":1,"create:portable_storage_interface":4,"minecraft:stick":220,"quark:oak_chest":24,"minecraft:iron_ingot":27,"minecraft:iron_pickaxe":1,"minecraft:gold_ingot":4,"minecraft:sandstone":3,"create:large_cogwheel":35,"create:propeller":1,"kubejs:kinetic_mechanism":160,"storagedrawers:upgrade_template":6,"thermal:cured_rubber":4,"minecraft:iron_nugget":270,"create:white_sail":32,"minecraft:furnace":1,"minecraft:bone_meal":69,"minecraft:iron_axe":1,"minecraft:iron_hoe":1,"minecraft:stone_pickaxe":1,"kubejs:andesite_machine":14,"create:basin":1,"create:windmill_bearing":1,"storagedrawers:oak_trim":28,"minecraft:wheat":171,"sophisticatedbackpacks:iron_backpack":1,"cb_microblock:iron_saw":1,"create:andesite_alloy":510,"cb_microblock:stone_rod":3,"minecraft:iron_sword":1,"create:large_water_wheel":2,"architects_palette:algal_blend":540,"minecraft:cooked_salmon":9,"sophisticatedbackpacks:gold_backpack":1,"minecraft:bucket":2,"minecraft:snowball":10,"minecraft:bone":10,"minecraft:stone_axe":1,"minecraft:bread":57,"minecraft:air":0,"minecraft:golden_apple":2,"minecraft:gold_nugget":27,"thermal:lead_ingot":11,"storagedrawers:gold_storage_upgrade":6,"decorative_blocks:oak_palisade":6,"minecraft:iron_shovel":1,"minecraft:stonecutter":1,"create:shaft":320,"minecraft:torch":228,"create:zinc_ingot":24},"minecraft:broken":{"minecraft:chainmail_helmet":1,"minecraft:shield":1},"minecraft:mined":{"minecraft:white_bed":1,"minecraft:oak_sapling":4,"thermal:cinnabar_ore":10,"minecraft:red_nether_bricks":2,"minecraft:obsidian":2,"minecraft:granite":6,"minecraft:grass_block":78,"thermal:deepslate_ruby_ore":2,"minecraft:cracked_polished_blackstone_bricks":1,"minecraft:oxeye_daisy":1,"minecraft:spawner":23,"tconstruct:seared_table":1,"minecraft:tall_seagrass":1,"minecraft:magma_block":8,"minecraft:glowstone":1,"create:speedometer":1,"minecraft:iron_ore":86,"minecraft:cobbled_deepslate":1,"minecraft:fire":49,"tconstruct:cobalt_ore":31,"minecraft:deepslate_lapis_ore":13,"minecraft:nether_brick_stairs":2,"minecraft:azure_bluet":1,"minecraft:iron_bars":1,"farmersdelight:rice_panicles":1,"create:mechanical_press":1,"kubejs:andesite_machine":1,"create:limestone":8,"expcaves:broken_deepslate":2,"create:cogwheel":12,"minecraft:quartz_block":6,"minecraft:blackstone":16,"minecraft:kelp_plant":22,"thermal:lead_ore":7,"minecraft:clay":33,"minecraft:torch":6,"minecraft:calcite":4,"minecraft:nether_quartz_ore":10,"minecraft:cobblestone":39,"thermal:deepslate_lead_ore":15,"minecraft:sugar_cane":9,"minecraft:oak_planks":9,"minecraft:damaged_anvil":1,"minecraft:wall_torch":7,"minecraft:deepslate_copper_ore":5,"create:portable_storage_interface":1,"expcaves:sediment_stone":4,"minecraft:grass":96,"minecraft:oak_log":159,"create:hand_crank":1,"minecraft:sand":15,"minecraft:dirt":45,"minecraft:smooth_basalt":3,"create:encased_chain_drive":2,"minecraft:ancient_debris":6,"minecraft:netherrack":620,"expcaves:cave_vine_end":1,"minecraft:oak_leaves":31,"minecraft:deepslate":61,"thermal:deepslate_cinnabar_ore":1,"create:zinc_ore":21,"minecraft:crying_obsidian":1,"expcaves:treasure_pot":4,"minecraft:tuff":2,"minecraft:mossy_cobblestone":1,"minecraft:deepslate_diamond_ore":4,"minecraft:nether_brick_wall":2,"farmersdelight:wild_carrots":7,"expcaves:small_treasure_pot":8,"gravestone:gravestone":5,"minecraft:nether_bricks":32,"create:large_cogwheel":6,"rubber_duck:rubber_duck_block":1,"minecraft:birch_slab":1,"minecraft:kelp":45,"minecraft:sandstone":3,"railways:track_tieless":9,"supplementaries:copper_lantern":1,"minecraft:hay_block":19,"create:shaft":3,"forbidden_arcanus:deepslate_arcane_crystal_ore":1,"minecraft:furnace":1,"minecraft:snow":37,"create:scorchia":1,"create:white_sail":1,"storagedrawers:oak_trim":8,"minecraft:andesite":1030,"minecraft:gold_block":1,"minecraft:nether_brick_fence":1,"minecraft:bookshelf":2,"thermal:device_tree_extractor":2,"minecraft:deepslate_iron_ore":21,"minecraft:vine":4,"minecraft:rail":1,"minecraft:stripped_oak_log":1,"ae2:sky_stone_block":1,"minecraft:stone":200,"ae2:quartz_ore":1,"expcaves:lavastone":4,"supplementaries:wall_lantern":2,"minecraft:smithing_table":1,"minecraft:oak_slab":4,"minecraft:birch_stairs":1,"minecraft:soul_sand":5,"quark:oak_chest":3,"randomium:randomium_ore_deepslate":1,"minecraft:basalt":135,"minecraft:dandelion":4,"storagedrawers:oak_full_drawers_4":1,"thermal:apatite_ore":10,"minecraft:crafting_table":5,"minecraft:cornflower":1,"create:water_wheel":3,"minecraft:campfire":1,"expcaves:cave_vine":1,"railways:track_spruce":5,"minecraft:copper_ore":19,"minecraft:tall_grass":4,"minecraft:deepslate_coal_ore":27,"minecraft:deepslate_gold_ore":13,"minecraft:lapis_ore":28,"minecraft:diorite":17,"supplementaries:urn":6,"create:mechanical_saw":2,"farmersdelight:skillet":2,"create:mechanical_harvester":4,"forbidden_arcanus:xpetrified_ore":11,"expcaves:treasure_amphora":4,"create:display_board":4,"tconstruct:skyroot_log":1,"quark:deepslate_furnace":1,"minecraft:coal_ore":108,"minecraft:gravel":4,"minecraft:cobweb":16,"expcaves:diorite_tall_stalagmite":1,"thermal:deepslate_niter_ore":1,"ae2:deepslate_quartz_ore":2,"minecraft:stone_bricks":5,"create:andesite_funnel":7,"minecraft:gold_ore":4,"create:andesite_encased_shaft":2,"forbidden_arcanus:runic_deepslate":1},"minecraft:dropped":{"minecraft:nether_brick_stairs":2,"farmersdelight:iron_knife":1,"minecraft:iron_sword":1,"occultism:datura_seeds":1,"minecraft:lapis_lazuli":7,"minecraft:oak_log":102,"minecraft:glass_bottle":2,"minecraft:weeping_vines":18,"create:cogwheel":67,"supplementaries:slingshot":1,"minecraft:rail":1,"minecraft:music_disc_11":1,"minecraft:emerald":7,"minecraft:dirt":8,"minecraft:cornflower":1,"create:crushed_raw_nickel":12,"gravestone:obituary":6,"thermal:copper_dust":21,"minecraft:sand":23,"create:iron_sheet":4,"create:large_cogwheel":60,"minecraft:iron_pickaxe":1,"minecraft:white_wool":9,"minecraft:bone":67,"minecraft:blackstone":43,"minecraft:gravel":2,"minecraft:stone_axe":2,"create:crushed_raw_copper":27,"minecraft:cobbled_deepslate":77,"create:crushed_raw_lead":17,"minecraft:rotten_flesh":4,"minecraft:oak_planks":4,"minecraft:nether_brick_fence":1,"minecraft:azure_bluet":1,"biomesoplenty:white_sand":8,"minecraft:poppy":2,"thermal:lead_dust":99,"minecraft:gunpowder":1,"minecraft:ladder":41,"create:limestone":10,"minecraft:basalt":78,"minecraft:iron_bars":1,"minecraft:netherrack":64,"expcaves:andesite_pebble":15,"create:andesite_alloy":61,"thermal:silver_coin":2,"minecraft:iron_ingot":53,"minecraft:water_bucket":1,"minecraft:bread":11,"minecraft:wheat_seeds":33,"minecraft:mossy_cobblestone":1,"expcaves:sediment_stone":3,"minecraft:diamond_leggings":1,"ae2:sky_stone_block":3,"minecraft:iron_helmet":1,"minecraft:cobblestone":39,"minecraft:granite":5,"minecraft:nether_brick_wall":2,"minecraft:stick":5,"create:crushed_raw_gold":4,"create:andesite_casing":11,"minecraft:oxeye_daisy":2,"biomesoplenty:orange_sand":3,"minecraft:diorite":4,"thermal:nickel_dust":18,"minecraft:iron_leggings":1,"forbidden_arcanus:edelwood_bucket":1,"minecraft:iron_axe":3,"minecraft:smooth_basalt":3,"reliquary:rib_bone":1,"minecraft:dandelion":11,"minecraft:redstone":3,"create:shaft":121,"create:crushed_raw_zinc":36,"tconstruct:skyroot_log":2,"minecraft:clay_ball":29,"minecraft:iron_boots":2,"sophisticatedbackpacks:backpack":1,"thermal:gold_dust":12,"minecraft:nether_bricks":4,"kubejs:zinc_dust":165,"minecraft:shield":2,"minecraft:iron_chestplate":1,"minecraft:diamond_pickaxe":2,"minecraft:andesite":5,"kubejs:kinetic_mechanism":80,"minecraft:magma_block":5,"minecraft:stone_pickaxe":3,"minecraft:wooden_pickaxe":1,"create:andesite_funnel":3},"minecraft:custom":{"lootr:looted_stat":54,"minecraft:interact_with_crafting_table":94,"minecraft:open_barrel":4,"minecraft:leave_game":6,"minecraft:time_since_death":97093,"minecraft:sprint_one_cm":954046,"minecraft:damage_blocked_by_shield":810,"minecraft:drop":197,"minecraft:talked_to_villager":2,"minecraft:play_time":467305,"minecraft:deaths":6,"minecraft:jump":5485,"minecraft:walk_on_water_one_cm":63058,"minecraft:enchant_item":8,"minecraft:interact_with_furnace":95,"minecraft:sleep_in_bed":9,"minecraft:damage_dealt":15442,"minecraft:player_kills":1,"minecraft:crouch_one_cm":41891,"minecraft:interact_with_smoker":14,"minecraft:interact_with_smithing_table":8,"minecraft:interact_with_anvil":2,"minecraft:mob_kills":126,"minecraft:inspect_hopper":9,"minecraft:climb_one_cm":10458,"minecraft:walk_one_cm":1039248,"minecraft:damage_dealt_absorbed":80,"minecraft:sneak_time":20438,"minecraft:walk_under_water_one_cm":41199,"minecraft:total_world_time":467305,"minecraft:interact_with_grindstone":7,"minecraft:pot_flower":1,"minecraft:interact_with_stonecutter":7,"minecraft:time_since_rest":81988,"minecraft:damage_taken":8166,"minecraft:damage_absorbed":483,"minecraft:swim_one_cm":104214,"minecraft:fly_one_cm":989704,"minecraft:open_chest":379,"minecraft:fall_one_cm":120132},"minecraft:picked_up":{"minecraft:iron_chestplate":1,"minecraft:nether_brick_fence":1,"minecraft:smithing_table":1,"farmersdelight:rice_panicle":1,"create:wrench":1,"minecraft:nether_brick":1,"kubejs:kinetic_mechanism":32,"forbidden_arcanus:xpetrified_orb":11,"minecraft:string":18,"tconstruct:smeltery_controller":1,"create:limestone":15,"minecraft:red_nether_bricks":2,"minecraft:iron_leggings":2,"create:andesite_funnel":8,"create:water_wheel":3,"tconstruct:ingot_cast":1,"minecraft:diamond_leggings":1,"create:mechanical_press":1,"minecraft:gold_nugget":1,"minecraft:cobbled_deepslate":127,"farmersdelight:cabbage":1,"minecraft:calcite":4,"minecraft:iron_pickaxe":1,"minecraft:iron_boots":1,"farmersdelight:cabbage_seeds":2,"minecraft:furnace":1,"minecraft:tipped_arrow":1,"thermal:silver_coin":9,"minecraft:stick":40,"minecraft:torch":21,"create:andesite_casing":6,"minecraft:diorite":17,"ae2:sky_stone_block":3,"thermal:apatite":80,"kubejs:trade_card_wool":1,"thermal:lead_dust":48,"create:large_cogwheel":65,"farmersdelight:melon_popsicle":1,"minecraft:quartz_block":1,"minecraft:rotten_flesh":14,"thermal:lead_nugget":102,"create:crushed_raw_nickel":6,"occultism:datura":2,"minecraft:blaze_rod":1,"biomesoplenty:pink_cherry_sapling":1,"minecraft:obsidian":2,"minecraft:iron_bars":1,"create:speedometer":1,"minecraft:snowball":36,"minecraft:cobblestone":292,"storagedrawers:oak_full_drawers_4":1,"occultism:datura_seeds":1,"minecraft:magma_block":6,"minecraft:magma_cream":3,"minecraft:cooked_beef":3,"farmersdelight:rice":57,"minecraft:iron_door":1,"minecraft:birch_slab":1,"minecraft:andesite":1020,"minecraft:potato":98,"minecraft:tuff":2,"cb_microblock:iron_saw":1,"supplementaries:slingshot":1,"minecraft:lapis_lazuli":314,"minecraft:dirt":124,"create:encased_chain_drive":2,"minecraft:bone":20,"farmersdelight:iron_knife":1,"minecraft:bow":2,"minecraft:wheat_seeds":34,"forbidden_arcanus:rune":1,"tconstruct:seared_table":1,"create:shaft":75,"create:super_glue":1,"minecraft:oak_planks":13,"kubejs:zinc_dust":57,"create:cogwheel":12,"create:crushed_raw_lead":22,"minecraft:poisonous_potato":2,"minecraft:sand":35,"minecraft:nether_brick_stairs":3,"minecraft:mossy_cobblestone":1,"minecraft:diamond":4,"thermal:device_tree_extractor":2,"minecraft:cracked_polished_blackstone_bricks":1,"minecraft:granite":6,"minecraft:bone_meal":1,"supplementaries:copper_lantern":4,"minecraft:emerald":7,"minecraft:chainmail_helmet":1,"minecraft:diamond_pickaxe":2,"minecraft:oak_sapling":52,"minecraft:netherrack":748,"create:white_sail":1,"cb_microblock:stone_rod":1,"minecraft:charcoal":2,"minecraft:crafting_table":5,"minecraft:azure_bluet":1,"minecraft:nether_wart":16,"minecraft:ladder":41,"minecraft:clay_ball":193,"thermal:cinnabar":16,"tconstruct:skyroot_log":1,"minecraft:gold_block":1,"gravestone:obituary":1,"expcaves:lavastone":4,"minecraft:chain":1,"minecraft:shield":3,"create:mechanical_harvester":4,"minecraft:cornflower":1,"minecraft:iron_axe":2,"create:scorchia":2,"minecraft:blackstone":54,"minecraft:beef":15,"thermal:niter":5,"minecraft:poppy":2,"minecraft:sugar_cane":19,"minecraft:egg":1,"storagedrawers:oak_trim":8,"minecraft:sandstone":3,"reliquary:rib_bone":1,"create:crushed_raw_zinc":27,"sophisticatedbackpacks:backpack":1,"quark:deepslate_furnace":1,"minecraft:music_disc_11":1,"create:hand_crank":1,"minecraft:carrot":10,"minecraft:redstone":1,"railways:track_tieless":7,"thermal:nickel_nugget":36,"minecraft:weeping_vines":18,"minecraft:arrow":10,"expcaves:andesite_pebble":15,"ae2:certus_quartz_dust":12,"minecraft:nether_bricks":31,"minecraft:diamond_boots":2,"minecraft:hay_block":19,"minecraft:rail":1,"minecraft:nether_brick_wall":2,"biomesoplenty:orange_sand":2,"minecraft:mutton":19,"forbidden_arcanus:spawner_scrap":11,"minecraft:white_wool":23,"minecraft:oxeye_daisy":2,"biomesoplenty:white_sand":8,"create:iron_sheet":8,"minecraft:basalt":166,"minecraft:golden_carrot":1,"create:crushed_raw_gold":17,"minecraft:glow_ink_sac":1,"storagedrawers:upgrade_template":1,"minecraft:leather":9,"minecraft:oak_log":347,"minecraft:ancient_debris":6,"minecraft:golden_boots":1,"minecraft:gunpowder":6,"farmersdelight:skillet":2,"create:crushed_raw_iron":107,"minecraft:stone_bricks":8,"minecraft:apple":11,"minecraft:kelp":100,"kubejs:andesite_machine":2,"expcaves:stone_pebble":5,"minecraft:iron_ingot":36,"minecraft:stone_pickaxe":2,"minecraft:glass_bottle":1,"minecraft:iron_sword":1,"minecraft:soul_sand":6,"create:mechanical_saw":7,"minecraft:book":6,"minecraft:oak_slab":6,"minecraft:smooth_basalt":4,"minecraft:nether_quartz_ore":10,"minecraft:dandelion":11,"minecraft:gravel":4,"minecraft:birch_stairs":1,"minecraft:white_bed":1,"create:display_board":4,"quark:oak_chest":3,"minecraft:spider_eye":1,"rubber_duck:rubber_duck_item":2,"forbidden_arcanus:arcane_crystal":1,"create:brass_hand":4,"minecraft:iron_helmet":1,"expcaves:sediment_stone":4,"minecraft:stone_axe":1,"create:zinc_nugget":217,"tconstruct:cobalt_ore":31,"create:crushed_raw_copper":33,"railways:track_spruce":5,"expcaves:deepslate_pebble":1,"create:portable_storage_interface":1,"thermal:ruby":2,"minecraft:damaged_anvil":1,"minecraft:coal":186,"minecraft:ender_pearl":12},"minecraft:used":{"create:deployer":4,"supplementaries:copper_lantern":4,"minecraft:writable_book":2,"minecraft:iron_shovel":57,"create:portable_storage_interface":7,"minecraft:shield":36,"minecraft:iron_sword":151,"supplementaries:globe":1,"create:white_sail":33,"create:cogwheel":33,"minecraft:nether_bricks":2,"minecraft:carrot":8,"minecraft:snowball":26,"minecraft:obsidian":1,"expcaves:stone_pebble":5,"quark:deepslate_furnace":2,"farmersdelight:melon_popsicle":2,"create:millstone":1,"create:andesite_funnel":19,"supplementaries:bomb_blue":2,"minecraft:stone_bricks":49,"minecraft:bow":12,"create:shaft":2,"minecraft:oak_sapling":45,"minecraft:furnace":2,"minecraft:cooked_cod":1,"minecraft:egg":1,"minecraft:potato":42,"forbidden_arcanus:edelwood_bucket":3,"minecraft:damaged_anvil":1,"railways:track_spruce":5,"minecraft:stone_pickaxe":99,"minecraft:oak_planks":23,"minecraft:wooden_pickaxe":5,"minecraft:sandstone":3,"minecraft:diamond_axe":25,"minecraft:sugar_cane":19,"forbidden_arcanus:edelwood_suspicious_stew_bucket":2,"create:mechanical_saw":7,"minecraft:golden_apple":8,"thermal:device_tree_extractor":2,"kubejs:andesite_machine":1,"minecraft:bread":59,"storagedrawers:oak_trim":8,"minecraft:diamond_sword":140,"create:basin":1,"minecraft:smithing_table":1,"biomesoplenty:pink_cherry_sapling":1,"minecraft:andesite":11,"minecraft:chain":1,"storagedrawers:oak_full_drawers_1":1,"minecraft:bone_meal":69,"create:large_cogwheel":14,"create:limestone":5,"expcaves:lavastone":4,"tconstruct:skyroot_log":11,"minecraft:cooked_salmon":2,"minecraft:netherrack":139,"minecraft:torch":246,"minecraft:dirt":25,"minecraft:hopper":1,"decorative_blocks:oak_palisade":6,"minecraft:nether_quartz_ore":2,"railways:track_tieless":3,"minecraft:granite":1,"minecraft:nether_brick_stairs":1,"create:chute":5,"minecraft:iron_hoe":36,"expcaves:sediment_stone":1,"create:wrench":37,"create:builders_tea":1,"create:light_gray_toolbox":1,"minecraft:iron_axe":214,"minecraft:iron_boots":1,"minecraft:basalt":13,"minecraft:golden_carrot":5,"farmersdelight:cooking_pot":1,"minecraft:cooked_beef":4,"minecraft:cobbled_deepslate":2,"minecraft:cooked_mutton":3,"minecraft:water_bucket":38,"farmersdelight:skillet":6,"forbidden_arcanus:edelwood_lava_bucket":3,"minecraft:glass_bottle":1,"minecraft:baked_potato":58,"minecraft:stonecutter":1,"supplementaries:slingshot":1,"supplementaries:bomb":3,"create:mechanical_harvester":8,"minecraft:oak_slab":8,"create:encased_fan":1,"minecraft:crafting_table":5,"minecraft:white_bed":1,"occultism:datura":2,"minecraft:smoker":1,"minecraft:oak_log":16,"minecraft:flower_pot":1,"minecraft:diamond_pickaxe":2539,"minecraft:apple":10,"minecraft:diamond_shovel":109,"create:mechanical_press":2,"create:windmill_bearing":2,"tconstruct:seared_table":1,"minecraft:iron_pickaxe":212,"create:water_wheel":2,"create:large_water_wheel":2,"minecraft:stone_axe":45,"storagedrawers:oak_full_drawers_4":2,"minecraft:cobblestone":76,"minecraft:potion":2,"rubber_duck:rubber_duck_item":1,"minecraft:bucket":40,"quark:oak_chest":18,"minecraft:kelp":113},"minecraft:killed":{"minecraft:spider":6,"minecraft:skeleton":14,"minecraft:silverfish":3,"minecraft:magma_cube":27,"minecraft:piglin":4,"minecraft:creeper":2,"minecraft:sheep":15,"minecraft:zombie":26,"minecraft:ghast":1,"minecraft:stray":2,"minecraft:glow_squid":1,"minecraft:blaze":11,"minecraft:cow":7,"minecraft:horse":1,"minecraft:wither_skeleton":2,"minecraft:enderman":1}},"DataVersion":2975}