{"stats":{"minecraft:used":{"supplementaries:copper_lantern":4,"minecraft:writable_book":2,"minecraft:iron_shovel":57,"minecraft:shield":3,"minecraft:iron_sword":151,"supplementaries:globe":1,"create:cogwheel":16,"minecraft:nether_bricks":1,"minecraft:carrot":6,"minecraft:snowball":26,"expcaves:stone_pebble":5,"quark:deepslate_furnace":2,"farmersdelight:melon_popsicle":2,"create:millstone":1,"supplementaries:bomb_blue":1,"minecraft:stone_bricks":49,"create:shaft":1,"minecraft:oak_sapling":41,"minecraft:furnace":2,"minecraft:cooked_cod":1,"minecraft:egg":1,"minecraft:damaged_anvil":1,"railways:track_spruce":5,"minecraft:stone_pickaxe":99,"minecraft:oak_planks":23,"minecraft:wooden_pickaxe":5,"minecraft:sandstone":3,"minecraft:sugar_cane":19,"create:mechanical_saw":1,"minecraft:golden_apple":5,"thermal:device_tree_extractor":2,"kubejs:andesite_machine":1,"minecraft:bread":59,"minecraft:diamond_sword":23,"create:basin":1,"minecraft:smithing_table":1,"biomesoplenty:pink_cherry_sapling":1,"minecraft:andesite":5,"minecraft:chain":1,"create:large_cogwheel":6,"create:limestone":5,"expcaves:lavastone":4,"minecraft:cooked_salmon":2,"minecraft:torch":199,"minecraft:dirt":12,"decorative_blocks:oak_palisade":6,"railways:track_tieless":3,"minecraft:nether_brick_stairs":1,"expcaves:sediment_stone":1,"create:builders_tea":1,"create:light_gray_toolbox":1,"minecraft:iron_axe":209,"minecraft:iron_boots":1,"minecraft:golden_carrot":5,"minecraft:cooked_beef":3,"minecraft:cobbled_deepslate":2,"minecraft:cooked_mutton":3,"minecraft:water_bucket":14,"farmersdelight:skillet":3,"minecraft:glass_bottle":1,"minecraft:stonecutter":1,"supplementaries:slingshot":1,"minecraft:oak_slab":8,"create:encased_fan":1,"minecraft:crafting_table":5,"minecraft:white_bed":1,"minecraft:smoker":1,"minecraft:oak_log":2,"minecraft:flower_pot":1,"minecraft:diamond_pickaxe":868,"minecraft:apple":9,"minecraft:diamond_shovel":26,"create:mechanical_press":2,"minecraft:iron_pickaxe":212,"create:large_water_wheel":2,"minecraft:stone_axe":45,"minecraft:cobblestone":41,"minecraft:potion":2,"rubber_duck:rubber_duck_item":1,"minecraft:bucket":16,"quark:oak_chest":13,"minecraft:kelp":49},"minecraft:mined":{"minecraft:white_bed":1,"minecraft:oak_sapling":1,"thermal:cinnabar_ore":10,"minecraft:red_nether_bricks":2,"minecraft:obsidian":1,"minecraft:granite":5,"minecraft:grass_block":19,"thermal:deepslate_ruby_ore":2,"minecraft:spawner":18,"create:speedometer":1,"minecraft:iron_ore":79,"minecraft:cobbled_deepslate":1,"minecraft:fire":1,"minecraft:deepslate_lapis_ore":13,"minecraft:nether_brick_stairs":2,"minecraft:iron_bars":1,"create:mechanical_press":1,"kubejs:andesite_machine":1,"create:limestone":8,"expcaves:broken_deepslate":2,"create:cogwheel":4,"minecraft:quartz_block":6,"minecraft:kelp_plant":20,"thermal:lead_ore":7,"minecraft:clay":33,"minecraft:torch":3,"minecraft:calcite":4,"minecraft:cobblestone":23,"thermal:deepslate_lead_ore":15,"minecraft:sugar_cane":9,"minecraft:oak_planks":9,"minecraft:damaged_anvil":1,"minecraft:wall_torch":6,"minecraft:deepslate_copper_ore":5,"expcaves:sediment_stone":4,"minecraft:grass":33,"minecraft:oak_log":155,"create:hand_crank":1,"minecraft:sand":15,"minecraft:dirt":31,"create:encased_chain_drive":2,"minecraft:netherrack":2,"expcaves:cave_vine_end":1,"minecraft:oak_leaves":28,"minecraft:deepslate":61,"create:zinc_ore":9,"thermal:deepslate_cinnabar_ore":1,"expcaves:treasure_pot":4,"minecraft:tuff":2,"minecraft:mossy_cobblestone":1,"minecraft:deepslate_diamond_ore":4,"farmersdelight:wild_carrots":6,"expcaves:small_treasure_pot":8,"gravestone:gravestone":3,"minecraft:nether_bricks":23,"create:large_cogwheel":1,"rubber_duck:rubber_duck_block":1,"minecraft:birch_slab":1,"minecraft:kelp":29,"minecraft:sandstone":3,"railways:track_tieless":9,"supplementaries:copper_lantern":1,"minecraft:hay_block":19,"create:shaft":1,"forbidden_arcanus:deepslate_arcane_crystal_ore":1,"minecraft:furnace":1,"minecraft:snow":37,"minecraft:andesite":382,"minecraft:bookshelf":2,"thermal:device_tree_extractor":2,"minecraft:deepslate_iron_ore":21,"minecraft:vine":4,"minecraft:stripped_oak_log":1,"ae2:sky_stone_block":1,"minecraft:stone":170,"ae2:quartz_ore":1,"expcaves:lavastone":4,"supplementaries:wall_lantern":2,"minecraft:smithing_table":1,"minecraft:oak_slab":4,"minecraft:birch_stairs":1,"quark:oak_chest":1,"randomium:randomium_ore_deepslate":1,"thermal:apatite_ore":6,"minecraft:crafting_table":5,"create:water_wheel":1,"minecraft:campfire":1,"expcaves:cave_vine":1,"railways:track_spruce":5,"minecraft:tall_grass":3,"minecraft:copper_ore":1,"minecraft:deepslate_coal_ore":27,"minecraft:deepslate_gold_ore":13,"minecraft:lapis_ore":20,"minecraft:diorite":17,"supplementaries:urn":6,"farmersdelight:skillet":2,"forbidden_arcanus:xpetrified_ore":11,"expcaves:treasure_amphora":4,"create:display_board":4,"quark:deepslate_furnace":1,"minecraft:coal_ore":85,"minecraft:gravel":3,"minecraft:cobweb":16,"expcaves:diorite_tall_stalagmite":1,"thermal:deepslate_niter_ore":1,"ae2:deepslate_quartz_ore":2,"minecraft:stone_bricks":5,"minecraft:gold_ore":4,"create:andesite_encased_shaft":2,"forbidden_arcanus:runic_deepslate":1},"minecraft:custom":{"lootr:looted_stat":43,"minecraft:interact_with_crafting_table":71,"minecraft:open_barrel":4,"minecraft:leave_game":5,"minecraft:time_since_death":105963,"minecraft:sprint_one_cm":649854,"minecraft:damage_blocked_by_shield":160,"minecraft:drop":105,"minecraft:play_time":257031,"minecraft:deaths":4,"minecraft:jump":3177,"minecraft:walk_on_water_one_cm":40461,"minecraft:interact_with_furnace":71,"minecraft:sleep_in_bed":3,"minecraft:damage_dealt":9666,"minecraft:crouch_one_cm":23242,"minecraft:interact_with_smoker":4,"minecraft:interact_with_smithing_table":8,"minecraft:mob_kills":62,"minecraft:climb_one_cm":4100,"minecraft:walk_one_cm":555171,"minecraft:damage_dealt_absorbed":80,"minecraft:sneak_time":11129,"minecraft:walk_under_water_one_cm":18465,"minecraft:total_world_time":257031,"minecraft:pot_flower":1,"minecraft:interact_with_stonecutter":1,"minecraft:time_since_rest":38379,"minecraft:damage_taken":5029,"minecraft:damage_absorbed":426,"minecraft:swim_one_cm":91644,"minecraft:fly_one_cm":603058,"minecraft:open_chest":182,"minecraft:fall_one_cm":63743},"minecraft:killed_by":{"minecraft:creeper":2,"minecraft:zombie":2},"minecraft:killed":{"minecraft:spider":6,"minecraft:skeleton":10,"minecraft:silverfish":3,"minecraft:creeper":1,"minecraft:sheep":14,"minecraft:zombie":15,"minecraft:stray":2,"minecraft:glow_squid":1,"minecraft:cow":7,"minecraft:horse":1,"minecraft:wither_skeleton":2,"minecraft:enderman":1},"minecraft:picked_up":{"minecraft:smithing_table":1,"minecraft:nether_brick":1,"kubejs:kinetic_mechanism":32,"forbidden_arcanus:xpetrified_orb":11,"minecraft:string":18,"create:limestone":15,"minecraft:red_nether_bricks":2,"minecraft:iron_leggings":1,"create:water_wheel":1,"minecraft:diamond_leggings":1,"create:mechanical_press":1,"minecraft:gold_nugget":1,"minecraft:cobbled_deepslate":63,"farmersdelight:cabbage":1,"minecraft:calcite":4,"farmersdelight:cabbage_seeds":2,"minecraft:furnace":1,"minecraft:tipped_arrow":1,"thermal:silver_coin":9,"minecraft:stick":40,"minecraft:torch":11,"create:andesite_casing":6,"minecraft:diorite":17,"ae2:sky_stone_block":3,"thermal:apatite":34,"kubejs:trade_card_wool":1,"create:large_cogwheel":1,"thermal:lead_dust":48,"farmersdelight:melon_popsicle":1,"minecraft:quartz_block":1,"minecraft:rotten_flesh":10,"thermal:lead_nugget":102,"create:crushed_raw_nickel":6,"biomesoplenty:pink_cherry_sapling":1,"minecraft:obsidian":1,"minecraft:iron_bars":1,"create:speedometer":1,"minecraft:snowball":36,"minecraft:cobblestone":191,"minecraft:cooked_beef":3,"farmersdelight:rice":1,"minecraft:iron_door":1,"minecraft:birch_slab":1,"minecraft:andesite":374,"minecraft:tuff":2,"cb_microblock:iron_saw":1,"minecraft:lapis_lazuli":216,"supplementaries:slingshot":1,"minecraft:dirt":50,"create:encased_chain_drive":2,"minecraft:bone":16,"minecraft:bow":2,"minecraft:wheat_seeds":3,"forbidden_arcanus:rune":1,"create:shaft":35,"create:super_glue":1,"minecraft:oak_planks":8,"kubejs:zinc_dust":57,"create:cogwheel":4,"create:crushed_raw_lead":22,"minecraft:sand":17,"minecraft:nether_brick_stairs":3,"minecraft:mossy_cobblestone":1,"minecraft:diamond":4,"thermal:device_tree_extractor":2,"minecraft:granite":5,"minecraft:bone_meal":1,"supplementaries:copper_lantern":4,"minecraft:emerald":7,"minecraft:chainmail_helmet":1,"minecraft:oak_sapling":48,"minecraft:netherrack":4,"cb_microblock:stone_rod":1,"minecraft:charcoal":2,"minecraft:crafting_table":5,"minecraft:clay_ball":164,"thermal:cinnabar":16,"expcaves:lavastone":4,"minecraft:chain":1,"minecraft:shield":2,"minecraft:beef":15,"thermal:niter":5,"minecraft:sugar_cane":19,"minecraft:egg":1,"minecraft:sandstone":3,"create:crushed_raw_zinc":9,"sophisticatedbackpacks:backpack":1,"quark:deepslate_furnace":1,"create:hand_crank":1,"minecraft:carrot":5,"minecraft:redstone":1,"railways:track_tieless":7,"thermal:nickel_nugget":36,"minecraft:arrow":10,"expcaves:andesite_pebble":13,"ae2:certus_quartz_dust":12,"minecraft:nether_bricks":23,"minecraft:diamond_boots":2,"minecraft:hay_block":19,"minecraft:mutton":19,"forbidden_arcanus:spawner_scrap":7,"minecraft:white_wool":23,"create:iron_sheet":8,"create:crushed_raw_gold":17,"minecraft:glow_ink_sac":1,"minecraft:leather":9,"minecraft:oak_log":267,"minecraft:gunpowder":4,"farmersdelight:skillet":2,"minecraft:kelp":79,"create:crushed_raw_iron":100,"minecraft:stone_bricks":8,"minecraft:apple":11,"kubejs:andesite_machine":2,"expcaves:stone_pebble":5,"minecraft:iron_ingot":36,"minecraft:stone_pickaxe":2,"minecraft:glass_bottle":1,"create:mechanical_saw":1,"minecraft:book":6,"minecraft:oak_slab":6,"minecraft:gravel":2,"minecraft:birch_stairs":1,"minecraft:white_bed":1,"create:display_board":4,"quark:oak_chest":1,"minecraft:spider_eye":1,"rubber_duck:rubber_duck_item":2,"forbidden_arcanus:arcane_crystal":1,"create:brass_hand":4,"expcaves:sediment_stone":4,"minecraft:stone_axe":1,"create:zinc_nugget":217,"create:crushed_raw_copper":6,"railways:track_spruce":5,"expcaves:deepslate_pebble":1,"thermal:ruby":2,"minecraft:damaged_anvil":1,"minecraft:coal":137},"minecraft:crafted":{"minecraft:oak_planks":364,"create:andesite_casing":12,"minecraft:stone":3,"quark:deepslate_furnace":1,"create:andesite_funnel":4,"create:cogwheel":111,"architects_palette:algal_brick":225,"minecraft:smoker":1,"minecraft:oak_slab":6,"sophisticatedbackpacks:backpack":1,"minecraft:crafting_table":1,"minecraft:wooden_pickaxe":1,"thermal:nickel_ingot":4,"minecraft:diamond_pickaxe":1,"create:portable_storage_interface":2,"minecraft:stick":120,"quark:oak_chest":13,"minecraft:iron_ingot":19,"minecraft:iron_pickaxe":1,"minecraft:gold_ingot":4,"minecraft:sandstone":3,"create:large_cogwheel":4,"create:propeller":1,"kubejs:kinetic_mechanism":96,"thermal:cured_rubber":4,"minecraft:iron_nugget":180,"create:white_sail":20,"minecraft:furnace":1,"minecraft:iron_axe":1,"minecraft:stone_pickaxe":1,"kubejs:andesite_machine":6,"create:basin":1,"minecraft:wheat":171,"sophisticatedbackpacks:iron_backpack":1,"cb_microblock:iron_saw":1,"create:andesite_alloy":242,"cb_microblock:stone_rod":3,"minecraft:iron_sword":1,"create:large_water_wheel":2,"architects_palette:algal_blend":284,"minecraft:cooked_salmon":9,"sophisticatedbackpacks:gold_backpack":1,"minecraft:bucket":2,"minecraft:bone":10,"minecraft:snowball":10,"minecraft:stone_axe":1,"minecraft:bread":57,"minecraft:air":0,"minecraft:golden_apple":2,"minecraft:gold_nugget":27,"thermal:lead_ingot":11,"decorative_blocks:oak_palisade":6,"minecraft:iron_shovel":1,"minecraft:stonecutter":1,"create:shaft":128,"minecraft:torch":172,"create:zinc_ingot":24},"minecraft:dropped":{"minecraft:nether_brick_stairs":2,"minecraft:lapis_lazuli":7,"minecraft:glass_bottle":2,"create:cogwheel":3,"supplementaries:slingshot":1,"minecraft:emerald":7,"minecraft:dirt":7,"create:crushed_raw_nickel":12,"gravestone:obituary":3,"thermal:copper_dust":21,"create:iron_sheet":4,"minecraft:sand":3,"create:large_cogwheel":1,"minecraft:iron_pickaxe":1,"minecraft:white_wool":9,"minecraft:gravel":1,"minecraft:stone_axe":2,"create:crushed_raw_copper":27,"minecraft:cobbled_deepslate":13,"create:crushed_raw_lead":17,"thermal:lead_dust":99,"create:limestone":10,"minecraft:iron_bars":1,"expcaves:andesite_pebble":13,"create:andesite_alloy":61,"thermal:silver_coin":2,"minecraft:water_bucket":1,"minecraft:iron_ingot":53,"minecraft:bread":11,"minecraft:wheat_seeds":2,"minecraft:mossy_cobblestone":1,"expcaves:sediment_stone":3,"minecraft:diamond_leggings":1,"ae2:sky_stone_block":3,"minecraft:cobblestone":2,"minecraft:granite":5,"minecraft:stick":1,"create:crushed_raw_gold":4,"create:andesite_casing":11,"minecraft:diorite":4,"thermal:nickel_dust":18,"minecraft:redstone":3,"create:shaft":46,"create:crushed_raw_zinc":36,"minecraft:iron_boots":1,"sophisticatedbackpacks:backpack":1,"thermal:gold_dust":12,"kubejs:zinc_dust":165,"minecraft:shield":2,"minecraft:andesite":5,"kubejs:kinetic_mechanism":80,"minecraft:stone_pickaxe":3,"minecraft:wooden_pickaxe":1}},"DataVersion":2975}