{"stats":{"minecraft:killed":{"minecraft:spider":6,"minecraft:skeleton":14,"minecraft:silverfish":3,"minecraft:magma_cube":27,"minecraft:piglin":5,"minecraft:creeper":2,"minecraft:sheep":15,"minecraft:zombie":28,"minecraft:stray":2,"minecraft:ghast":2,"minecraft:glow_squid":1,"minecraft:blaze":14,"minecraft:cow":7,"minecraft:endermite":1,"minecraft:horse":1,"minecraft:wither_skeleton":3,"minecraft:enderman":1},"minecraft:mined":{"minecraft:white_bed":1,"minecraft:oak_sapling":5,"thermal:cinnabar_ore":10,"minecraft:red_nether_bricks":2,"tconstruct:seared_bricks":2,"minecraft:obsidian":2,"minecraft:granite":6,"minecraft:grass_block":86,"thermal:deepslate_ruby_ore":2,"minecraft:cracked_polished_blackstone_bricks":1,"minecraft:hopper":1,"minecraft:oxeye_daisy":1,"minecraft:spawner":25,"tconstruct:seared_table":2,"minecraft:polished_blackstone_bricks":1,"minecraft:tall_seagrass":1,"tconstruct:seared_ingot_gauge":6,"minecraft:magma_block":8,"minecraft:glowstone":1,"create:speedometer":1,"minecraft:iron_ore":86,"minecraft:fire":49,"minecraft:cobbled_deepslate":1,"tconstruct:cobalt_ore":31,"minecraft:deepslate_lapis_ore":13,"tconstruct:seared_fuel_tank":5,"minecraft:azure_bluet":1,"minecraft:nether_brick_stairs":2,"minecraft:iron_bars":1,"farmersdelight:rice_panicles":1,"kubejs:andesite_machine":1,"create:limestone":8,"create:mechanical_press":1,"minecraft:tripwire":1,"expcaves:broken_deepslate":2,"create:cogwheel":14,"minecraft:quartz_block":6,"minecraft:blackstone":17,"minecraft:kelp_plant":22,"minecraft:clay":33,"thermal:lead_ore":7,"minecraft:torch":6,"minecraft:calcite":4,"minecraft:nether_brick_slab":3,"minecraft:nether_quartz_ore":11,"minecraft:cobblestone":41,"thermal:deepslate_lead_ore":15,"thermal:energy_duct":1,"minecraft:oak_planks":9,"minecraft:sugar_cane":9,"minecraft:damaged_anvil":1,"minecraft:wall_torch":7,"minecraft:deepslate_copper_ore":5,"create:basin":1,"create:portable_storage_interface":1,"minecraft:nether_wart_block":3,"tconstruct:seared_faucet":5,"create:mechanical_mixer":1,"expcaves:sediment_stone":4,"minecraft:tnt":9,"minecraft:grass":96,"minecraft:oak_log":159,"create:hand_crank":1,"minecraft:sand":43,"minecraft:dirt":50,"create:encased_chain_drive":2,"minecraft:smooth_basalt":3,"expcaves:cave_vine_end":1,"minecraft:ancient_debris":6,"minecraft:netherrack":788,"minecraft:deepslate":61,"create:zinc_ore":21,"minecraft:oak_leaves":32,"thermal:deepslate_cinnabar_ore":1,"minecraft:crying_obsidian":1,"minecraft:tuff":2,"expcaves:treasure_pot":4,"minecraft:mossy_cobblestone":1,"minecraft:deepslate_diamond_ore":4,"minecraft:nether_brick_wall":2,"farmersdelight:wild_carrots":7,"expcaves:small_treasure_pot":8,"ae2:charger":1,"minecraft:nether_bricks":34,"gravestone:gravestone":6,"create:large_cogwheel":9,"rubber_duck:rubber_duck_block":1,"minecraft:birch_slab":1,"minecraft:kelp":45,"minecraft:sandstone":3,"railways:track_tieless":9,"supplementaries:copper_lantern":1,"minecraft:hay_block":19,"create:shaft":3,"forbidden_arcanus:deepslate_arcane_crystal_ore":1,"minecraft:furnace":1,"minecraft:snow":37,"minecraft:andesite":1030,"create:white_sail":1,"create:scorchia":1,"storagedrawers:oak_trim":8,"minecraft:gold_block":1,"minecraft:nether_brick_fence":1,"minecraft:bookshelf":2,"thermal:device_tree_extractor":2,"minecraft:deepslate_iron_ore":21,"minecraft:vine":4,"minecraft:rail":1,"minecraft:stripped_oak_log":1,"ae2:sky_stone_block":1,"expcaves:lavastone":4,"ae2:quartz_ore":1,"minecraft:stone":204,"supplementaries:wall_lantern":2,"minecraft:smithing_table":1,"minecraft:birch_stairs":1,"minecraft:oak_slab":4,"minecraft:chiseled_nether_bricks":2,"minecraft:soul_sand":5,"quark:oak_chest":3,"randomium:randomium_ore_deepslate":1,"minecraft:basalt":176,"minecraft:dandelion":4,"storagedrawers:oak_full_drawers_4":1,"thermal:apatite_ore":10,"minecraft:crafting_table":5,"minecraft:cornflower":2,"create:fluid_pipe":2,"create:mechanical_pump":4,"tconstruct:seared_basin":3,"minecraft:campfire":1,"create:water_wheel":3,"expcaves:cave_vine":1,"railways:track_spruce":5,"minecraft:copper_ore":19,"minecraft:tall_grass":4,"minecraft:deepslate_coal_ore":27,"minecraft:lapis_ore":28,"minecraft:deepslate_gold_ore":13,"minecraft:diorite":17,"supplementaries:urn":6,"create:mechanical_saw":2,"farmersdelight:skillet":2,"create:mechanical_harvester":4,"forbidden_arcanus:xpetrified_ore":11,"expcaves:treasure_amphora":4,"create:display_board":4,"tconstruct:skyroot_log":1,"quark:deepslate_furnace":1,"minecraft:coal_ore":108,"minecraft:cobweb":16,"expcaves:diorite_tall_stalagmite":1,"minecraft:gravel":25,"thermal:deepslate_niter_ore":1,"ae2:deepslate_quartz_ore":2,"minecraft:stone_bricks":5,"create:andesite_funnel":7,"minecraft:gold_ore":4,"create:andesite_encased_shaft":2,"forbidden_arcanus:runic_deepslate":1},"minecraft:used":{"create:deployer":4,"supplementaries:copper_lantern":4,"minecraft:writable_book":2,"minecraft:iron_shovel":57,"create:portable_storage_interface":7,"minecraft:shield":39,"minecraft:iron_sword":151,"minecraft:iron_chestplate":1,"tconstruct:seared_fuel_tank":5,"supplementaries:globe":1,"create:white_sail":33,"create:cogwheel":57,"minecraft:nether_bricks":2,"minecraft:carrot":8,"minecraft:snowball":26,"minecraft:obsidian":1,"expcaves:stone_pebble":5,"minecraft:lava_bucket":3,"quark:deepslate_furnace":2,"farmersdelight:melon_popsicle":2,"tconstruct:seared_faucet":3,"create:millstone":1,"create:andesite_funnel":19,"supplementaries:bomb_blue":2,"minecraft:stone_bricks":49,"minecraft:bow":13,"create:shaft":2,"minecraft:oak_sapling":46,"minecraft:furnace":2,"minecraft:cooked_cod":1,"minecraft:diamond_boots":1,"minecraft:egg":1,"minecraft:potato":42,"forbidden_arcanus:edelwood_bucket":3,"minecraft:damaged_anvil":1,"railways:track_spruce":5,"minecraft:stone_pickaxe":99,"minecraft:oak_planks":23,"minecraft:ender_pearl":12,"minecraft:wooden_pickaxe":5,"minecraft:sandstone":3,"minecraft:sugar_cane":19,"minecraft:diamond_axe":30,"create:mechanical_saw":7,"forbidden_arcanus:edelwood_suspicious_stew_bucket":2,"minecraft:golden_apple":19,"thermal:device_tree_extractor":2,"kubejs:andesite_machine":1,"minecraft:bread":59,"minecraft:string":1,"storagedrawers:oak_trim":8,"create:basin":4,"minecraft:diamond_sword":153,"storagedrawers:oak_full_drawers_1":1,"minecraft:andesite":11,"create:large_cogwheel":27,"biomesoplenty:pink_cherry_sapling":1,"minecraft:chain":1,"minecraft:smithing_table":1,"minecraft:bone_meal":69,"create:limestone":5,"expcaves:lavastone":4,"tconstruct:skyroot_log":11,"minecraft:cooked_salmon":2,"minecraft:netherrack":299,"tconstruct:seared_ingot_gauge":5,"minecraft:torch":246,"create:mechanical_pump":6,"minecraft:dirt":28,"create:mechanical_mixer":1,"decorative_blocks:oak_palisade":6,"minecraft:hopper":1,"minecraft:nether_quartz_ore":2,"tconstruct:seared_bricks":2,"minecraft:granite":1,"railways:track_tieless":3,"minecraft:nether_brick_stairs":1,"create:chute":5,"minecraft:iron_hoe":36,"expcaves:sediment_stone":1,"create:builders_tea":1,"create:wrench":56,"create:light_gray_toolbox":1,"minecraft:iron_axe":214,"minecraft:iron_boots":1,"minecraft:basalt":13,"minecraft:golden_carrot":5,"farmersdelight:cooking_pot":1,"create:fluid_pipe":5,"minecraft:cooked_beef":5,"minecraft:cobbled_deepslate":2,"minecraft:cooked_mutton":3,"minecraft:water_bucket":38,"farmersdelight:skillet":6,"forbidden_arcanus:edelwood_lava_bucket":3,"minecraft:glass_bottle":1,"minecraft:baked_potato":79,"minecraft:stonecutter":1,"create:encased_fan":1,"minecraft:crafting_table":5,"minecraft:oak_slab":8,"supplementaries:slingshot":1,"create:mechanical_harvester":8,"supplementaries:bomb":3,"minecraft:white_bed":1,"tconstruct:seared_basin":3,"occultism:datura":2,"minecraft:painting":6,"minecraft:smoker":1,"minecraft:oak_log":16,"minecraft:flower_pot":1,"minecraft:diamond_pickaxe":2805,"minecraft:apple":10,"minecraft:diamond_shovel":166,"create:mechanical_press":2,"create:windmill_bearing":2,"tconstruct:seared_table":1,"minecraft:iron_pickaxe":212,"create:water_wheel":2,"create:large_water_wheel":2,"minecraft:stone_axe":45,"storagedrawers:oak_full_drawers_4":2,"minecraft:cobblestone":82,"minecraft:bucket":41,"minecraft:potion":2,"rubber_duck:rubber_duck_item":1,"create:hand_crank":3,"quark:oak_chest":18,"minecraft:kelp":113,"minecraft:chainmail_leggings":1},"minecraft:picked_up":{"minecraft:iron_chestplate":1,"minecraft:nether_brick_fence":1,"minecraft:smithing_table":1,"farmersdelight:rice_panicle":1,"create:wrench":2,"minecraft:nether_brick":1,"kubejs:kinetic_mechanism":32,"forbidden_arcanus:xpetrified_orb":11,"minecraft:string":19,"tconstruct:smeltery_controller":1,"create:limestone":15,"minecraft:red_nether_bricks":2,"minecraft:iron_leggings":2,"create:andesite_funnel":8,"create:water_wheel":3,"tconstruct:ingot_cast":4,"minecraft:diamond_leggings":1,"minecraft:gold_nugget":1,"create:mechanical_press":1,"minecraft:cobbled_deepslate":127,"farmersdelight:cabbage":1,"minecraft:calcite":4,"minecraft:iron_pickaxe":2,"farmersdelight:cabbage_seeds":2,"minecraft:iron_boots":1,"minecraft:furnace":1,"minecraft:tipped_arrow":1,"thermal:silver_coin":9,"minecraft:stick":44,"create:mechanical_mixer":1,"minecraft:torch":21,"create:andesite_casing":6,"tconstruct:seared_faucet":5,"minecraft:diorite":17,"minecraft:chiseled_nether_bricks":2,"thermal:apatite":80,"kubejs:trade_card_wool":1,"ae2:sky_stone_block":3,"thermal:lead_dust":48,"create:large_cogwheel":68,"farmersdelight:melon_popsicle":1,"minecraft:quartz_block":1,"minecraft:rotten_flesh":18,"thermal:lead_nugget":102,"create:crushed_raw_nickel":6,"occultism:datura":2,"minecraft:blaze_rod":11,"biomesoplenty:pink_cherry_sapling":1,"minecraft:obsidian":2,"minecraft:iron_bars":1,"minecraft:snowball":36,"create:speedometer":1,"minecraft:cobblestone":298,"tconstruct:seared_bricks":2,"storagedrawers:oak_full_drawers_4":1,"occultism:datura_seeds":1,"minecraft:magma_block":6,"minecraft:birch_slab":1,"minecraft:magma_cream":3,"minecraft:cooked_beef":7,"farmersdelight:rice":57,"minecraft:iron_door":1,"minecraft:andesite":1020,"reliquary:molten_core":2,"minecraft:potato":145,"tconstruct:pick_head":3,"minecraft:flint":1,"minecraft:tuff":2,"cb_microblock:iron_saw":1,"supplementaries:slingshot":1,"minecraft:lapis_lazuli":314,"minecraft:dirt":137,"create:encased_chain_drive":2,"minecraft:bone":20,"farmersdelight:iron_knife":1,"minecraft:bow":7,"minecraft:wheat_seeds":34,"forbidden_arcanus:rune":1,"tconstruct:seared_table":2,"create:shaft":75,"create:super_glue":1,"minecraft:oak_planks":13,"kubejs:zinc_dust":167,"create:cogwheel":14,"create:crushed_raw_lead":22,"tconstruct:seared_ingot_gauge":6,"minecraft:poisonous_potato":2,"minecraft:sand":65,"minecraft:nether_brick_stairs":3,"minecraft:mossy_cobblestone":1,"minecraft:diamond":4,"tconstruct:seared_basin":4,"thermal:device_tree_extractor":2,"minecraft:cracked_polished_blackstone_bricks":1,"minecraft:granite":6,"minecraft:bone_meal":1,"supplementaries:copper_lantern":4,"minecraft:chainmail_helmet":1,"minecraft:emerald":7,"minecraft:oak_sapling":66,"minecraft:netherrack":867,"minecraft:charcoal":2,"create:white_sail":1,"minecraft:diamond_pickaxe":5,"create:copper_sheet":2,"sophisticatedbackpacks:gold_backpack":1,"cb_microblock:stone_rod":1,"minecraft:crafting_table":5,"minecraft:azure_bluet":1,"minecraft:ladder":41,"minecraft:nether_wart":16,"minecraft:clay_ball":193,"thermal:cinnabar":16,"tconstruct:skyroot_log":1,"minecraft:gold_block":1,"expcaves:lavastone":4,"gravestone:obituary":1,"minecraft:chain":1,"minecraft:shield":4,"create:mechanical_harvester":4,"thermal:iron_dust":1,"minecraft:cornflower":2,"create:fluid_pipe":2,"minecraft:iron_axe":2,"create:scorchia":2,"minecraft:blackstone":55,"minecraft:beef":15,"thermal:niter":5,"create:basin":1,"minecraft:poppy":2,"minecraft:sugar_cane":19,"minecraft:egg":1,"storagedrawers:oak_trim":8,"minecraft:sandstone":3,"tconstruct:raw_cobalt":101,"reliquary:rib_bone":1,"create:crushed_raw_zinc":27,"minecraft:copper_ingot":25,"tconstruct:pickaxe":1,"sophisticatedbackpacks:backpack":1,"minecraft:polished_blackstone_bricks":2,"quark:deepslate_furnace":1,"minecraft:music_disc_11":1,"create:hand_crank":4,"minecraft:carrot":10,"minecraft:redstone":1,"railways:track_tieless":7,"minecraft:tnt":9,"thermal:nickel_nugget":36,"minecraft:arrow":10,"minecraft:weeping_vines":18,"tconstruct:grout":20,"expcaves:andesite_pebble":15,"ae2:certus_quartz_dust":12,"minecraft:nether_bricks":31,"minecraft:diamond_boots":2,"minecraft:hay_block":19,"minecraft:oxeye_daisy":2,"minecraft:mutton":19,"minecraft:nether_brick_wall":2,"minecraft:white_wool":23,"forbidden_arcanus:spawner_scrap":12,"biomesoplenty:orange_sand":2,"minecraft:rail":1,"biomesoplenty:white_sand":8,"create:iron_sheet":8,"minecraft:basalt":166,"create:crushed_raw_gold":17,"minecraft:golden_carrot":1,"minecraft:glow_ink_sac":1,"minecraft:leather":9,"storagedrawers:upgrade_template":1,"tconstruct:seared_fuel_tank":5,"minecraft:oak_log":352,"minecraft:ancient_debris":6,"minecraft:golden_boots":1,"minecraft:nether_wart_block":3,"minecraft:gunpowder":6,"farmersdelight:skillet":2,"tconstruct:seared_brick":5,"create:crushed_raw_iron":107,"minecraft:apple":12,"minecraft:stone_bricks":8,"minecraft:kelp":100,"expcaves:stone_pebble":5,"kubejs:andesite_machine":2,"minecraft:iron_ingot":36,"minecraft:stone_pickaxe":2,"minecraft:glass_bottle":1,"minecraft:iron_sword":1,"minecraft:soul_sand":6,"create:mechanical_saw":7,"minecraft:book":6,"minecraft:oak_slab":6,"minecraft:smooth_basalt":4,"minecraft:nether_quartz_ore":11,"minecraft:quartz":57,"minecraft:dandelion":11,"minecraft:gravel":23,"minecraft:birch_stairs":1,"minecraft:white_bed":1,"create:display_board":4,"quark:oak_chest":3,"minecraft:spider_eye":1,"rubber_duck:rubber_duck_item":2,"forbidden_arcanus:arcane_crystal":1,"create:brass_hand":4,"expcaves:sediment_stone":4,"minecraft:stone_axe":1,"create:zinc_nugget":217,"tconstruct:cobalt_ore":31,"create:mechanical_pump":4,"minecraft:iron_helmet":1,"create:crushed_raw_copper":33,"railways:track_spruce":5,"minecraft:diamond_axe":1,"minecraft:painting":6,"create:portable_storage_interface":1,"expcaves:deepslate_pebble":1,"thermal:ruby":2,"minecraft:damaged_anvil":1,"minecraft:coal":186,"minecraft:hopper":1,"minecraft:ender_pearl":12},"minecraft:broken":{"minecraft:iron_chestplate":1,"minecraft:chainmail_helmet":1,"minecraft:shield":1},"minecraft:killed_by":{"minecraft:wither_skeleton":1,"minecraft:creeper":2,"minecraft:zombie":2,"minecraft:player":1},"minecraft:crafted":{"minecraft:oak_planks":948,"tconstruct:tool_binding":3,"create:andesite_casing":78,"create:mechanical_harvester":4,"tconstruct:pick_head":1,"minecraft:stone":3,"quark:deepslate_furnace":1,"minecraft:hopper":1,"create:andesite_funnel":8,"create:cogwheel":259,"architects_palette:algal_brick":493,"minecraft:smoker":1,"minecraft:oak_slab":6,"sophisticatedbackpacks:backpack":1,"minecraft:diamond_axe":1,"minecraft:crafting_table":1,"create:fluid_pipe":4,"minecraft:wooden_pickaxe":1,"minecraft:baked_potato":67,"tconstruct:blank_sand_cast":12,"storagedrawers:oak_full_drawers_1":1,"tconstruct:tool_handle":1,"thermal:nickel_ingot":4,"minecraft:diamond_pickaxe":1,"create:portable_storage_interface":4,"minecraft:stick":224,"quark:oak_chest":24,"minecraft:iron_ingot":72,"minecraft:iron_pickaxe":1,"minecraft:gold_ingot":4,"minecraft:sandstone":3,"create:large_cogwheel":41,"create:propeller":1,"kubejs:kinetic_mechanism":160,"tconstruct:seared_bricks":4,"storagedrawers:upgrade_template":6,"thermal:cured_rubber":4,"tconstruct:pickaxe":13,"tconstruct:pattern":3,"minecraft:iron_nugget":270,"create:white_sail":32,"tconstruct:tool_handle_sand_cast":3,"minecraft:furnace":1,"minecraft:bone_meal":69,"minecraft:iron_axe":1,"minecraft:iron_hoe":1,"minecraft:stone_pickaxe":1,"kubejs:andesite_machine":14,"create:basin":3,"create:windmill_bearing":1,"minecraft:wheat":171,"sophisticatedbackpacks:iron_backpack":1,"storagedrawers:oak_trim":28,"minecraft:magma_cream":6,"cb_microblock:iron_saw":1,"create:andesite_alloy":510,"cb_microblock:stone_rod":3,"minecraft:iron_sword":1,"create:large_water_wheel":2,"minecraft:cooked_salmon":9,"architects_palette:algal_blend":540,"sophisticatedbackpacks:gold_backpack":1,"minecraft:bucket":2,"minecraft:snowball":10,"minecraft:bone":10,"minecraft:stone_axe":1,"minecraft:air":0,"minecraft:bread":57,"minecraft:golden_apple":2,"minecraft:gold_nugget":27,"thermal:lead_ingot":11,"storagedrawers:gold_storage_upgrade":6,"decorative_blocks:oak_palisade":6,"tconstruct:pick_head_sand_cast":3,"minecraft:iron_shovel":1,"minecraft:stonecutter":1,"create:shaft":384,"minecraft:torch":228,"minecraft:lapis_block":14,"create:zinc_ingot":42,"tconstruct:grout":38},"minecraft:dropped":{"minecraft:nether_brick_stairs":2,"farmersdelight:iron_knife":1,"minecraft:iron_sword":1,"occultism:datura_seeds":1,"minecraft:lapis_lazuli":7,"minecraft:oak_log":102,"minecraft:glass_bottle":2,"minecraft:weeping_vines":18,"create:cogwheel":67,"supplementaries:slingshot":1,"minecraft:rail":1,"minecraft:flint":1,"minecraft:music_disc_11":1,"minecraft:emerald":7,"minecraft:dirt":8,"create:fluid_pipe":2,"minecraft:cornflower":1,"create:crushed_raw_nickel":12,"gravestone:obituary":8,"thermal:copper_dust":21,"create:iron_sheet":4,"minecraft:sand":27,"create:large_cogwheel":60,"minecraft:iron_pickaxe":1,"tconstruct:pickaxe":3,"minecraft:white_wool":9,"minecraft:bone":67,"tconstruct:cobalt_ore":31,"minecraft:gravel":2,"minecraft:stone_axe":2,"minecraft:blackstone":43,"create:crushed_raw_copper":27,"minecraft:iron_nugget":420,"create:crushed_raw_lead":17,"minecraft:cobbled_deepslate":77,"minecraft:rotten_flesh":7,"minecraft:oak_planks":4,"minecraft:nether_brick_fence":1,"minecraft:azure_bluet":1,"biomesoplenty:white_sand":8,"tconstruct:grout":58,"tconstruct:pick_head":3,"minecraft:poppy":2,"thermal:lead_dust":99,"minecraft:gunpowder":1,"thermal:cinnabar":18,"create:limestone":10,"minecraft:ladder":41,"minecraft:basalt":78,"minecraft:iron_bars":1,"minecraft:quartz":29,"expcaves:andesite_pebble":15,"minecraft:netherrack":64,"create:andesite_alloy":98,"thermal:silver_coin":2,"minecraft:water_bucket":1,"minecraft:iron_ingot":54,"minecraft:bread":11,"minecraft:wheat_seeds":33,"minecraft:mossy_cobblestone":1,"expcaves:sediment_stone":3,"minecraft:diamond_leggings":1,"ae2:sky_stone_block":3,"minecraft:iron_helmet":1,"minecraft:cobblestone":39,"minecraft:apple":1,"minecraft:granite":5,"minecraft:nether_brick_wall":2,"minecraft:copper_ingot":52,"tconstruct:seared_basin":1,"minecraft:stick":5,"create:crushed_raw_gold":4,"create:andesite_casing":13,"minecraft:oxeye_daisy":2,"biomesoplenty:orange_sand":3,"minecraft:diorite":4,"thermal:nickel_dust":18,"minecraft:iron_leggings":2,"forbidden_arcanus:edelwood_bucket":1,"minecraft:iron_axe":3,"minecraft:smooth_basalt":3,"reliquary:rib_bone":1,"minecraft:dandelion":11,"minecraft:redstone":3,"create:shaft":121,"create:crushed_raw_zinc":36,"tconstruct:skyroot_log":2,"minecraft:clay_ball":29,"minecraft:iron_boots":2,"sophisticatedbackpacks:backpack":1,"thermal:gold_dust":12,"minecraft:nether_bricks":4,"kubejs:zinc_dust":330,"minecraft:shield":2,"minecraft:diamond_pickaxe":5,"minecraft:iron_chestplate":1,"minecraft:andesite":5,"minecraft:oak_sapling":2,"kubejs:kinetic_mechanism":80,"thermal:iron_dust":2,"tconstruct:seared_brick":5,"minecraft:slime_ball":3,"minecraft:bow":3,"minecraft:magma_block":5,"minecraft:stone_pickaxe":3,"minecraft:wooden_pickaxe":1,"create:andesite_funnel":3},"minecraft:custom":{"lootr:looted_stat":62,"minecraft:interact_with_crafting_table":98,"minecraft:open_barrel":4,"minecraft:leave_game":6,"minecraft:time_since_death":4607,"minecraft:sprint_one_cm":1088596,"minecraft:damage_blocked_by_shield":905,"minecraft:drop":248,"minecraft:talked_to_villager":2,"minecraft:play_time":564930,"minecraft:deaths":8,"minecraft:jump":6436,"minecraft:walk_on_water_one_cm":72441,"minecraft:enchant_item":8,"minecraft:interact_with_furnace":97,"minecraft:sleep_in_bed":13,"minecraft:damage_dealt":16913,"minecraft:player_kills":1,"minecraft:crouch_one_cm":56632,"minecraft:interact_with_smithing_table":8,"minecraft:interact_with_smoker":16,"minecraft:interact_with_anvil":2,"minecraft:mob_kills":135,"minecraft:inspect_hopper":11,"minecraft:climb_one_cm":10458,"minecraft:walk_one_cm":1222145,"minecraft:damage_dealt_absorbed":80,"minecraft:sneak_time":25588,"minecraft:walk_under_water_one_cm":44591,"minecraft:total_world_time":564930,"minecraft:interact_with_stonecutter":7,"minecraft:pot_flower":1,"minecraft:interact_with_grindstone":7,"minecraft:time_since_rest":4644,"minecraft:damage_taken":10597,"minecraft:damage_absorbed":922,"minecraft:swim_one_cm":105467,"minecraft:fly_one_cm":1138419,"minecraft:open_chest":464,"minecraft:fall_one_cm":144065}},"DataVersion":2975}