{"stats":{"minecraft:custom":{"minecraft:time_since_rest":2928,"minecraft:interact_with_furnace":2,"lootr:looted_stat":1,"minecraft:sprint_one_cm":26549,"minecraft:damage_taken":700,"minecraft:walk_one_cm":34976,"minecraft:mob_kills":3,"minecraft:drop":2,"minecraft:damage_dealt":499,"minecraft:interact_with_crafting_table":6,"minecraft:fly_one_cm":62384,"minecraft:open_chest":1,"minecraft:crouch_one_cm":560,"minecraft:play_time":11414,"minecraft:deaths":2,"minecraft:sneak_time":319,"minecraft:jump":229,"minecraft:leave_game":1,"minecraft:time_since_death":2876,"minecraft:total_world_time":11414,"minecraft:fall_one_cm":6697},"minecraft:crafted":{"minecraft:oak_planks":16,"minecraft:stick":4,"minecraft:wooden_pickaxe":1,"minecraft:stone_pickaxe":1,"minecraft:stone_axe":1},"minecraft:killed":{"minecraft:sheep":2,"minecraft:spider":1},"minecraft:mined":{"supplementaries:urn":2,"minecraft:furnace":1,"farmersdelight:wild_carrots":6,"minecraft:crafting_table":1,"gravestone:gravestone":1,"minecraft:grass":7,"minecraft:grass_block":1,"minecraft:oak_log":4,"minecraft:dirt":6,"minecraft:stone":14,"minecraft:oak_leaves":6},"minecraft:picked_up":{"minecraft:stick":3,"minecraft:crafting_table":1,"minecraft:cooked_beef":3,"minecraft:iron_door":1,"minecraft:oak_log":4,"minecraft:carrot":5,"supplementaries:slingshot":1,"minecraft:dirt":7,"farmersdelight:melon_popsicle":1,"rubber_duck:rubber_duck_item":1,"minecraft:apple":1,"minecraft:beef":3,"minecraft:oak_sapling":4,"minecraft:mutton":3,"minecraft:white_wool":2,"minecraft:cobblestone":14,"minecraft:furnace":1},"minecraft:dropped":{"supplementaries:slingshot":1,"minecraft:wooden_pickaxe":1},"minecraft:killed_by":{"minecraft:creeper":1,"minecraft:zombie":1},"minecraft:used":{"minecraft:writable_book":2,"minecraft:apple":1,"minecraft:stone_pickaxe":12,"farmersdelight:melon_popsicle":2,"minecraft:wooden_pickaxe":5,"supplementaries:slingshot":1,"minecraft:stone_axe":13,"minecraft:dirt":7,"minecraft:cooked_beef":2}},"DataVersion":2975}