{"stats":{"minecraft:custom":{"lootr:looted_stat":8,"minecraft:mob_kills":28,"minecraft:interact_with_crafting_table":33,"minecraft:open_barrel":4,"minecraft:leave_game":2,"minecraft:time_since_death":76359,"minecraft:climb_one_cm":257,"minecraft:sprint_one_cm":193703,"minecraft:walk_one_cm":194520,"minecraft:drop":18,"minecraft:play_time":84897,"minecraft:deaths":2,"minecraft:sneak_time":3083,"minecraft:walk_under_water_one_cm":3018,"minecraft:jump":1332,"minecraft:walk_on_water_one_cm":9339,"minecraft:total_world_time":84897,"minecraft:interact_with_furnace":18,"minecraft:pot_flower":1,"minecraft:sleep_in_bed":2,"minecraft:time_since_rest":7633,"minecraft:damage_taken":1425,"minecraft:damage_dealt":3359,"minecraft:swim_one_cm":49942,"minecraft:fly_one_cm":291609,"minecraft:open_chest":45,"minecraft:crouch_one_cm":7037,"minecraft:interact_with_smoker":3,"minecraft:fall_one_cm":28926},"minecraft:killed":{"minecraft:spider":2,"minecraft:horse":1,"minecraft:skeleton":2,"minecraft:sheep":14,"minecraft:zombie":2,"minecraft:cow":7},"minecraft:crafted":{"minecraft:oak_planks":136,"minecraft:iron_nugget":105,"minecraft:furnace":1,"quark:deepslate_furnace":1,"minecraft:iron_axe":1,"minecraft:stone_pickaxe":1,"minecraft:wheat":171,"sophisticatedbackpacks:iron_backpack":1,"minecraft:smoker":1,"sophisticatedbackpacks:backpack":1,"minecraft:crafting_table":1,"minecraft:wooden_pickaxe":1,"minecraft:iron_sword":1,"minecraft:cooked_salmon":9,"minecraft:snowball":10,"minecraft:stone_axe":1,"minecraft:bread":57,"minecraft:air":0,"minecraft:diamond_pickaxe":1,"minecraft:gold_nugget":27,"minecraft:stick":20,"quark:oak_chest":12,"minecraft:iron_ingot":15,"minecraft:iron_pickaxe":1,"minecraft:iron_shovel":1,"minecraft:gold_ingot":4,"minecraft:sandstone":3,"minecraft:torch":44},"minecraft:mined":{"expcaves:treasure_pot":4,"minecraft:white_bed":1,"thermal:cinnabar_ore":6,"minecraft:deepslate_diamond_ore":4,"farmersdelight:wild_carrots":6,"expcaves:small_treasure_pot":8,"gravestone:gravestone":1,"minecraft:grass_block":9,"minecraft:birch_slab":1,"minecraft:sandstone":3,"railways:track_tieless":9,"supplementaries:copper_lantern":1,"minecraft:hay_block":19,"forbidden_arcanus:deepslate_arcane_crystal_ore":1,"minecraft:furnace":1,"create:speedometer":1,"minecraft:iron_ore":35,"minecraft:andesite":34,"minecraft:deepslate_lapis_ore":9,"minecraft:deepslate_iron_ore":13,"ae2:quartz_ore":1,"minecraft:stone":93,"expcaves:lavastone":3,"create:mechanical_press":1,"create:limestone":8,"supplementaries:wall_lantern":2,"minecraft:smithing_table":1,"expcaves:broken_deepslate":1,"minecraft:birch_stairs":1,"minecraft:clay":8,"minecraft:crafting_table":4,"thermal:apatite_ore":1,"minecraft:torch":3,"minecraft:calcite":4,"minecraft:campfire":1,"create:water_wheel":1,"railways:track_spruce":5,"minecraft:tall_grass":3,"minecraft:copper_ore":1,"minecraft:deepslate_coal_ore":25,"thermal:deepslate_lead_ore":6,"minecraft:lapis_ore":6,"minecraft:deepslate_gold_ore":9,"minecraft:sugar_cane":2,"minecraft:damaged_anvil":1,"minecraft:wall_torch":2,"supplementaries:urn":5,"farmersdelight:skillet":1,"forbidden_arcanus:xpetrified_ore":2,"expcaves:treasure_amphora":4,"expcaves:sediment_stone":1,"create:display_board":4,"quark:deepslate_furnace":1,"minecraft:grass":15,"minecraft:coal_ore":7,"minecraft:oak_log":39,"create:hand_crank":1,"minecraft:sand":11,"minecraft:dirt":21,"minecraft:cobweb":16,"create:encased_chain_drive":2,"ae2:deepslate_quartz_ore":1,"expcaves:cave_vine_end":1,"create:andesite_encased_shaft":2,"minecraft:oak_leaves":9,"minecraft:deepslate":34},"minecraft:picked_up":{"minecraft:charcoal":2,"minecraft:crafting_table":4,"minecraft:clay_ball":32,"minecraft:smithing_table":1,"thermal:cinnabar":8,"minecraft:nether_brick":1,"expcaves:lavastone":3,"minecraft:chain":1,"forbidden_arcanus:xpetrified_orb":2,"minecraft:string":16,"create:limestone":15,"create:water_wheel":1,"create:mechanical_press":1,"minecraft:gold_nugget":1,"minecraft:cobbled_deepslate":33,"minecraft:beef":15,"minecraft:calcite":4,"minecraft:sugar_cane":5,"minecraft:furnace":1,"thermal:silver_coin":9,"minecraft:stick":13,"minecraft:sandstone":3,"minecraft:torch":5,"sophisticatedbackpacks:backpack":1,"quark:deepslate_furnace":1,"create:hand_crank":1,"minecraft:carrot":5,"minecraft:redstone":1,"railways:track_tieless":7,"thermal:apatite":6,"farmersdelight:melon_popsicle":1,"minecraft:arrow":2,"minecraft:rotten_flesh":3,"ae2:certus_quartz_dust":10,"minecraft:hay_block":19,"biomesoplenty:pink_cherry_sapling":1,"minecraft:mutton":19,"create:speedometer":1,"minecraft:cobblestone":94,"minecraft:white_wool":23,"minecraft:cooked_beef":3,"farmersdelight:rice":1,"create:crushed_raw_gold":9,"minecraft:iron_door":1,"minecraft:birch_slab":1,"minecraft:andesite":33,"minecraft:leather":9,"minecraft:oak_log":39,"farmersdelight:skillet":1,"minecraft:lapis_lazuli":102,"supplementaries:slingshot":1,"minecraft:dirt":30,"create:encased_chain_drive":2,"minecraft:bone":6,"create:crushed_raw_iron":48,"minecraft:apple":1,"minecraft:bow":1,"minecraft:wheat_seeds":2,"minecraft:stone_pickaxe":2,"create:shaft":2,"create:crushed_raw_lead":6,"minecraft:birch_stairs":1,"minecraft:sand":13,"minecraft:white_bed":1,"create:display_board":4,"minecraft:spider_eye":1,"forbidden_arcanus:arcane_crystal":1,"rubber_duck:rubber_duck_item":1,"minecraft:diamond":4,"expcaves:sediment_stone":1,"create:zinc_nugget":1,"railways:track_spruce":5,"create:crushed_raw_copper":1,"minecraft:bone_meal":1,"supplementaries:copper_lantern":4,"expcaves:deepslate_pebble":1,"minecraft:emerald":7,"minecraft:oak_sapling":15,"minecraft:damaged_anvil":1,"minecraft:coal":57},"minecraft:dropped":{"minecraft:wheat_seeds":1,"minecraft:lapis_lazuli":7,"supplementaries:slingshot":1,"minecraft:emerald":7,"gravestone:obituary":1,"minecraft:iron_pickaxe":1,"minecraft:white_wool":9,"minecraft:stone_axe":1,"sophisticatedbackpacks:backpack":1,"create:limestone":10,"minecraft:stone_pickaxe":3,"minecraft:wooden_pickaxe":1,"thermal:silver_coin":2},"minecraft:killed_by":{"minecraft:creeper":1,"minecraft:zombie":1},"minecraft:used":{"create:limestone":5,"minecraft:writable_book":2,"supplementaries:copper_lantern":4,"minecraft:iron_shovel":8,"minecraft:iron_sword":46,"expcaves:lavastone":3,"minecraft:cooked_salmon":2,"minecraft:torch":42,"minecraft:dirt":7,"minecraft:carrot":6,"railways:track_tieless":3,"minecraft:snowball":26,"expcaves:sediment_stone":1,"quark:deepslate_furnace":2,"create:builders_tea":1,"create:light_gray_toolbox":1,"minecraft:iron_axe":48,"farmersdelight:melon_popsicle":2,"minecraft:golden_carrot":5,"minecraft:furnace":1,"minecraft:oak_sapling":8,"minecraft:cooked_cod":1,"minecraft:cooked_beef":3,"minecraft:cobbled_deepslate":2,"minecraft:cooked_mutton":3,"minecraft:damaged_anvil":1,"railways:track_spruce":5,"minecraft:glass_bottle":1,"minecraft:stone_pickaxe":99,"minecraft:wooden_pickaxe":5,"minecraft:sandstone":3,"minecraft:sugar_cane":5,"supplementaries:slingshot":1,"minecraft:crafting_table":4,"minecraft:white_bed":1,"minecraft:smoker":1,"minecraft:flower_pot":1,"minecraft:diamond_pickaxe":57,"minecraft:apple":1,"minecraft:iron_pickaxe":212,"minecraft:stone_axe":45,"minecraft:cobblestone":12,"minecraft:potion":1,"minecraft:smithing_table":1,"biomesoplenty:pink_cherry_sapling":1,"minecraft:andesite":5,"minecraft:chain":1,"quark:oak_chest":11}},"DataVersion":2975}