{"stats":{"minecraft:custom":{"minecraft:interact_with_smithing_table":4,"lootr:looted_stat":8,"minecraft:mob_kills":36,"minecraft:interact_with_crafting_table":52,"minecraft:open_barrel":4,"minecraft:leave_game":2,"minecraft:time_since_death":1417,"minecraft:climb_one_cm":257,"minecraft:sprint_one_cm":274604,"minecraft:walk_one_cm":332403,"minecraft:drop":66,"minecraft:damage_dealt_absorbed":80,"minecraft:play_time":132897,"minecraft:deaths":3,"minecraft:sneak_time":4093,"minecraft:walk_under_water_one_cm":4454,"minecraft:jump":1802,"minecraft:walk_on_water_one_cm":20033,"minecraft:total_world_time":132897,"minecraft:interact_with_furnace":37,"minecraft:pot_flower":1,"minecraft:sleep_in_bed":2,"minecraft:time_since_rest":1460,"minecraft:damage_taken":2490,"minecraft:damage_dealt":5076,"minecraft:swim_one_cm":58913,"minecraft:fly_one_cm":388356,"minecraft:open_chest":119,"minecraft:crouch_one_cm":9029,"minecraft:interact_with_smoker":4,"minecraft:fall_one_cm":36739},"minecraft:killed":{"minecraft:spider":4,"minecraft:horse":1,"minecraft:skeleton":3,"minecraft:sheep":14,"minecraft:zombie":8,"minecraft:cow":7},"minecraft:crafted":{"minecraft:oak_planks":204,"minecraft:iron_nugget":144,"minecraft:furnace":1,"quark:deepslate_furnace":1,"minecraft:iron_axe":1,"minecraft:stone_pickaxe":1,"kubejs:andesite_machine":1,"create:basin":1,"create:cogwheel":23,"architects_palette:algal_brick":59,"minecraft:wheat":171,"sophisticatedbackpacks:iron_backpack":1,"minecraft:smoker":1,"minecraft:oak_slab":6,"cb_microblock:iron_saw":1,"create:andesite_alloy":48,"cb_microblock:stone_rod":3,"sophisticatedbackpacks:backpack":1,"minecraft:crafting_table":1,"minecraft:wooden_pickaxe":1,"minecraft:iron_sword":1,"create:large_water_wheel":2,"architects_palette:algal_blend":64,"minecraft:cooked_salmon":9,"sophisticatedbackpacks:gold_backpack":1,"minecraft:bucket":2,"minecraft:snowball":10,"minecraft:stone_axe":1,"minecraft:bread":57,"minecraft:air":0,"thermal:nickel_ingot":4,"minecraft:diamond_pickaxe":1,"minecraft:gold_nugget":27,"thermal:lead_ingot":11,"minecraft:stick":20,"quark:oak_chest":13,"minecraft:iron_ingot":19,"minecraft:iron_pickaxe":1,"minecraft:iron_shovel":1,"minecraft:gold_ingot":4,"minecraft:sandstone":3,"create:large_cogwheel":4,"create:propeller":1,"kubejs:kinetic_mechanism":8,"create:shaft":32,"minecraft:torch":104,"create:zinc_ingot":24},"minecraft:mined":{"create:zinc_ore":9,"expcaves:treasure_pot":4,"minecraft:white_bed":1,"minecraft:oak_sapling":1,"thermal:cinnabar_ore":6,"minecraft:deepslate_diamond_ore":4,"farmersdelight:wild_carrots":6,"expcaves:small_treasure_pot":8,"gravestone:gravestone":1,"minecraft:grass_block":17,"create:large_cogwheel":1,"minecraft:birch_slab":1,"minecraft:sandstone":3,"railways:track_tieless":9,"supplementaries:copper_lantern":1,"minecraft:hay_block":19,"create:shaft":1,"forbidden_arcanus:deepslate_arcane_crystal_ore":1,"minecraft:furnace":1,"create:speedometer":1,"minecraft:iron_ore":48,"minecraft:fire":1,"minecraft:snow":37,"minecraft:andesite":105,"minecraft:deepslate_lapis_ore":9,"thermal:device_tree_extractor":2,"minecraft:deepslate_iron_ore":13,"minecraft:stripped_oak_log":1,"ae2:sky_stone_block":1,"kubejs:andesite_machine":1,"ae2:quartz_ore":1,"minecraft:stone":104,"expcaves:lavastone":3,"create:mechanical_press":1,"create:limestone":8,"supplementaries:wall_lantern":2,"minecraft:oak_slab":4,"minecraft:smithing_table":1,"create:cogwheel":4,"expcaves:broken_deepslate":1,"minecraft:birch_stairs":1,"quark:oak_chest":1,"thermal:lead_ore":2,"minecraft:clay":8,"minecraft:crafting_table":4,"thermal:apatite_ore":6,"minecraft:torch":3,"minecraft:calcite":4,"minecraft:campfire":1,"create:water_wheel":1,"railways:track_spruce":5,"minecraft:cobblestone":3,"minecraft:tall_grass":3,"minecraft:copper_ore":1,"minecraft:deepslate_coal_ore":27,"thermal:deepslate_lead_ore":6,"minecraft:lapis_ore":16,"minecraft:deepslate_gold_ore":9,"minecraft:oak_planks":9,"minecraft:sugar_cane":2,"minecraft:damaged_anvil":1,"minecraft:wall_torch":2,"supplementaries:urn":5,"farmersdelight:skillet":2,"forbidden_arcanus:xpetrified_ore":2,"expcaves:treasure_amphora":4,"expcaves:sediment_stone":1,"create:display_board":4,"quark:deepslate_furnace":1,"minecraft:grass":30,"minecraft:coal_ore":48,"minecraft:oak_log":90,"create:hand_crank":1,"minecraft:sand":12,"minecraft:dirt":23,"minecraft:cobweb":16,"create:encased_chain_drive":2,"ae2:deepslate_quartz_ore":1,"expcaves:cave_vine_end":1,"create:andesite_encased_shaft":2,"minecraft:oak_leaves":20,"minecraft:deepslate":34},"minecraft:picked_up":{"cb_microblock:stone_rod":1,"minecraft:charcoal":2,"minecraft:crafting_table":4,"minecraft:clay_ball":68,"minecraft:smithing_table":1,"thermal:cinnabar":8,"minecraft:nether_brick":1,"expcaves:lavastone":3,"minecraft:chain":1,"forbidden_arcanus:xpetrified_orb":2,"minecraft:string":17,"create:limestone":15,"create:water_wheel":1,"create:mechanical_press":1,"minecraft:gold_nugget":1,"minecraft:cobbled_deepslate":33,"minecraft:beef":15,"minecraft:calcite":4,"minecraft:sugar_cane":5,"minecraft:furnace":1,"thermal:silver_coin":9,"minecraft:stick":24,"minecraft:sandstone":3,"create:crushed_raw_zinc":9,"minecraft:torch":5,"create:andesite_casing":4,"sophisticatedbackpacks:backpack":1,"quark:deepslate_furnace":1,"create:hand_crank":1,"minecraft:carrot":5,"minecraft:redstone":1,"railways:track_tieless":7,"thermal:apatite":34,"ae2:sky_stone_block":3,"thermal:lead_dust":48,"create:large_cogwheel":1,"farmersdelight:melon_popsicle":1,"thermal:nickel_nugget":36,"minecraft:arrow":3,"minecraft:rotten_flesh":3,"ae2:certus_quartz_dust":10,"minecraft:hay_block":19,"thermal:lead_nugget":102,"create:crushed_raw_nickel":6,"minecraft:snowball":36,"biomesoplenty:pink_cherry_sapling":1,"minecraft:mutton":19,"create:speedometer":1,"minecraft:cobblestone":109,"minecraft:white_wool":23,"create:iron_sheet":4,"minecraft:cooked_beef":3,"farmersdelight:rice":1,"create:crushed_raw_gold":9,"minecraft:iron_door":1,"minecraft:birch_slab":1,"minecraft:andesite":105,"minecraft:leather":9,"minecraft:oak_log":100,"minecraft:gunpowder":2,"farmersdelight:skillet":2,"minecraft:lapis_lazuli":169,"supplementaries:slingshot":1,"minecraft:dirt":40,"create:encased_chain_drive":2,"minecraft:bone":7,"kubejs:andesite_machine":1,"create:crushed_raw_iron":61,"minecraft:apple":4,"minecraft:bow":1,"minecraft:wheat_seeds":3,"minecraft:iron_ingot":21,"minecraft:stone_pickaxe":2,"create:shaft":35,"minecraft:oak_planks":8,"minecraft:oak_slab":6,"kubejs:zinc_dust":57,"create:cogwheel":4,"create:crushed_raw_lead":8,"minecraft:birch_stairs":1,"minecraft:sand":14,"minecraft:white_bed":1,"create:display_board":4,"quark:oak_chest":1,"minecraft:spider_eye":1,"forbidden_arcanus:arcane_crystal":1,"rubber_duck:rubber_duck_item":1,"minecraft:stone_axe":1,"thermal:device_tree_extractor":2,"minecraft:diamond":4,"expcaves:sediment_stone":1,"create:zinc_nugget":217,"railways:track_spruce":5,"create:crushed_raw_copper":1,"minecraft:bone_meal":1,"supplementaries:copper_lantern":4,"expcaves:deepslate_pebble":1,"minecraft:emerald":7,"minecraft:oak_sapling":36,"minecraft:damaged_anvil":1,"minecraft:coal":99},"minecraft:dropped":{"minecraft:water_bucket":1,"minecraft:iron_ingot":38,"minecraft:wheat_seeds":2,"minecraft:lapis_lazuli":7,"ae2:sky_stone_block":3,"minecraft:cobblestone":2,"create:cogwheel":3,"supplementaries:slingshot":1,"create:crushed_raw_gold":4,"minecraft:emerald":7,"create:andesite_casing":3,"thermal:nickel_dust":18,"create:crushed_raw_nickel":12,"gravestone:obituary":1,"thermal:copper_dust":21,"create:large_cogwheel":1,"minecraft:iron_pickaxe":1,"minecraft:redstone":3,"minecraft:white_wool":9,"minecraft:stone_axe":2,"create:crushed_raw_copper":27,"create:shaft":46,"create:crushed_raw_lead":17,"create:crushed_raw_zinc":36,"thermal:gold_dust":12,"sophisticatedbackpacks:backpack":1,"kubejs:zinc_dust":165,"thermal:lead_dust":99,"create:limestone":10,"minecraft:stone_pickaxe":3,"minecraft:wooden_pickaxe":1,"create:andesite_alloy":31,"thermal:silver_coin":2},"minecraft:killed_by":{"minecraft:creeper":1,"minecraft:zombie":2},"minecraft:used":{"create:limestone":5,"minecraft:writable_book":2,"supplementaries:copper_lantern":4,"minecraft:iron_shovel":56,"minecraft:iron_sword":65,"expcaves:lavastone":3,"minecraft:cooked_salmon":2,"supplementaries:globe":1,"minecraft:torch":79,"minecraft:dirt":11,"create:cogwheel":16,"minecraft:carrot":6,"railways:track_tieless":3,"minecraft:snowball":26,"expcaves:sediment_stone":1,"quark:deepslate_furnace":2,"create:builders_tea":1,"create:light_gray_toolbox":1,"minecraft:iron_axe":134,"farmersdelight:melon_popsicle":2,"create:millstone":1,"minecraft:golden_carrot":5,"create:shaft":1,"minecraft:furnace":2,"minecraft:oak_sapling":29,"minecraft:cooked_cod":1,"minecraft:cooked_beef":3,"minecraft:cobbled_deepslate":2,"minecraft:cooked_mutton":3,"minecraft:water_bucket":2,"minecraft:damaged_anvil":1,"railways:track_spruce":5,"farmersdelight:skillet":3,"minecraft:glass_bottle":1,"minecraft:stone_pickaxe":99,"minecraft:oak_planks":13,"minecraft:wooden_pickaxe":5,"minecraft:sandstone":3,"minecraft:sugar_cane":5,"supplementaries:slingshot":1,"minecraft:oak_slab":8,"create:encased_fan":1,"minecraft:crafting_table":4,"minecraft:white_bed":1,"minecraft:smoker":1,"minecraft:oak_log":2,"thermal:device_tree_extractor":2,"minecraft:flower_pot":1,"minecraft:diamond_pickaxe":230,"minecraft:apple":1,"create:mechanical_press":2,"kubejs:andesite_machine":1,"minecraft:bread":19,"minecraft:iron_pickaxe":212,"create:large_water_wheel":2,"minecraft:stone_axe":45,"create:basin":1,"minecraft:cobblestone":20,"minecraft:potion":1,"minecraft:bucket":4,"minecraft:smithing_table":1,"biomesoplenty:pink_cherry_sapling":1,"minecraft:andesite":5,"minecraft:chain":1,"quark:oak_chest":13,"create:large_cogwheel":6}},"DataVersion":2975}