{"stats":{"minecraft:custom":{"minecraft:interact_with_furnace":11,"lootr:looted_stat":1,"minecraft:mob_kills":8,"minecraft:interact_with_crafting_table":13,"minecraft:open_barrel":1,"minecraft:pot_flower":1,"minecraft:leave_game":2,"minecraft:time_since_death":40359,"minecraft:time_since_rest":40411,"minecraft:sprint_one_cm":95008,"minecraft:damage_taken":1345,"minecraft:walk_one_cm":120895,"minecraft:drop":8,"minecraft:damage_dealt":1449,"minecraft:swim_one_cm":7684,"minecraft:fly_one_cm":113846,"minecraft:open_chest":4,"minecraft:crouch_one_cm":5982,"minecraft:play_time":48897,"minecraft:deaths":2,"minecraft:sneak_time":2446,"minecraft:walk_under_water_one_cm":732,"minecraft:jump":648,"minecraft:walk_on_water_one_cm":3741,"minecraft:total_world_time":48897,"minecraft:fall_one_cm":14625},"minecraft:killed":{"minecraft:spider":2,"minecraft:sheep":2,"minecraft:skeleton":2,"minecraft:zombie":2},"minecraft:crafted":{"minecraft:oak_planks":24,"minecraft:iron_nugget":42,"minecraft:crafting_table":1,"minecraft:wooden_pickaxe":1,"minecraft:snowball":10,"quark:deepslate_furnace":1,"minecraft:stone_axe":1,"minecraft:air":0,"minecraft:stick":12,"quark:oak_chest":1,"minecraft:iron_ingot":3,"minecraft:iron_pickaxe":1,"minecraft:stone_pickaxe":1,"minecraft:torch":44},"minecraft:mined":{"expcaves:broken_deepslate":1,"expcaves:treasure_pot":4,"minecraft:white_bed":1,"thermal:cinnabar_ore":6,"minecraft:deepslate_diamond_ore":4,"farmersdelight:wild_carrots":6,"expcaves:small_treasure_pot":8,"minecraft:crafting_table":2,"minecraft:torch":3,"gravestone:gravestone":1,"minecraft:grass_block":1,"minecraft:deepslate_gold_ore":9,"minecraft:deepslate_coal_ore":25,"thermal:deepslate_lead_ore":6,"minecraft:lapis_ore":6,"minecraft:sugar_cane":2,"minecraft:wall_torch":2,"supplementaries:copper_lantern":1,"supplementaries:urn":5,"forbidden_arcanus:deepslate_arcane_crystal_ore":1,"minecraft:furnace":1,"forbidden_arcanus:xpetrified_ore":2,"minecraft:iron_ore":35,"expcaves:treasure_amphora":4,"minecraft:andesite":34,"minecraft:deepslate_lapis_ore":9,"quark:deepslate_furnace":1,"minecraft:grass":9,"minecraft:oak_log":16,"minecraft:coal_ore":7,"minecraft:deepslate_iron_ore":13,"minecraft:dirt":6,"ae2:deepslate_quartz_ore":1,"expcaves:lavastone":3,"minecraft:stone":21,"ae2:quartz_ore":1,"expcaves:cave_vine_end":1,"supplementaries:wall_lantern":1,"minecraft:oak_leaves":6,"minecraft:deepslate":34},"minecraft:picked_up":{"minecraft:crafting_table":2,"create:crushed_raw_gold":9,"minecraft:cooked_beef":3,"farmersdelight:rice":1,"minecraft:iron_door":1,"minecraft:andesite":33,"thermal:cinnabar":8,"expcaves:lavastone":3,"minecraft:nether_brick":1,"minecraft:oak_log":16,"minecraft:chain":1,"supplementaries:slingshot":1,"forbidden_arcanus:xpetrified_orb":2,"minecraft:lapis_lazuli":95,"minecraft:dirt":7,"minecraft:bone":6,"create:crushed_raw_iron":48,"minecraft:apple":1,"minecraft:bow":1,"minecraft:gold_nugget":1,"minecraft:cobbled_deepslate":33,"minecraft:beef":3,"minecraft:stone_pickaxe":2,"minecraft:sugar_cane":5,"minecraft:furnace":1,"thermal:silver_coin":9,"minecraft:stick":8,"create:crushed_raw_lead":6,"minecraft:torch":5,"quark:deepslate_furnace":1,"minecraft:white_bed":1,"minecraft:carrot":5,"minecraft:redstone":1,"minecraft:spider_eye":1,"farmersdelight:melon_popsicle":1,"rubber_duck:rubber_duck_item":1,"forbidden_arcanus:arcane_crystal":1,"minecraft:arrow":2,"minecraft:rotten_flesh":3,"minecraft:diamond":4,"ae2:certus_quartz_dust":10,"create:zinc_nugget":1,"minecraft:bone_meal":1,"expcaves:deepslate_pebble":1,"supplementaries:copper_lantern":3,"minecraft:oak_sapling":9,"biomesoplenty:pink_cherry_sapling":1,"minecraft:mutton":3,"minecraft:coal":57,"minecraft:white_wool":2,"minecraft:cobblestone":22},"minecraft:dropped":{"supplementaries:slingshot":1,"gravestone:obituary":1,"minecraft:stone_pickaxe":3,"minecraft:wooden_pickaxe":1,"thermal:silver_coin":2},"minecraft:killed_by":{"minecraft:creeper":1,"minecraft:zombie":1},"minecraft:used":{"minecraft:cooked_mutton":3,"minecraft:writable_book":2,"supplementaries:copper_lantern":3,"minecraft:glass_bottle":1,"minecraft:stone_pickaxe":99,"minecraft:wooden_pickaxe":5,"expcaves:lavastone":3,"minecraft:cooked_salmon":2,"minecraft:sugar_cane":5,"supplementaries:slingshot":1,"minecraft:torch":42,"minecraft:dirt":7,"minecraft:crafting_table":2,"minecraft:carrot":6,"minecraft:snowball":26,"minecraft:flower_pot":1,"minecraft:apple":1,"quark:deepslate_furnace":1,"create:builders_tea":1,"minecraft:iron_pickaxe":129,"farmersdelight:melon_popsicle":2,"minecraft:stone_axe":36,"minecraft:potion":1,"minecraft:cobblestone":12,"minecraft:oak_sapling":5,"minecraft:furnace":1,"minecraft:cooked_cod":1,"minecraft:andesite":5,"biomesoplenty:pink_cherry_sapling":1,"minecraft:chain":1,"quark:oak_chest":1,"minecraft:cooked_beef":3,"minecraft:cobbled_deepslate":2}},"DataVersion":2975}