{"stats":{"minecraft:custom":{"lootr:looted_stat":1,"minecraft:interact_with_furnace":11,"minecraft:mob_kills":4,"minecraft:interact_with_crafting_table":13,"minecraft:open_barrel":1,"minecraft:pot_flower":1,"minecraft:leave_game":1,"minecraft:time_since_death":24804,"minecraft:time_since_rest":24856,"minecraft:sprint_one_cm":55551,"minecraft:damage_taken":790,"minecraft:walk_one_cm":84480,"minecraft:drop":8,"minecraft:damage_dealt":699,"minecraft:swim_one_cm":7062,"minecraft:fly_one_cm":90328,"minecraft:open_chest":4,"minecraft:crouch_one_cm":4893,"minecraft:play_time":33342,"minecraft:deaths":2,"minecraft:sneak_time":2012,"minecraft:walk_under_water_one_cm":636,"minecraft:jump":415,"minecraft:walk_on_water_one_cm":2421,"minecraft:total_world_time":33342,"minecraft:fall_one_cm":11737},"minecraft:killed":{"minecraft:spider":1,"minecraft:sheep":2,"minecraft:skeleton":1},"minecraft:crafted":{"minecraft:oak_planks":24,"minecraft:iron_nugget":42,"minecraft:crafting_table":1,"minecraft:wooden_pickaxe":1,"minecraft:snowball":10,"quark:deepslate_furnace":1,"minecraft:stone_axe":1,"minecraft:air":0,"minecraft:stick":12,"quark:oak_chest":1,"minecraft:iron_ingot":3,"minecraft:iron_pickaxe":1,"minecraft:stone_pickaxe":1,"minecraft:torch":32},"minecraft:mined":{"expcaves:broken_deepslate":1,"expcaves:treasure_pot":4,"minecraft:white_bed":1,"thermal:cinnabar_ore":4,"farmersdelight:wild_carrots":6,"expcaves:small_treasure_pot":8,"minecraft:crafting_table":2,"minecraft:torch":3,"gravestone:gravestone":1,"minecraft:grass_block":1,"minecraft:deepslate_coal_ore":25,"minecraft:lapis_ore":1,"minecraft:sugar_cane":2,"minecraft:wall_torch":1,"supplementaries:copper_lantern":1,"supplementaries:urn":5,"minecraft:furnace":1,"minecraft:iron_ore":14,"expcaves:treasure_amphora":4,"minecraft:andesite":7,"minecraft:deepslate_lapis_ore":5,"quark:deepslate_furnace":1,"minecraft:grass":9,"minecraft:coal_ore":7,"minecraft:oak_log":16,"minecraft:dirt":6,"ae2:deepslate_quartz_ore":1,"minecraft:stone":17,"ae2:quartz_ore":1,"supplementaries:wall_lantern":1,"minecraft:oak_leaves":6,"minecraft:deepslate":19},"minecraft:picked_up":{"minecraft:crafting_table":2,"minecraft:cooked_beef":3,"farmersdelight:rice":1,"minecraft:iron_door":1,"minecraft:andesite":7,"thermal:cinnabar":5,"minecraft:nether_brick":1,"minecraft:oak_log":16,"minecraft:chain":1,"minecraft:lapis_lazuli":35,"supplementaries:slingshot":1,"minecraft:dirt":7,"minecraft:bone":4,"create:crushed_raw_iron":14,"minecraft:apple":1,"minecraft:gold_nugget":1,"minecraft:cobbled_deepslate":19,"minecraft:beef":3,"minecraft:stone_pickaxe":2,"minecraft:sugar_cane":5,"minecraft:furnace":1,"thermal:silver_coin":9,"minecraft:stick":8,"minecraft:torch":4,"quark:deepslate_furnace":1,"minecraft:white_bed":1,"minecraft:carrot":5,"minecraft:redstone":1,"rubber_duck:rubber_duck_item":1,"farmersdelight:melon_popsicle":1,"minecraft:rotten_flesh":1,"ae2:certus_quartz_dust":10,"create:zinc_nugget":1,"minecraft:bone_meal":1,"supplementaries:copper_lantern":3,"minecraft:oak_sapling":9,"biomesoplenty:pink_cherry_sapling":1,"minecraft:mutton":3,"minecraft:coal":57,"minecraft:white_wool":2,"minecraft:cobblestone":18},"minecraft:dropped":{"supplementaries:slingshot":1,"gravestone:obituary":1,"minecraft:stone_pickaxe":3,"minecraft:wooden_pickaxe":1,"thermal:silver_coin":2},"minecraft:killed_by":{"minecraft:creeper":1,"minecraft:zombie":1},"minecraft:used":{"minecraft:cooked_mutton":2,"minecraft:writable_book":2,"supplementaries:copper_lantern":3,"minecraft:stone_pickaxe":99,"minecraft:wooden_pickaxe":5,"minecraft:sugar_cane":5,"supplementaries:slingshot":1,"minecraft:torch":26,"minecraft:dirt":7,"minecraft:crafting_table":2,"minecraft:snowball":26,"minecraft:flower_pot":1,"minecraft:apple":1,"quark:deepslate_furnace":1,"minecraft:iron_pickaxe":11,"farmersdelight:melon_popsicle":2,"minecraft:stone_axe":28,"minecraft:cobblestone":10,"minecraft:oak_sapling":5,"minecraft:furnace":1,"minecraft:cooked_cod":1,"biomesoplenty:pink_cherry_sapling":1,"minecraft:chain":1,"quark:oak_chest":1,"minecraft:cooked_beef":2}},"DataVersion":2975}