{"stats":{"minecraft:custom":{"minecraft:time_since_rest":8278,"lootr:looted_stat":1,"minecraft:sprint_one_cm":29648,"minecraft:damage_taken":760,"minecraft:walk_one_cm":22336,"minecraft:mob_kills":2,"minecraft:drop":3,"minecraft:damage_dealt":639,"minecraft:interact_with_crafting_table":1,"minecraft:fly_one_cm":43096,"minecraft:play_time":18020,"minecraft:deaths":3,"minecraft:sneak_time":5,"minecraft:jump":190,"minecraft:leave_game":20,"minecraft:walk_on_water_one_cm":181,"minecraft:time_since_death":0,"minecraft:total_world_time":18020,"minecraft:fall_one_cm":4267},"minecraft:crafted":{"minecraft:crafting_table":1,"minecraft:stick":4,"minecraft:wooden_pickaxe":1,"minecraft:acacia_planks":12},"minecraft:killed":{"minecraft:sheep":1,"minecraft:zombie":2},"minecraft:mined":{"minecraft:cobblestone_stairs":1,"minecraft:crafting_table":1,"gravestone:gravestone":1,"minecraft:grass":38,"minecraft:acacia_log":6,"minecraft:dead_bush":1,"biomesoplenty:potted_wildflower":1,"farmersdelight:wild_tomatoes":1},"minecraft:picked_up":{"minecraft:stick":1,"minecraft:crafting_table":1,"minecraft:flower_pot":1,"minecraft:acacia_log":6,"farmersdelight:tomato_seeds":1,"minecraft:cobblestone_stairs":1,"minecraft:rotten_flesh":2,"minecraft:wheat_seeds":6,"biomesoplenty:wildflower":1,"minecraft:mutton":1,"minecraft:white_wool":1},"minecraft:dropped":{"farmersdelight:tomato_seeds":1,"minecraft:wheat_seeds":3,"minecraft:stick":1},"minecraft:killed_by":{"minecraft:spider":1,"minecraft:zombie":2},"minecraft:used":{"minecraft:wooden_pickaxe":42,"minecraft:rotten_flesh":1,"minecraft:mutton":1,"minecraft:crafting_table":1}},"DataVersion":2975}