{"stats":{"minecraft:killed":{"minecraft:cave_spider":7,"minecraft:spider":14,"minecraft:skeleton":25,"thermal:blitz":2,"minecraft:piglin_brute":1,"minecraft:magma_cube":59,"minecraft:piglin":18,"minecraft:pig":5,"minecraft:creeper":9,"minecraft:sheep":2,"minecraft:pillager":2,"minecraft:zombie":57,"minecraft:stray":2,"minecraft:blaze":10,"minecraft:cow":28,"thermal:basalz":3,"minecraft:wither_skeleton":5},"minecraft:mined":{"create:deepslate_zinc_ore":29,"thermal:cinnabar_ore":4,"expcaves:quartz_treasure_amphora":2,"thermal:sulfur_ore":2,"minecraft:red_nether_bricks":2,"biomesoplenty:brimstone":1,"minecraft:brewing_stand":1,"minecraft:obsidian":11,"minecraft:granite":26,"minecraft:acacia_log":2,"minecraft:grass_block":73,"minecraft:cracked_polished_blackstone_bricks":4,"minecraft:nether_wart":8,"minecraft:chiseled_stone_bricks":1,"minecraft:spawner":16,"tconstruct:seared_table":1,"minecraft:smooth_stone":2,"minecraft:polished_blackstone_bricks":3,"minecraft:weeping_vines_plant":1,"minecraft:magma_block":12,"minecraft:red_nether_brick_stairs":2,"minecraft:iron_ore":57,"minecraft:fire":66,"tconstruct:cobalt_ore":44,"minecraft:deepslate_lapis_ore":3,"thermal:sapphire_ore":2,"minecraft:enchanting_table":1,"minecraft:pointed_dripstone":13,"architects_palette:tuff_pillar":2,"minecraft:oak_stairs":1,"farmersdelight:rice_panicles":1,"create:mechanical_press":10,"create:limestone":5,"minecraft:green_bed":1,"occultism:candle_white":5,"ae2:fluix_block":12,"create:radial_chassis":1,"create:cogwheel":13,"ae2:sky_stone_chest":2,"minecraft:blackstone":96,"minecraft:kelp_plant":27,"expcaves:rock_flint":1,"minecraft:clay":28,"thermal:lead_ore":1,"biomesoplenty:brimstone_fumarole":1,"moreminecarts:wooden_rail":1,"minecraft:polished_andesite_stairs":4,"minecraft:calcite":6,"create:scoria":28,"minecraft:nether_brick_slab":2,"minecraft:nether_quartz_ore":36,"minecraft:cobblestone":59,"thermal:deepslate_lead_ore":14,"minecraft:oak_planks":13,"minecraft:iron_door":1,"minecraft:wall_torch":1,"minecraft:amethyst_block":5,"create:large_water_wheel":3,"minecraft:deepslate_copper_ore":12,"create:basin":5,"minecraft:seagrass":1,"minecraft:warped_nylium":2,"forbidden_arcanus:darkstone":3,"expcaves:sediment_stone":3,"minecraft:smooth_stone_slab":2,"minecraft:grass":47,"minecraft:oak_log":133,"minecraft:sand":2,"minecraft:dirt":60,"thermal:nickel_ore":3,"minecraft:smooth_basalt":31,"minecraft:wither_skeleton_skull":2,"minecraft:raw_copper_block":1,"minecraft:deepslate":85,"minecraft:netherrack":1100,"minecraft:oak_leaves":17,"thermal:deepslate_apatite_ore":12,"create:zinc_ore":11,"minecraft:nether_gold_ore":7,"minecraft:tuff":6,"expcaves:treasure_pot":2,"create:millstone":1,"minecraft:mossy_cobblestone":2,"minecraft:deepslate_diamond_ore":8,"minecraft:nether_brick_wall":4,"farmersdelight:wild_carrots":1,"minecraft:nether_bricks":4,"gravestone:gravestone":7,"minecraft:ladder":1,"create:large_cogwheel":14,"rubber_duck:rubber_duck_block":2,"create:encased_fan":2,"biomesoplenty:dead_grass":1,"minecraft:kelp":1,"minecraft:sandstone":5,"create:shaft":12,"minecraft:oak_trapdoor":4,"forbidden_arcanus:deepslate_arcane_crystal_ore":15,"minecraft:furnace":1,"minecraft:andesite":6,"create:scorchia":7,"minecraft:bookshelf":7,"minecraft:deepslate_iron_ore":12,"minecraft:rail":2,"minecraft:packed_ice":2,"expcaves:fire_moss":1,"expcaves:lavastone":13,"ae2:sky_stone_block":4,"create:andesite_encased_large_cogwheel":1,"minecraft:stone":188,"ae2:quartz_ore":6,"minecraft:white_wool":9,"tconstruct:ichor_slime_crystal_block":2,"minecraft:soul_sand":10,"quark:oak_chest":8,"create:andesite_tunnel":1,"expcaves:deepslate_pebble":2,"minecraft:basalt":418,"minecraft:dandelion":83,"thermal:apatite_ore":8,"minecraft:crafting_table":2,"create:water_wheel":3,"minecraft:copper_ore":79,"minecraft:tall_grass":9,"minecraft:lapis_ore":2,"farmersdelight:wild_tomatoes":7,"minecraft:diorite":9,"supplementaries:urn":3,"create:mechanical_saw":15,"create:water_wheel_structure":10,"occultism:iesnium_ore_natural":1,"minecraft:coarse_dirt":1,"forbidden_arcanus:xpetrified_ore":4,"create:gearbox":2,"minecraft:coal_ore":52,"minecraft:dripstone_block":3,"minecraft:gravel":9,"architects_palette:heliodor_rod":1,"minecraft:cobweb":45,"ae2:deepslate_quartz_ore":26,"minecraft:polished_andesite":3,"minecraft:stone_bricks":34,"create:andesite_funnel":5},"minecraft:used":{"create:deployer":1,"minecraft:writable_book":1,"minecraft:iron_shovel":142,"ae2:sky_stone_chest":1,"minecraft:ladder":124,"minecraft:shield":59,"minecraft:iron_sword":223,"minecraft:rotten_flesh":7,"create:cogwheel":17,"minecraft:carrot":1,"create:depot":1,"minecraft:tuff":2,"minecraft:obsidian":10,"minecraft:milk_bucket":1,"minecraft:lava_bucket":68,"create:crafting_blueprint":1,"farmersdelight:melon_popsicle":5,"create:millstone":1,"create:andesite_funnel":7,"minecraft:stone_bricks":37,"farmersdelight:cutting_board":1,"minecraft:bow":19,"create:shaft":21,"minecraft:furnace":4,"minecraft:cooked_cod":6,"tconstruct:cobalt_ore":31,"forbidden_arcanus:edelwood_bucket":5,"minecraft:oak_planks":17,"minecraft:stone_pickaxe":19,"minecraft:ender_pearl":13,"minecraft:wooden_pickaxe":4,"create:mechanical_saw":15,"forbidden_arcanus:edelwood_suspicious_stew_bucket":1,"minecraft:golden_apple":12,"thermal:device_tree_extractor":1,"minecraft:string":3,"minecraft:oak_pressure_plate":1,"minecraft:diamond_sword":349,"create:basin":5,"minecraft:andesite":4,"create:large_cogwheel":18,"create:vertical_gearbox":7,"minecraft:coarse_dirt":1,"minecraft:golden_pickaxe":8,"minecraft:oak_trapdoor":20,"minecraft:oak_boat":1,"minecraft:bone_meal":75,"minecraft:acacia_log":2,"minecraft:flint_and_steel":11,"minecraft:cooked_chicken":2,"minecraft:netherrack":201,"minecraft:torch":195,"minecraft:dirt":76,"minecraft:hopper":3,"minecraft:granite":9,"create:chute":5,"expcaves:sediment_stone":1,"minecraft:iron_axe":179,"tconstruct:tinker_station":1,"minecraft:basalt":65,"minecraft:golden_carrot":15,"minecraft:beef":6,"tconstruct:part_builder":1,"minecraft:cooked_beef":47,"create:belt_connector":4,"minecraft:cobbled_deepslate":69,"waterstrainer:strainer_base":5,"minecraft:cooked_mutton":16,"farmersdelight:iron_knife":2,"minecraft:water_bucket":114,"minecraft:nether_brick_wall":1,"forbidden_arcanus:edelwood_lava_bucket":5,"minecraft:polished_andesite":1,"minecraft:baked_potato":40,"supplementaries:slingshot":6,"thermal:ice_grenade":1,"create:encased_fan":5,"minecraft:crafting_table":9,"occultism:datura":2,"minecraft:oak_log":8,"minecraft:diamond_pickaxe":1889,"minecraft:apple":1,"create:mechanical_press":10,"farmersdelight:cake_slice":11,"tconstruct:seared_table":1,"minecraft:iron_pickaxe":807,"create:water_wheel":6,"forbidden_arcanus:aureal_bottle":1,"create:andesite_tunnel":1,"create:large_water_wheel":11,"minecraft:stone_axe":68,"moreminecarts:wooden_rail":2,"occultism:candle_white":9,"minecraft:cobblestone":195,"minecraft:cooked_porkchop":24,"minecraft:potion":2,"rubber_duck:rubber_duck_item":3,"minecraft:bucket":188,"quark:oak_chest":18,"minecraft:dandelion":2},"minecraft:picked_up":{"minecraft:iron_chestplate":4,"buddycards:buddycard_pack_nether":3,"minecraft:oak_stairs":1,"minecraft:enchanted_book":6,"minecraft:potion":8,"kubejs:kinetic_mechanism":80,"minecraft:brewing_stand":1,"thermal:basalz_rod":1,"forbidden_arcanus:xpetrified_orb":6,"minecraft:string":88,"create:limestone":3,"minecraft:smooth_stone_slab":1,"minecraft:red_nether_bricks":3,"minecraft:diamond_leggings":1,"thermal:sulfur":8,"create:andesite_funnel":9,"create:water_wheel":3,"minecraft:smooth_stone":2,"tconstruct:ingot_cast":1,"minecraft:gold_nugget":96,"create:mechanical_press":10,"minecraft:cobbled_deepslate":86,"reliquary:zombie_heart":4,"minecraft:bucket":1,"architects_palette:heliodor_rod":1,"minecraft:calcite":6,"minecraft:enchanted_golden_apple":1,"minecraft:furnace":1,"minecraft:golden_helmet":1,"thermal:silver_coin":20,"minecraft:stick":28,"minecraft:torch":29,"minecraft:green_bed":1,"minecraft:acacia_log":2,"create:andesite_casing":8,"minecraft:pointed_dripstone":24,"minecraft:diorite":9,"thermal:apatite":327,"ae2:sky_stone_block":25,"create:large_cogwheel":15,"farmersdelight:canvas":7,"minecraft:rotten_flesh":53,"ae2:fluix_block":12,"create:crushed_raw_nickel":6,"occultism:datura":2,"create:crafting_blueprint":1,"minecraft:blaze_rod":6,"minecraft:obsidian":11,"minecraft:cobblestone":257,"minecraft:enchanting_table":1,"archers_paradox:training_arrow":1,"occultism:datura_seeds":6,"minecraft:magma_block":16,"minecraft:water_bucket":1,"minecraft:feather":6,"minecraft:cooked_beef":45,"minecraft:magma_cream":4,"minecraft:warped_fungus_on_a_stick":1,"minecraft:andesite":6,"minecraft:golden_leggings":3,"reliquary:molten_core":11,"minecraft:flint":3,"minecraft:tuff":7,"supplementaries:flax_seeds":2,"minecraft:wither_skeleton_skull":2,"cb_microblock:iron_saw":1,"supplementaries:slingshot":1,"minecraft:lapis_lazuli":36,"minecraft:dirt":134,"minecraft:name_tag":1,"minecraft:leather_boots":1,"thermal:sapphire":6,"minecraft:bone":35,"farmersdelight:iron_knife":1,"minecraft:acacia_planks":19,"minecraft:wheat_seeds":11,"tconstruct:seared_table":1,"create:shaft":51,"tconstruct:blank_sand_cast":8,"minecraft:oak_planks":13,"create:radial_chassis":1,"moreminecarts:wooden_rail":6,"tconstruct:necrotic_bone":2,"minecraft:cooked_porkchop":5,"minecraft:music_disc_13":1,"create:cogwheel":13,"forbidden_arcanus:edelwood_bucket":1,"create:crushed_raw_lead":29,"ae2:certus_quartz_crystal":19,"minecraft:sand":17,"minecraft:mossy_cobblestone":1,"minecraft:polished_andesite":2,"minecraft:diamond":7,"minecraft:writable_book":4,"minecraft:cracked_polished_blackstone_bricks":4,"minecraft:granite":51,"minecraft:oak_sapling":27,"reliquary:witch_hat":1,"minecraft:netherrack":892,"minecraft:diamond_pickaxe":6,"sophisticatedbackpacks:gold_backpack":3,"minecraft:crafting_table":2,"minecraft:coarse_dirt":1,"minecraft:splash_potion":12,"minecraft:ladder":42,"minecraft:nether_wart":17,"minecraft:clay_ball":207,"minecraft:leather_leggings":1,"thermal:cinnabar":6,"tconstruct:materials_and_you":1,"minecraft:wooden_pickaxe":2,"minecraft:diamond_horse_armor":1,"expcaves:lavastone":12,"gravestone:obituary":4,"minecraft:shield":2,"minecraft:oak_trapdoor":3,"minecraft:iron_axe":2,"minecraft:flint_and_steel":1,"supplementaries:statue":1,"create:scorchia":5,"minecraft:iron_shovel":1,"create:chute":3,"reliquary:chelicerae":1,"minecraft:blackstone":98,"minecraft:cracked_stone_bricks":1,"minecraft:beef":19,"farmersdelight:straw":32,"create:basin":5,"minecraft:raw_copper_block":1,"minecraft:sandstone":5,"reliquary:catalyzing_gland":1,"tconstruct:raw_cobalt":101,"reliquary:rib_bone":3,"create:crushed_raw_zinc":54,"create:golden_sheet":24,"architects_palette:tuff_pillar":2,"tconstruct:pickaxe":2,"farmersdelight:tomato_seeds":7,"ae2:sky_stone_chest":2,"create:powdered_obsidian":1,"minecraft:carrot":9,"buddycards:buddycard_pack_base":2,"minecraft:redstone":3,"create:zinc_ingot":1,"create:vertical_gearbox":1,"minecraft:arrow":41,"minecraft:weeping_vines":2,"ae2:certus_quartz_dust":186,"minecraft:nether_bricks":3,"minecraft:diamond_boots":2,"minecraft:gold_ingot":26,"minecraft:white_wool":13,"minecraft:nether_brick_wall":4,"forbidden_arcanus:spawner_scrap":16,"biomesoplenty:orange_sand":14,"minecraft:rail":1,"biomesoplenty:white_sand":14,"create:iron_sheet":43,"minecraft:basalt":441,"minecraft:leather":30,"forbidden_arcanus:zombie_arm":1,"minecraft:oak_log":194,"create:andesite_alloy":82,"minecraft:golden_boots":1,"minecraft:gunpowder":8,"create:copper_nugget":78,"occultism:candle_white":9,"minecraft:cooked_mutton":13,"create:crushed_raw_iron":118,"minecraft:red_nether_brick_stairs":2,"minecraft:apple":2,"minecraft:stone_bricks":31,"minecraft:kelp":184,"minecraft:iron_ingot":45,"minecraft:cooked_chicken":2,"minecraft:glass_bottle":1,"minecraft:iron_sword":1,"minecraft:soul_sand":8,"forbidden_arcanus:darkstone":8,"create:mechanical_saw":15,"minecraft:book":21,"minecraft:polished_andesite_stairs":1,"thermal:blitz_rod":1,"minecraft:smooth_basalt":26,"create:large_water_wheel":12,"minecraft:chiseled_stone_bricks":1,"minecraft:dripstone_block":3,"minecraft:quartz":77,"minecraft:dandelion":93,"minecraft:gravel":13,"minecraft:lava_bucket":1,"quark:oak_chest":8,"minecraft:spider_eye":7,"rubber_duck:rubber_duck_item":7,"forbidden_arcanus:arcane_crystal":41,"create:millstone":1,"minecraft:pumpkin_seeds":4,"expcaves:sediment_stone":5,"minecraft:stone_axe":1,"tconstruct:cobalt_ore":31,"create:encased_fan":2,"create:crushed_raw_copper":199,"expcaves:deepslate_pebble":6,"minecraft:baked_potato":21,"minecraft:melon_seeds":13,"minecraft:coal":95},"minecraft:killed_by":{"minecraft:piglin":2,"minecraft:zombie":1,"minecraft:player":1,"minecraft:skeleton":1},"minecraft:broken":{"minecraft:chainmail_boots":1,"minecraft:stone_axe":1,"minecraft:iron_pickaxe":1},"minecraft:crafted":{"create:crushed_raw_copper":9,"minecraft:oak_planks":740,"thermal:saw_blade":5,"farmersdelight:canvas":7,"minecraft:oak_pressure_plate":1,"create:andesite_casing":20,"tconstruct:pick_head":1,"minecraft:iron_bars":16,"create:vertical_gearbox":5,"minecraft:hopper":3,"minecraft:iron_boots":1,"create:cogwheel":128,"architects_palette:algal_brick":123,"create:brass_hand":5,"create:depot":1,"sophisticatedbackpacks:backpack":1,"minecraft:crafting_table":8,"minecraft:iron_helmet":2,"minecraft:wooden_pickaxe":1,"minecraft:baked_potato":69,"tconstruct:blank_sand_cast":4,"minecraft:copper_ingot":57,"create:gearbox":5,"farmersdelight:cutting_board":1,"minecraft:iron_chestplate":2,"minecraft:diamond_pickaxe":3,"create:water_wheel":3,"minecraft:shield":2,"create:super_glue":1,"minecraft:stick":396,"quark:oak_chest":13,"minecraft:iron_ingot":34,"minecraft:iron_pickaxe":2,"create:large_cogwheel":3,"create:propeller":4,"kubejs:kinetic_mechanism":97,"thermal:cured_rubber":12,"create:chute":8,"tconstruct:pattern":9,"minecraft:stone_shovel":1,"tconstruct:part_builder":1,"create:wrench":1,"minecraft:iron_nugget":63,"minecraft:furnace":3,"minecraft:bone_meal":75,"minecraft:oak_trapdoor":32,"minecraft:flint_and_steel":1,"tconstruct:tinker_station":1,"waterstrainer:strainer_survivalist":6,"quark:acacia_chest":1,"minecraft:iron_axe":2,"minecraft:ladder":164,"create:millstone":5,"minecraft:stone_pickaxe":1,"minecraft:diamond_boots":1,"kubejs:andesite_machine":18,"create:belt_connector":6,"sophisticatedbackpacks:iron_backpack":2,"minecraft:cooked_beef":7,"minecraft:cooked_cod":20,"create:andesite_alloy":84,"minecraft:iron_sword":2,"architects_palette:algal_blend":120,"sophisticatedbackpacks:gold_backpack":2,"minecraft:stone_axe":1,"minecraft:air":0,"minecraft:oak_boat":1,"minecraft:iron_leggings":1,"create:shaft":160,"minecraft:torch":236},"minecraft:dropped":{"farmersdelight:iron_knife":1,"minecraft:iron_sword":3,"create:super_glue":1,"minecraft:soul_sand":2,"occultism:datura_seeds":6,"minecraft:diamond_axe":1,"minecraft:lapis_lazuli":4,"minecraft:cooked_beef":7,"minecraft:oak_log":128,"minecraft:ender_pearl":12,"minecraft:glass_bottle":2,"minecraft:cookie":1,"create:copper_nugget":3,"architects_palette:heliodor_rod":1,"minecraft:leather":12,"minecraft:cracked_stone_bricks":1,"buddycards:buddycard_base30":1,"minecraft:rail":3,"sophisticatedbackpacks:gold_backpack":2,"minecraft:dirt":54,"buddycards:buddycard_base17":1,"tconstruct:materials_and_you":1,"create:scorchia":5,"minecraft:cooked_cod":7,"create:crushed_raw_nickel":3,"gravestone:obituary":8,"minecraft:writable_book":4,"forbidden_arcanus:darkstone":8,"thermal:copper_dust":39,"create:iron_sheet":2,"create:crushed_raw_iron":51,"minecraft:sand":20,"rubber_duck:rubber_duck_item":1,"minecraft:iron_pickaxe":4,"minecraft:white_wool":17,"minecraft:gold_ingot":49,"minecraft:bone":8,"minecraft:gravel":3,"minecraft:stone_axe":1,"minecraft:blackstone":62,"create:crushed_raw_copper":87,"farmersdelight:canvas":7,"minecraft:iron_nugget":8,"create:crushed_raw_lead":14,"minecraft:cobbled_deepslate":134,"minecraft:obsidian":1,"minecraft:rotten_flesh":25,"minecraft:oak_planks":25,"expcaves:lavastone":12,"biomesoplenty:white_sand":18,"thermal:rubber_block":2,"minecraft:carrot":2,"minecraft:chainmail_chestplate":1,"minecraft:chiseled_stone_bricks":1,"cb_microblock:stone_rod":1,"minecraft:melon_seeds":13,"create:wrench":2,"expcaves:deepslate_pebble":6,"buddycards:buddycard_base25":1,"minecraft:ladder":82,"minecraft:leather_leggings":1,"forbidden_arcanus:arcane_crystal":19,"minecraft:basalt":264,"minecraft:quartz":57,"minecraft:netherrack":628,"minecraft:splash_potion":11,"create:powdered_obsidian":1,"create:andesite_alloy":1,"thermal:silver_coin":2,"minecraft:enchanted_book":7,"minecraft:iron_ingot":118,"minecraft:wheat_seeds":10,"reliquary:molten_core":2,"create:mechanical_saw":5,"expcaves:sediment_stone":4,"ae2:sky_stone_block":13,"minecraft:iron_helmet":3,"minecraft:feather":3,"minecraft:cobblestone":73,"minecraft:book":6,"create:chute":6,"cb_microblock:iron_saw":1,"minecraft:granite":42,"minecraft:copper_ingot":57,"minecraft:nether_brick_wall":3,"minecraft:polished_andesite":1,"minecraft:stick":38,"create:andesite_casing":2,"minecraft:diamond_horse_armor":1,"create:brass_hand":4,"biomesoplenty:orange_sand":16,"minecraft:diorite":9,"minecraft:golden_carrot":1,"minecraft:torch":14,"minecraft:nether_wart_block":3,"tconstruct:raw_cobalt":101,"forbidden_arcanus:spawner_scrap":2,"buddycards:buddycard_base28":1,"minecraft:potion":8,"minecraft:iron_leggings":1,"forbidden_arcanus:edelwood_bucket":1,"minecraft:polished_andesite_stairs":1,"minecraft:iron_axe":2,"minecraft:smooth_stone":2,"minecraft:chainmail_leggings":1,"minecraft:string":7,"minecraft:smooth_basalt":26,"minecraft:dandelion":189,"create:shaft":6,"thermal:apatite":170,"minecraft:blaze_rod":7,"tconstruct:blank_sand_cast":12,"create:crushed_raw_zinc":11,"minecraft:tuff":3,"minecraft:clay_ball":76,"minecraft:iron_boots":1,"minecraft:name_tag":1,"farmersdelight:straw":4,"minecraft:nether_bricks":1,"minecraft:pumpkin_seeds":4,"minecraft:red_nether_brick_stairs":2,"minecraft:shield":2,"minecraft:iron_chestplate":5,"minecraft:diamond_pickaxe":5,"minecraft:andesite":3,"minecraft:golden_leggings":1,"minecraft:oak_sapling":10,"ae2:certus_quartz_dust":64,"kubejs:kinetic_mechanism":62,"kubejs:andesite_machine":1,"minecraft:diamond_boots":1,"minecraft:sandstone":5,"minecraft:bow":7,"minecraft:stone_pickaxe":1,"minecraft:wooden_pickaxe":1,"minecraft:calcite":5,"ae2:certus_quartz_crystal":8,"create:andesite_funnel":2,"thermal:sapphire":3,"create:golden_sheet":1},"minecraft:custom":{"lootr:looted_stat":74,"minecraft:interact_with_crafting_table":113,"minecraft:open_barrel":2,"minecraft:leave_game":18,"minecraft:time_since_death":90295,"minecraft:sprint_one_cm":1180848,"minecraft:damage_blocked_by_shield":3749,"minecraft:drop":465,"minecraft:talked_to_villager":4,"minecraft:play_time":561325,"minecraft:deaths":6,"minecraft:jump":9333,"minecraft:walk_on_water_one_cm":67850,"minecraft:enchant_item":6,"minecraft:interact_with_furnace":94,"minecraft:sleep_in_bed":18,"minecraft:damage_dealt":34813,"minecraft:player_kills":1,"minecraft:crouch_one_cm":106190,"minecraft:interact_with_smoker":20,"minecraft:interact_with_smithing_table":12,"minecraft:interact_with_anvil":3,"minecraft:mob_kills":256,"minecraft:climb_one_cm":29209,"minecraft:walk_one_cm":1055577,"minecraft:damage_dealt_absorbed":120,"minecraft:sneak_time":30002,"minecraft:walk_under_water_one_cm":147168,"minecraft:boat_one_cm":1264,"minecraft:interact_with_blast_furnace":1,"minecraft:total_world_time":561325,"minecraft:interact_with_grindstone":4,"minecraft:interact_with_stonecutter":5,"minecraft:time_since_rest":51671,"minecraft:damage_taken":13138,"minecraft:damage_absorbed":452,"minecraft:minecart_one_cm":17657,"minecraft:swim_one_cm":141053,"minecraft:fly_one_cm":2584059,"minecraft:open_chest":499,"minecraft:fall_one_cm":387816}},"DataVersion":2975}