{"stats":{"minecraft:broken":{"minecraft:chainmail_boots":1,"minecraft:iron_pickaxe":1,"minecraft:stone_axe":1},"minecraft:used":{"create:deployer":1,"minecraft:writable_book":1,"minecraft:ladder":124,"minecraft:rotten_flesh":7,"minecraft:soul_sand":6,"create:white_sail":17,"create:depot":1,"minecraft:lava_bucket":68,"farmersdelight:melon_popsicle":5,"create:andesite_funnel":7,"minecraft:bow":19,"create:shaft":21,"minecraft:furnace":4,"minecraft:cooked_cod":6,"minecraft:potato":67,"forbidden_arcanus:edelwood_bucket":8,"minecraft:wooden_pickaxe":4,"forbidden_arcanus:edelwood_suspicious_stew_bucket":1,"minecraft:golden_apple":12,"minecraft:oak_pressure_plate":1,"minecraft:diamond_sword":361,"create:basin":5,"minecraft:oak_boat":1,"minecraft:oak_trapdoor":21,"minecraft:acacia_log":2,"minecraft:netherrack":201,"minecraft:torch":195,"minecraft:iron_axe":187,"minecraft:basalt":65,"minecraft:beef":6,"minecraft:cobbled_deepslate":69,"create:belt_connector":4,"waterstrainer:strainer_base":5,"farmersdelight:iron_knife":665,"minecraft:water_bucket":130,"minecraft:nether_brick_wall":1,"create:encased_fan":5,"minecraft:crafting_table":9,"occultism:datura":2,"minecraft:oak_log":19,"minecraft:diamond_pickaxe":1903,"tconstruct:seared_table":1,"minecraft:iron_pickaxe":807,"create:water_wheel":6,"forbidden_arcanus:aureal_bottle":1,"create:andesite_tunnel":1,"moreminecarts:wooden_rail":2,"occultism:candle_white":9,"minecraft:cobblestone":195,"minecraft:potion":2,"minecraft:cooked_porkchop":24,"rubber_duck:rubber_duck_item":3,"quark:oak_chest":18,"minecraft:dandelion":2,"minecraft:iron_shovel":142,"ae2:sky_stone_chest":1,"create:portable_storage_interface":5,"minecraft:shield":59,"minecraft:iron_sword":223,"minecraft:nether_wart":6,"create:cogwheel":17,"minecraft:carrot":1,"minecraft:tuff":2,"minecraft:milk_bucket":1,"minecraft:obsidian":10,"create:crafting_blueprint":1,"minecraft:iron_helmet":1,"create:millstone":1,"minecraft:stone_bricks":37,"farmersdelight:cutting_board":1,"tconstruct:cobalt_ore":31,"minecraft:stone_pickaxe":19,"minecraft:oak_planks":17,"minecraft:ender_pearl":14,"create:mechanical_saw":15,"thermal:device_tree_extractor":1,"minecraft:string":3,"minecraft:andesite":4,"create:vertical_gearbox":7,"minecraft:coarse_dirt":1,"minecraft:bone_meal":75,"minecraft:golden_pickaxe":8,"create:large_cogwheel":18,"minecraft:flint_and_steel":11,"minecraft:cooked_chicken":2,"minecraft:dirt":79,"minecraft:hopper":10,"minecraft:granite":9,"create:chute":5,"minecraft:iron_hoe":54,"expcaves:sediment_stone":1,"tconstruct:tinker_station":1,"minecraft:golden_carrot":15,"minecraft:cooked_beef":50,"tconstruct:part_builder":1,"minecraft:cooked_mutton":16,"forbidden_arcanus:edelwood_lava_bucket":16,"minecraft:polished_andesite":1,"minecraft:baked_potato":69,"supplementaries:slingshot":6,"thermal:ice_grenade":1,"create:mechanical_harvester":5,"minecraft:apple":1,"create:mechanical_press":10,"create:windmill_bearing":5,"farmersdelight:cake_slice":11,"create:large_water_wheel":11,"minecraft:stone_axe":68,"minecraft:bucket":204},"minecraft:custom":{"minecraft:interact_with_crafting_table":137,"minecraft:open_barrel":6,"minecraft:leave_game":20,"minecraft:time_since_death":66329,"minecraft:damage_blocked_by_shield":3749,"minecraft:play_time":641997,"minecraft:deaths":7,"minecraft:jump":10224,"minecraft:enchant_item":6,"minecraft:interact_with_furnace":100,"minecraft:sleep_in_bed":23,"minecraft:damage_dealt":35719,"minecraft:interact_with_smoker":22,"minecraft:interact_with_smithing_table":13,"minecraft:interact_with_anvil":3,"minecraft:inspect_hopper":16,"minecraft:damage_dealt_absorbed":120,"minecraft:sneak_time":32073,"minecraft:interact_with_blast_furnace":3,"minecraft:total_world_time":641997,"minecraft:interact_with_stonecutter":8,"minecraft:time_since_rest":0,"minecraft:swim_one_cm":151128,"minecraft:fly_one_cm":3102633,"minecraft:open_chest":604,"minecraft:fall_one_cm":489498,"lootr:looted_stat":80,"minecraft:sprint_one_cm":1358539,"minecraft:drop":544,"minecraft:talked_to_villager":4,"minecraft:walk_on_water_one_cm":80797,"minecraft:player_kills":1,"minecraft:crouch_one_cm":113678,"minecraft:mob_kills":260,"minecraft:climb_one_cm":42205,"minecraft:walk_one_cm":1234766,"minecraft:walk_under_water_one_cm":152145,"minecraft:boat_one_cm":1264,"minecraft:interact_with_grindstone":4,"minecraft:damage_taken":15531,"minecraft:damage_absorbed":452,"minecraft:minecart_one_cm":17657},"minecraft:mined":{"thermal:cinnabar_ore":4,"minecraft:red_nether_bricks":2,"biomesoplenty:brimstone":1,"minecraft:obsidian":11,"minecraft:granite":26,"minecraft:acacia_log":2,"minecraft:hopper":2,"minecraft:nether_wart":8,"minecraft:chiseled_stone_bricks":1,"minecraft:spawner":16,"minecraft:polished_blackstone_bricks":3,"minecraft:weeping_vines_plant":1,"minecraft:magma_block":12,"minecraft:fire":66,"tconstruct:cobalt_ore":44,"minecraft:deepslate_lapis_ore":3,"thermal:sapphire_ore":2,"minecraft:enchanting_table":1,"minecraft:oak_stairs":1,"farmersdelight:rice_panicles":1,"create:mechanical_press":10,"create:limestone":5,"create:cogwheel":13,"ae2:sky_stone_chest":2,"minecraft:kelp_plant":27,"biomesoplenty:brimstone_fumarole":1,"minecraft:polished_andesite_stairs":4,"create:scoria":28,"minecraft:nether_brick_slab":2,"thermal:deepslate_lead_ore":14,"minecraft:amethyst_block":5,"create:basin":5,"create:portable_storage_interface":3,"forbidden_arcanus:darkstone":3,"expcaves:sediment_stone":3,"minecraft:grass":676,"minecraft:smooth_basalt":31,"minecraft:deepslate":85,"thermal:deepslate_apatite_ore":12,"create:zinc_ore":11,"create:millstone":1,"minecraft:mossy_cobblestone":2,"minecraft:nether_brick_wall":4,"farmersdelight:wild_carrots":1,"minecraft:nether_bricks":4,"create:encased_fan":2,"biomesoplenty:dead_grass":1,"minecraft:kelp":1,"create:shaft":12,"forbidden_arcanus:deepslate_arcane_crystal_ore":15,"minecraft:andesite":6,"minecraft:potatoes":6,"minecraft:rail":2,"expcaves:fire_moss":1,"ae2:sky_stone_block":4,"ae2:quartz_ore":6,"create:andesite_encased_large_cogwheel":1,"minecraft:white_wool":9,"minecraft:soul_sand":10,"quark:oak_chest":8,"expcaves:deepslate_pebble":2,"minecraft:dandelion":83,"create:water_wheel":3,"minecraft:tall_grass":89,"minecraft:copper_ore":79,"farmersdelight:wild_tomatoes":7,"minecraft:diorite":9,"create:mechanical_saw":15,"create:water_wheel_structure":10,"farmersdelight:skillet":1,"minecraft:coarse_dirt":1,"create:gearbox":2,"minecraft:birch_leaves":1,"minecraft:gravel":9,"minecraft:dripstone_block":3,"architects_palette:heliodor_rod":1,"minecraft:cobweb":45,"ae2:deepslate_quartz_ore":26,"minecraft:stone_bricks":34,"create:andesite_funnel":5,"create:deepslate_zinc_ore":29,"expcaves:quartz_treasure_amphora":2,"thermal:sulfur_ore":2,"minecraft:brewing_stand":1,"minecraft:grass_block":75,"minecraft:cracked_polished_blackstone_bricks":4,"tconstruct:seared_table":1,"minecraft:smooth_stone":2,"minecraft:red_nether_brick_stairs":2,"minecraft:iron_ore":57,"create:oak_window_pane":2,"architects_palette:tuff_pillar":2,"minecraft:pointed_dripstone":13,"occultism:candle_white":5,"minecraft:green_bed":1,"ae2:fluix_block":12,"create:radial_chassis":1,"minecraft:blackstone":96,"expcaves:rock_flint":1,"thermal:lead_ore":1,"minecraft:clay":28,"moreminecarts:wooden_rail":1,"minecraft:calcite":6,"minecraft:nether_quartz_ore":36,"minecraft:cobblestone":59,"minecraft:oak_planks":13,"minecraft:iron_door":1,"minecraft:wall_torch":1,"minecraft:deepslate_copper_ore":12,"create:large_water_wheel":3,"minecraft:seagrass":1,"minecraft:warped_nylium":2,"minecraft:smooth_stone_slab":2,"minecraft:oak_log":134,"minecraft:sand":2,"minecraft:dirt":62,"thermal:nickel_ore":3,"minecraft:wither_skeleton_skull":2,"minecraft:raw_copper_block":1,"minecraft:netherrack":1100,"minecraft:oak_leaves":17,"minecraft:nether_gold_ore":7,"expcaves:treasure_pot":2,"minecraft:tuff":6,"minecraft:deepslate_diamond_ore":8,"minecraft:ladder":1,"gravestone:gravestone":9,"create:large_cogwheel":14,"rubber_duck:rubber_duck_block":2,"minecraft:sandstone":5,"minecraft:oak_trapdoor":5,"minecraft:furnace":1,"create:white_sail":6,"create:scorchia":7,"create:windmill_bearing":4,"minecraft:bookshelf":7,"minecraft:deepslate_iron_ore":12,"minecraft:packed_ice":2,"minecraft:stone":188,"expcaves:lavastone":13,"tconstruct:ichor_slime_crystal_block":2,"farmersdelight:cooking_pot":1,"create:andesite_tunnel":1,"minecraft:basalt":418,"thermal:apatite_ore":8,"minecraft:crafting_table":2,"minecraft:lapis_ore":2,"supplementaries:urn":3,"occultism:iesnium_ore_natural":1,"create:mechanical_harvester":1,"forbidden_arcanus:xpetrified_ore":4,"minecraft:coal_ore":52,"farmersdelight:stove":3,"minecraft:polished_andesite":3},"minecraft:killed_by":{"minecraft:zombie":1,"minecraft:piglin":2,"minecraft:player":1,"minecraft:skeleton":1},"minecraft:killed":{"minecraft:cave_spider":7,"minecraft:skeleton":25,"thermal:blitz":2,"minecraft:magma_cube":59,"minecraft:pillager":2,"minecraft:zombie":62,"minecraft:cow":28,"thermal:basalz":3,"minecraft:spider":14,"minecraft:piglin_brute":1,"minecraft:piglin":18,"minecraft:pig":5,"minecraft:creeper":9,"minecraft:sheep":2,"minecraft:stray":2,"minecraft:blaze":10,"minecraft:wither_skeleton":5},"minecraft:picked_up":{"minecraft:iron_chestplate":4,"farmersdelight:rice_panicle":15,"minecraft:oak_stairs":1,"minecraft:enchanted_book":6,"kubejs:kinetic_mechanism":152,"minecraft:brewing_stand":1,"forbidden_arcanus:xpetrified_orb":6,"minecraft:string":90,"create:limestone":3,"minecraft:red_nether_bricks":3,"create:water_wheel":3,"tconstruct:ingot_cast":1,"minecraft:diamond_leggings":1,"minecraft:cobbled_deepslate":86,"minecraft:gold_nugget":96,"minecraft:enchanted_golden_apple":1,"sophisticatedbackpacks:netherite_backpack":1,"minecraft:golden_helmet":1,"minecraft:acacia_log":2,"minecraft:green_bed":1,"create:andesite_casing":8,"thermal:apatite":327,"farmersdelight:canvas":7,"ae2:fluix_block":12,"create:crushed_raw_nickel":6,"create:crafting_blueprint":1,"minecraft:blaze_rod":6,"minecraft:magma_block":16,"minecraft:feather":6,"minecraft:cooked_beef":45,"archers_paradox:training_arrow":1,"farmersdelight:rice":16,"minecraft:water_bucket":1,"reliquary:molten_core":11,"minecraft:flint":3,"supplementaries:slingshot":1,"thermal:sapphire":6,"tconstruct:seared_table":1,"create:shaft":51,"tconstruct:blank_sand_cast":8,"moreminecarts:wooden_rail":6,"forbidden_arcanus:edelwood_bucket":1,"create:crushed_raw_lead":29,"ae2:certus_quartz_crystal":19,"minecraft:polished_andesite":2,"minecraft:writable_book":4,"minecraft:granite":191,"reliquary:witch_hat":1,"minecraft:diamond_pickaxe":6,"sophisticatedbackpacks:gold_backpack":3,"minecraft:crafting_table":2,"minecraft:coarse_dirt":1,"minecraft:clay_ball":207,"minecraft:nether_wart":17,"waterstrainer:strainer_survivalist":3,"minecraft:leather_leggings":1,"tconstruct:materials_and_you":1,"expcaves:lavastone":12,"gravestone:obituary":4,"minecraft:flint_and_steel":1,"create:scorchia":5,"minecraft:iron_shovel":1,"minecraft:cracked_stone_bricks":1,"minecraft:beef":19,"minecraft:raw_copper_block":1,"minecraft:sandstone":5,"reliquary:rib_bone":3,"create:crushed_raw_zinc":54,"tconstruct:pickaxe":2,"farmersdelight:tomato_seeds":7,"create:powdered_obsidian":1,"minecraft:carrot":9,"buddycards:buddycard_pack_base":2,"minecraft:redstone":3,"create:vertical_gearbox":1,"minecraft:diamond_boots":2,"minecraft:gold_ingot":26,"minecraft:rail":1,"biomesoplenty:orange_sand":14,"minecraft:white_wool":13,"create:iron_sheet":43,"biomesoplenty:white_sand":14,"minecraft:oak_log":319,"minecraft:golden_boots":1,"farmersdelight:skillet":1,"create:crushed_raw_iron":118,"minecraft:apple":2,"minecraft:stone_bricks":31,"farmersdelight:cooking_pot":1,"minecraft:kelp":184,"minecraft:glass_bottle":1,"minecraft:iron_sword":1,"forbidden_arcanus:darkstone":8,"create:mechanical_saw":15,"minecraft:polished_andesite_stairs":1,"thermal:blitz_rod":1,"minecraft:smooth_basalt":26,"minecraft:gravel":13,"forbidden_arcanus:arcane_crystal":41,"rubber_duck:rubber_duck_item":7,"create:millstone":1,"minecraft:stone_axe":1,"tconstruct:cobalt_ore":31,"create:portable_storage_interface":3,"minecraft:baked_potato":21,"minecraft:melon_seeds":13,"minecraft:hopper":2,"buddycards:buddycard_pack_nether":3,"minecraft:potion":8,"thermal:basalz_rod":1,"minecraft:smooth_stone_slab":1,"create:andesite_funnel":9,"thermal:sulfur":8,"minecraft:bucket":1,"create:mechanical_press":10,"minecraft:smooth_stone":2,"reliquary:zombie_heart":4,"architects_palette:heliodor_rod":1,"minecraft:calcite":6,"minecraft:furnace":1,"minecraft:stick":28,"thermal:silver_coin":20,"minecraft:torch":29,"minecraft:pointed_dripstone":24,"minecraft:diorite":292,"ae2:sky_stone_block":25,"create:large_cogwheel":15,"minecraft:rotten_flesh":53,"occultism:datura":2,"minecraft:obsidian":11,"minecraft:cobblestone":257,"minecraft:enchanting_table":1,"occultism:datura_seeds":12,"minecraft:magma_cream":4,"minecraft:warped_fungus_on_a_stick":1,"minecraft:andesite":356,"minecraft:golden_leggings":3,"minecraft:potato":117,"minecraft:tuff":7,"supplementaries:flax_seeds":2,"minecraft:wither_skeleton_skull":2,"minecraft:dirt":137,"cb_microblock:iron_saw":1,"minecraft:lapis_lazuli":36,"minecraft:name_tag":1,"minecraft:leather_boots":1,"minecraft:bone":35,"minecraft:acacia_planks":19,"farmersdelight:iron_knife":1,"minecraft:wheat_seeds":53,"minecraft:oak_planks":13,"create:radial_chassis":1,"tconstruct:necrotic_bone":2,"minecraft:cooked_porkchop":5,"minecraft:music_disc_13":1,"create:cogwheel":13,"minecraft:sand":17,"minecraft:mossy_cobblestone":1,"minecraft:diamond":7,"minecraft:cracked_polished_blackstone_bricks":4,"minecraft:oak_sapling":27,"minecraft:netherrack":892,"create:white_sail":6,"minecraft:splash_potion":12,"minecraft:ladder":42,"thermal:cinnabar":6,"minecraft:wooden_pickaxe":2,"minecraft:diamond_horse_armor":1,"minecraft:shield":2,"create:mechanical_harvester":1,"minecraft:oak_trapdoor":4,"minecraft:iron_axe":2,"supplementaries:statue":1,"minecraft:blackstone":98,"create:chute":3,"reliquary:chelicerae":1,"farmersdelight:straw":176,"create:basin":5,"reliquary:catalyzing_gland":1,"tconstruct:raw_cobalt":101,"create:golden_sheet":24,"architects_palette:tuff_pillar":2,"create:windmill_bearing":4,"ae2:sky_stone_chest":2,"create:zinc_ingot":1,"minecraft:weeping_vines":2,"minecraft:arrow":41,"ae2:certus_quartz_dust":186,"minecraft:nether_bricks":3,"minecraft:nether_brick_wall":4,"forbidden_arcanus:spawner_scrap":16,"minecraft:basalt":441,"minecraft:leather":30,"forbidden_arcanus:zombie_arm":1,"create:andesite_alloy":84,"minecraft:gunpowder":8,"create:copper_nugget":78,"occultism:candle_white":9,"minecraft:cooked_mutton":13,"minecraft:red_nether_brick_stairs":2,"minecraft:iron_ingot":45,"minecraft:cooked_chicken":2,"minecraft:soul_sand":8,"minecraft:book":21,"create:large_water_wheel":12,"minecraft:chiseled_stone_bricks":1,"minecraft:dripstone_block":3,"minecraft:dandelion":93,"minecraft:quartz":77,"minecraft:lava_bucket":1,"quark:oak_chest":8,"minecraft:spider_eye":7,"minecraft:pumpkin_seeds":4,"expcaves:sediment_stone":5,"minecraft:iron_helmet":2,"create:encased_fan":2,"create:crushed_raw_copper":199,"expcaves:deepslate_pebble":6,"farmersdelight:stove":3,"minecraft:coal":95},"minecraft:crafted":{"create:crushed_raw_copper":9,"thermal:saw_blade":5,"minecraft:oak_pressure_plate":1,"tconstruct:pick_head":1,"minecraft:iron_bars":16,"create:vertical_gearbox":5,"minecraft:glass":128,"create:cogwheel":128,"architects_palette:algal_brick":123,"farmersdelight:iron_knife":1,"tconstruct:blank_sand_cast":4,"minecraft:copper_ingot":57,"create:gearbox":5,"quark:oak_chest":19,"minecraft:iron_pickaxe":2,"create:large_cogwheel":3,"create:propeller":4,"kubejs:kinetic_mechanism":97,"projectred_core:screwdriver":1,"minecraft:stone_shovel":1,"tconstruct:part_builder":1,"create:wrench":1,"minecraft:iron_nugget":99,"create:white_sail":12,"minecraft:bone_meal":75,"tconstruct:tinker_station":1,"waterstrainer:strainer_survivalist":18,"minecraft:ladder":164,"minecraft:stone_pickaxe":1,"minecraft:diamond_boots":1,"kubejs:andesite_machine":21,"create:belt_connector":6,"create:windmill_bearing":1,"sophisticatedbackpacks:gold_backpack":2,"minecraft:iron_leggings":1,"create:shaft":160,"minecraft:oak_planks":784,"farmersdelight:canvas":43,"create:andesite_casing":20,"minecraft:hopper":9,"minecraft:iron_boots":1,"create:brass_hand":5,"create:depot":1,"sophisticatedbackpacks:backpack":1,"minecraft:crafting_table":8,"minecraft:wooden_pickaxe":1,"minecraft:baked_potato":69,"minecraft:iron_helmet":3,"farmersdelight:cutting_board":1,"minecraft:iron_chestplate":3,"minecraft:diamond_pickaxe":3,"create:water_wheel":3,"minecraft:shield":2,"create:super_glue":1,"minecraft:stick":520,"minecraft:iron_ingot":36,"create:chute":8,"thermal:cured_rubber":12,"tconstruct:pattern":9,"minecraft:furnace":3,"minecraft:oak_trapdoor":32,"minecraft:flint_and_steel":1,"quark:acacia_chest":1,"minecraft:iron_axe":3,"minecraft:iron_hoe":1,"create:millstone":5,"sophisticatedbackpacks:iron_backpack":2,"minecraft:cooked_beef":14,"minecraft:cooked_cod":20,"create:andesite_alloy":84,"minecraft:iron_sword":2,"architects_palette:algal_blend":120,"minecraft:stone_axe":1,"minecraft:air":0,"minecraft:blue_dye":2,"minecraft:oak_boat":1,"minecraft:white_wool":32,"minecraft:torch":236},"minecraft:dropped":{"architects_palette:tuff_pillar":2,"farmersdelight:iron_knife":1,"minecraft:iron_sword":3,"occultism:datura_seeds":11,"minecraft:lapis_lazuli":4,"minecraft:cooked_beef":7,"minecraft:glass_bottle":2,"minecraft:cookie":1,"create:copper_nugget":3,"architects_palette:heliodor_rod":1,"minecraft:cracked_stone_bricks":1,"minecraft:rail":3,"sophisticatedbackpacks:gold_backpack":2,"minecraft:dirt":54,"buddycards:buddycard_base17":1,"create:scorchia":5,"sophisticatedbackpacks:netherite_backpack":1,"minecraft:writable_book":4,"minecraft:sand":20,"forbidden_arcanus:darkstone":8,"rubber_duck:rubber_duck_item":1,"minecraft:iron_pickaxe":4,"minecraft:white_wool":17,"minecraft:bone":8,"minecraft:stone_axe":1,"farmersdelight:canvas":25,"create:crushed_raw_copper":87,"minecraft:iron_nugget":14,"minecraft:cobbled_deepslate":134,"create:crushed_raw_lead":14,"minecraft:obsidian":1,"minecraft:rotten_flesh":25,"minecraft:oak_planks":25,"tconstruct:ingot_cast":1,"thermal:rubber_block":2,"minecraft:hopper":1,"create:wrench":2,"minecraft:ladder":82,"minecraft:leather_leggings":1,"forbidden_arcanus:arcane_crystal":19,"minecraft:enchanted_book":7,"thermal:silver_coin":2,"minecraft:iron_ingot":118,"minecraft:wheat_seeds":49,"reliquary:molten_core":2,"expcaves:sediment_stone":4,"minecraft:iron_helmet":6,"minecraft:feather":3,"minecraft:cobblestone":73,"minecraft:book":6,"minecraft:granite":268,"minecraft:polished_andesite":1,"create:andesite_casing":2,"minecraft:diamond_horse_armor":1,"minecraft:golden_carrot":1,"minecraft:potion":8,"forbidden_arcanus:edelwood_bucket":1,"minecraft:smooth_stone":2,"minecraft:chainmail_leggings":1,"minecraft:string":7,"thermal:apatite":170,"minecraft:clay_ball":76,"minecraft:iron_boots":1,"farmersdelight:straw":4,"minecraft:name_tag":1,"minecraft:nether_bricks":1,"minecraft:pumpkin_seeds":4,"minecraft:diamond_pickaxe":5,"minecraft:sandstone":5,"minecraft:bow":7,"moreminecarts:wooden_rail":1,"ae2:certus_quartz_crystal":8,"thermal:sapphire":3,"create:andesite_funnel":2,"create:super_glue":1,"minecraft:soul_sand":2,"minecraft:diamond_axe":1,"minecraft:oak_log":252,"minecraft:ender_pearl":12,"minecraft:leather":12,"buddycards:buddycard_base30":1,"tconstruct:materials_and_you":1,"minecraft:cooked_cod":7,"create:crushed_raw_nickel":3,"gravestone:obituary":10,"thermal:copper_dust":39,"create:crushed_raw_iron":51,"create:iron_sheet":2,"minecraft:gold_ingot":49,"minecraft:gravel":3,"minecraft:blackstone":62,"expcaves:lavastone":12,"biomesoplenty:white_sand":18,"minecraft:carrot":2,"minecraft:chainmail_chestplate":2,"minecraft:chiseled_stone_bricks":1,"cb_microblock:stone_rod":1,"minecraft:melon_seeds":13,"buddycards:buddycard_base25":1,"expcaves:deepslate_pebble":6,"minecraft:basalt":264,"minecraft:quartz":57,"minecraft:splash_potion":11,"minecraft:netherrack":628,"create:andesite_alloy":3,"create:powdered_obsidian":1,"create:mechanical_saw":5,"ae2:sky_stone_block":13,"create:chute":6,"cb_microblock:iron_saw":1,"minecraft:nether_brick_wall":3,"minecraft:copper_ingot":57,"minecraft:stick":48,"create:brass_hand":4,"biomesoplenty:orange_sand":16,"minecraft:diorite":350,"minecraft:torch":14,"minecraft:nether_wart_block":3,"buddycards:buddycard_base28":1,"forbidden_arcanus:spawner_scrap":2,"tconstruct:raw_cobalt":101,"minecraft:iron_leggings":1,"minecraft:polished_andesite_stairs":1,"minecraft:iron_axe":2,"minecraft:dandelion":189,"minecraft:smooth_basalt":26,"create:shaft":6,"minecraft:blaze_rod":7,"tconstruct:blank_sand_cast":12,"create:crushed_raw_zinc":11,"minecraft:tuff":3,"minecraft:red_nether_brick_stairs":2,"minecraft:shield":2,"minecraft:iron_chestplate":5,"minecraft:andesite":353,"minecraft:golden_leggings":1,"minecraft:oak_sapling":10,"ae2:certus_quartz_dust":64,"kubejs:kinetic_mechanism":158,"kubejs:andesite_machine":1,"minecraft:diamond_boots":1,"minecraft:stone_pickaxe":1,"minecraft:wooden_pickaxe":1,"minecraft:calcite":5,"waterstrainer:strainer_survivalist":2,"create:golden_sheet":1}},"DataVersion":2975}