{"stats":{"minecraft:custom":{"minecraft:time_since_rest":26219,"minecraft:interact_with_furnace":5,"lootr:looted_stat":3,"minecraft:sprint_one_cm":61935,"minecraft:damage_taken":509,"minecraft:walk_one_cm":49977,"minecraft:mob_kills":21,"minecraft:drop":6,"minecraft:minecart_one_cm":4447,"minecraft:damage_dealt":3178,"minecraft:swim_one_cm":6988,"minecraft:interact_with_crafting_table":4,"minecraft:fly_one_cm":168459,"minecraft:open_chest":1,"minecraft:crouch_one_cm":1073,"minecraft:play_time":26219,"minecraft:sneak_time":366,"minecraft:walk_under_water_one_cm":1204,"minecraft:jump":656,"minecraft:leave_game":3,"minecraft:walk_on_water_one_cm":1460,"minecraft:time_since_death":26219,"minecraft:total_world_time":26219,"minecraft:fall_one_cm":15620},"minecraft:killed":{"minecraft:skeleton":1,"minecraft:zombie":6,"minecraft:pig":1,"minecraft:creeper":3,"minecraft:cow":9},"minecraft:crafted":{"minecraft:cooked_beef":2,"minecraft:oak_planks":24,"minecraft:stone_shovel":1,"minecraft:crafting_table":1,"minecraft:stick":8,"minecraft:wooden_pickaxe":1,"minecraft:stone_pickaxe":1,"minecraft:furnace":1,"minecraft:stone_axe":1,"minecraft:air":0},"minecraft:mined":{"expcaves:treasure_pot":1,"expcaves:rock_flint":1,"minecraft:crafting_table":1,"minecraft:grass":2,"minecraft:acacia_log":2,"minecraft:grass_block":1,"minecraft:oak_log":6,"minecraft:dirt":3,"minecraft:packed_ice":2,"farmersdelight:wild_tomatoes":7,"minecraft:stone":19,"minecraft:iron_door":1},"minecraft:picked_up":{"thermal:silver_coin":17,"minecraft:stick":3,"minecraft:crafting_table":1,"minecraft:leather":9,"minecraft:acacia_log":2,"minecraft:flint":1,"farmersdelight:tomato_seeds":7,"minecraft:oak_log":6,"minecraft:gunpowder":2,"create:zinc_ingot":1,"supplementaries:slingshot":1,"minecraft:dirt":4,"minecraft:arrow":2,"minecraft:bone":2,"minecraft:rotten_flesh":6,"minecraft:apple":1,"minecraft:wheat_seeds":3,"minecraft:writable_book":4,"minecraft:beef":19,"minecraft:oak_sapling":2,"minecraft:cobblestone":23},"minecraft:dropped":{"minecraft:wheat_seeds":3,"minecraft:cobblestone":4,"minecraft:writable_book":2},"minecraft:used":{"minecraft:writable_book":1,"minecraft:acacia_log":2,"farmersdelight:cake_slice":11,"minecraft:stone_pickaxe":19,"farmersdelight:melon_popsicle":5,"minecraft:wooden_pickaxe":3,"minecraft:rotten_flesh":6,"supplementaries:slingshot":4,"minecraft:stone_axe":35,"minecraft:beef":1,"minecraft:crafting_table":1,"minecraft:furnace":1,"minecraft:cooked_beef":2,"minecraft:golden_pickaxe":2}},"DataVersion":2975}