{"stats":{"minecraft:used":{"minecraft:dirt":1,"minecraft:crafting_table":1,"minecraft:stone_pickaxe":8,"minecraft:wooden_pickaxe":3},"minecraft:crafted":{"minecraft:oak_planks":20,"minecraft:crafting_table":1,"minecraft:stick":8,"minecraft:wooden_pickaxe":1,"minecraft:stone_pickaxe":1},"minecraft:mined":{"minecraft:grass_block":3,"minecraft:oak_log":5,"expcaves:broken_stone":8,"minecraft:dirt":4,"minecraft:stone":3,"minecraft:birch_leaves":1,"minecraft:oak_leaves":3},"minecraft:custom":{"minecraft:time_since_rest":12365,"minecraft:crouch_one_cm":517,"minecraft:play_time":12365,"minecraft:sprint_one_cm":8767,"minecraft:damage_taken":10,"minecraft:walk_one_cm":12170,"minecraft:sneak_time":231,"minecraft:jump":51,"minecraft:damage_dealt":15,"minecraft:leave_game":2,"minecraft:time_since_death":12365,"minecraft:total_world_time":12365,"minecraft:interact_with_crafting_table":7,"minecraft:fall_one_cm":894,"minecraft:fly_one_cm":4355},"minecraft:picked_up":{"minecraft:stick":5,"minecraft:apple":1,"minecraft:oak_log":5,"minecraft:oak_sapling":4,"minecraft:cobblestone":11,"minecraft:dirt":7}},"DataVersion":2975}