{"stats":{"minecraft:custom":{"minecraft:interact_with_smithing_table":2,"lootr:looted_stat":21,"minecraft:mob_kills":66,"minecraft:interact_with_crafting_table":21,"minecraft:open_barrel":1,"minecraft:leave_game":5,"minecraft:time_since_death":57566,"minecraft:sprint_one_cm":232275,"minecraft:walk_one_cm":182990,"minecraft:damage_blocked_by_shield":1115,"minecraft:drop":47,"minecraft:play_time":91229,"minecraft:deaths":1,"minecraft:sneak_time":1414,"minecraft:walk_under_water_one_cm":1815,"minecraft:jump":1731,"minecraft:walk_on_water_one_cm":2682,"minecraft:total_world_time":91229,"minecraft:interact_with_furnace":24,"minecraft:sleep_in_bed":2,"minecraft:time_since_rest":16312,"minecraft:damage_taken":2078,"minecraft:minecart_one_cm":4447,"minecraft:damage_dealt":10360,"minecraft:swim_one_cm":16267,"minecraft:fly_one_cm":374960,"minecraft:open_chest":32,"minecraft:crouch_one_cm":4088,"minecraft:interact_with_smoker":1,"minecraft:fall_one_cm":39307},"minecraft:killed":{"minecraft:cave_spider":3,"minecraft:spider":9,"minecraft:skeleton":7,"minecraft:pig":4,"minecraft:creeper":3,"minecraft:sheep":1,"minecraft:zombie":24,"minecraft:stray":2,"minecraft:cow":9},"minecraft:crafted":{"minecraft:oak_planks":24,"minecraft:stone_shovel":1,"minecraft:iron_nugget":36,"minecraft:furnace":3,"create:andesite_casing":16,"quark:acacia_chest":1,"minecraft:stone_pickaxe":1,"kubejs:andesite_machine":3,"architects_palette:algal_brick":20,"minecraft:cooked_beef":7,"minecraft:cooked_cod":13,"create:andesite_alloy":4,"sophisticatedbackpacks:backpack":1,"minecraft:crafting_table":2,"minecraft:wooden_pickaxe":1,"minecraft:iron_sword":1,"minecraft:stone_axe":1,"minecraft:air":0,"minecraft:diamond_pickaxe":1,"minecraft:shield":1,"minecraft:stick":28,"minecraft:iron_ingot":5,"minecraft:iron_pickaxe":1,"kubejs:kinetic_mechanism":7,"minecraft:torch":60},"minecraft:mined":{"create:zinc_ore":2,"create:deepslate_zinc_ore":10,"expcaves:treasure_pot":1,"minecraft:tuff":1,"thermal:cinnabar_ore":2,"minecraft:deepslate_diamond_ore":4,"thermal:sulfur_ore":2,"minecraft:brewing_stand":1,"minecraft:granite":1,"gravestone:gravestone":1,"minecraft:acacia_log":2,"minecraft:grass_block":6,"minecraft:chiseled_stone_bricks":1,"minecraft:spawner":4,"forbidden_arcanus:deepslate_arcane_crystal_ore":3,"minecraft:furnace":1,"minecraft:iron_ore":24,"minecraft:fire":14,"minecraft:andesite":1,"minecraft:deepslate_lapis_ore":3,"minecraft:enchanting_table":1,"minecraft:bookshelf":5,"minecraft:deepslate_iron_ore":5,"minecraft:oak_stairs":1,"minecraft:packed_ice":2,"minecraft:stone":45,"ae2:quartz_ore":3,"create:limestone":5,"minecraft:green_bed":1,"expcaves:rock_flint":1,"thermal:lead_ore":1,"thermal:apatite_ore":6,"minecraft:crafting_table":2,"thermal:deepslate_lead_ore":1,"farmersdelight:wild_tomatoes":7,"minecraft:iron_door":1,"minecraft:grass":2,"minecraft:coal_ore":18,"minecraft:oak_log":56,"minecraft:dirt":19,"ae2:deepslate_quartz_ore":13,"minecraft:polished_andesite":1,"minecraft:oak_leaves":4,"minecraft:deepslate":17},"minecraft:broken":{"minecraft:stone_axe":1},"minecraft:picked_up":{"minecraft:iron_chestplate":1,"minecraft:crafting_table":2,"minecraft:leather_leggings":1,"thermal:cinnabar":4,"minecraft:oak_stairs":1,"minecraft:brewing_stand":1,"minecraft:shield":1,"create:limestone":3,"minecraft:string":14,"minecraft:iron_axe":1,"reliquary:chelicerae":1,"thermal:sulfur":8,"minecraft:gold_nugget":24,"minecraft:cobbled_deepslate":15,"minecraft:bucket":1,"minecraft:beef":19,"minecraft:furnace":1,"minecraft:golden_helmet":1,"thermal:silver_coin":17,"minecraft:stick":4,"create:crushed_raw_zinc":12,"minecraft:torch":2,"minecraft:green_bed":1,"minecraft:acacia_log":2,"farmersdelight:tomato_seeds":7,"minecraft:carrot":1,"buddycards:buddycard_pack_base":1,"minecraft:redstone":3,"create:zinc_ingot":1,"thermal:apatite":40,"minecraft:arrow":17,"minecraft:rotten_flesh":28,"ae2:certus_quartz_dust":57,"forbidden_arcanus:spawner_scrap":5,"minecraft:white_wool":1,"minecraft:cobblestone":51,"minecraft:enchanting_table":1,"minecraft:andesite":1,"forbidden_arcanus:zombie_arm":1,"minecraft:golden_leggings":1,"minecraft:leather":9,"minecraft:flint":1,"minecraft:tuff":2,"minecraft:oak_log":56,"create:andesite_alloy":29,"minecraft:gunpowder":4,"supplementaries:slingshot":1,"minecraft:lapis_lazuli":19,"create:copper_nugget":36,"minecraft:dirt":19,"minecraft:leather_boots":1,"minecraft:cooked_mutton":13,"minecraft:bone":20,"create:crushed_raw_iron":30,"minecraft:acacia_planks":19,"minecraft:apple":2,"minecraft:wheat_seeds":4,"minecraft:iron_ingot":11,"minecraft:glass_bottle":1,"minecraft:book":15,"minecraft:cooked_porkchop":5,"minecraft:chiseled_stone_bricks":1,"create:crushed_raw_lead":2,"ae2:certus_quartz_crystal":3,"minecraft:spider_eye":7,"rubber_duck:rubber_duck_item":1,"forbidden_arcanus:arcane_crystal":3,"minecraft:polished_andesite":1,"minecraft:diamond":3,"minecraft:stone_axe":1,"minecraft:writable_book":4,"create:crushed_raw_copper":7,"minecraft:granite":1,"minecraft:oak_sapling":10,"minecraft:coal":29},"minecraft:dropped":{"minecraft:wheat_seeds":3,"minecraft:cooked_beef":3,"minecraft:glass_bottle":1,"minecraft:iron_helmet":1,"minecraft:cookie":1,"minecraft:cobblestone":9,"minecraft:leather":5,"minecraft:stick":2,"minecraft:dirt":14,"minecraft:cooked_cod":7,"forbidden_arcanus:spawner_scrap":2,"gravestone:obituary":1,"minecraft:writable_book":4,"thermal:copper_dust":18,"minecraft:iron_axe":1,"minecraft:iron_pickaxe":1,"minecraft:chainmail_leggings":1,"minecraft:string":2,"minecraft:stone_axe":1,"create:crushed_raw_copper":7,"create:crushed_raw_lead":1,"minecraft:rotten_flesh":9,"minecraft:oak_planks":1,"minecraft:clay_ball":36,"minecraft:chiseled_stone_bricks":1,"cb_microblock:stone_rod":1,"minecraft:andesite":2,"minecraft:golden_leggings":1,"minecraft:oak_sapling":8,"minecraft:leather_leggings":1,"minecraft:stone_pickaxe":1},"minecraft:killed_by":{"minecraft:skeleton":1},"minecraft:used":{"minecraft:writable_book":1,"minecraft:iron_shovel":8,"minecraft:acacia_log":2,"minecraft:flint_and_steel":10,"minecraft:shield":20,"minecraft:iron_sword":99,"minecraft:rotten_flesh":7,"minecraft:torch":54,"minecraft:dirt":1,"minecraft:granite":1,"minecraft:iron_axe":56,"farmersdelight:melon_popsicle":5,"minecraft:beef":6,"minecraft:furnace":4,"minecraft:cooked_cod":6,"minecraft:cooked_beef":2,"minecraft:cobbled_deepslate":4,"minecraft:cooked_mutton":13,"minecraft:polished_andesite":1,"minecraft:stone_pickaxe":19,"minecraft:wooden_pickaxe":3,"supplementaries:slingshot":6,"thermal:ice_grenade":1,"minecraft:crafting_table":3,"thermal:device_tree_extractor":1,"minecraft:diamond_pickaxe":66,"minecraft:apple":1,"farmersdelight:cake_slice":11,"minecraft:iron_pickaxe":91,"minecraft:stone_axe":68,"minecraft:potion":1,"minecraft:golden_pickaxe":8}},"DataVersion":2975}