{"stats":{"minecraft:killed_by":{"minecraft:skeleton":1},"minecraft:crafted":{"thermal:cured_rubber":12,"minecraft:oak_planks":180,"minecraft:stone_shovel":1,"thermal:saw_blade":5,"minecraft:iron_nugget":63,"minecraft:furnace":3,"create:andesite_casing":20,"minecraft:bone_meal":75,"minecraft:oak_trapdoor":8,"create:vertical_gearbox":2,"minecraft:hopper":3,"quark:acacia_chest":1,"minecraft:stone_pickaxe":1,"kubejs:andesite_machine":12,"create:belt_connector":6,"create:cogwheel":28,"architects_palette:algal_brick":74,"create:brass_hand":4,"sophisticatedbackpacks:iron_backpack":2,"minecraft:cooked_beef":7,"minecraft:cooked_cod":13,"create:andesite_alloy":36,"sophisticatedbackpacks:backpack":1,"minecraft:crafting_table":4,"minecraft:wooden_pickaxe":1,"minecraft:iron_sword":1,"sophisticatedbackpacks:gold_backpack":2,"minecraft:stone_axe":1,"minecraft:air":0,"create:gearbox":2,"create:water_wheel":2,"minecraft:diamond_pickaxe":1,"minecraft:shield":1,"create:super_glue":1,"minecraft:stick":28,"quark:oak_chest":10,"minecraft:iron_ingot":5,"minecraft:iron_pickaxe":1,"create:large_cogwheel":3,"create:propeller":4,"kubejs:kinetic_mechanism":31,"create:shaft":64,"minecraft:torch":60},"minecraft:broken":{"minecraft:stone_axe":1},"minecraft:dropped":{"minecraft:iron_ingot":72,"create:super_glue":1,"occultism:datura_seeds":1,"minecraft:wheat_seeds":8,"minecraft:cooked_beef":3,"minecraft:oak_log":102,"minecraft:glass_bottle":1,"create:mechanical_saw":5,"minecraft:cookie":1,"minecraft:iron_helmet":1,"minecraft:cobblestone":11,"minecraft:leather":5,"cb_microblock:iron_saw":1,"minecraft:stick":9,"create:andesite_casing":2,"create:brass_hand":4,"minecraft:dirt":21,"minecraft:cooked_cod":7,"forbidden_arcanus:spawner_scrap":2,"create:iron_sheet":2,"gravestone:obituary":1,"minecraft:writable_book":4,"thermal:copper_dust":39,"create:crushed_raw_iron":12,"minecraft:iron_axe":1,"minecraft:iron_pickaxe":1,"minecraft:chainmail_leggings":1,"minecraft:string":2,"minecraft:dandelion":189,"minecraft:gold_ingot":42,"minecraft:stone_axe":1,"create:crushed_raw_copper":7,"create:crushed_raw_lead":1,"minecraft:rotten_flesh":9,"minecraft:clay_ball":36,"minecraft:oak_planks":7,"thermal:rubber_block":2,"minecraft:chiseled_stone_bricks":1,"cb_microblock:stone_rod":1,"minecraft:andesite":2,"minecraft:golden_leggings":1,"minecraft:oak_sapling":8,"minecraft:leather_leggings":1,"kubejs:kinetic_mechanism":32,"kubejs:andesite_machine":1,"minecraft:stone_pickaxe":1,"create:andesite_funnel":2,"create:golden_sheet":1},"minecraft:mined":{"create:zinc_ore":2,"create:millstone":1,"create:deepslate_zinc_ore":10,"minecraft:tuff":1,"expcaves:treasure_pot":2,"thermal:cinnabar_ore":2,"minecraft:deepslate_diamond_ore":4,"thermal:sulfur_ore":2,"farmersdelight:wild_carrots":1,"minecraft:brewing_stand":1,"minecraft:granite":1,"gravestone:gravestone":1,"minecraft:acacia_log":2,"minecraft:grass_block":43,"create:large_cogwheel":12,"create:encased_fan":2,"minecraft:chiseled_stone_bricks":1,"minecraft:spawner":4,"minecraft:oak_trapdoor":4,"create:shaft":10,"forbidden_arcanus:deepslate_arcane_crystal_ore":3,"minecraft:furnace":1,"minecraft:iron_ore":24,"minecraft:fire":14,"minecraft:andesite":1,"minecraft:deepslate_lapis_ore":3,"minecraft:enchanting_table":1,"minecraft:bookshelf":5,"minecraft:deepslate_iron_ore":5,"minecraft:oak_stairs":1,"minecraft:packed_ice":2,"create:andesite_encased_large_cogwheel":1,"ae2:sky_stone_block":4,"minecraft:stone":45,"ae2:quartz_ore":3,"create:mechanical_press":10,"create:limestone":5,"minecraft:green_bed":1,"ae2:fluix_block":6,"create:cogwheel":13,"ae2:sky_stone_chest":1,"quark:oak_chest":2,"create:andesite_tunnel":1,"expcaves:rock_flint":1,"minecraft:dandelion":83,"thermal:lead_ore":1,"thermal:apatite_ore":6,"minecraft:crafting_table":2,"minecraft:tall_grass":4,"minecraft:cobblestone":34,"thermal:deepslate_lead_ore":1,"farmersdelight:wild_tomatoes":7,"minecraft:oak_planks":13,"minecraft:iron_door":1,"minecraft:wall_torch":1,"create:large_water_wheel":3,"create:mechanical_saw":15,"create:basin":4,"create:water_wheel_structure":9,"minecraft:coarse_dirt":1,"create:gearbox":1,"minecraft:grass":29,"minecraft:oak_log":132,"minecraft:coal_ore":18,"minecraft:dirt":23,"ae2:deepslate_quartz_ore":13,"minecraft:stone_bricks":27,"minecraft:polished_andesite":1,"minecraft:oak_leaves":14,"minecraft:deepslate":17},"minecraft:picked_up":{"minecraft:crafting_table":2,"minecraft:iron_chestplate":1,"minecraft:coarse_dirt":1,"minecraft:leather_leggings":1,"thermal:cinnabar":4,"minecraft:oak_stairs":1,"kubejs:kinetic_mechanism":80,"minecraft:brewing_stand":1,"minecraft:shield":1,"minecraft:oak_trapdoor":3,"minecraft:string":14,"minecraft:iron_axe":1,"create:limestone":3,"reliquary:chelicerae":1,"create:andesite_funnel":4,"thermal:sulfur":8,"create:mechanical_press":10,"minecraft:gold_nugget":24,"minecraft:cobbled_deepslate":15,"minecraft:bucket":1,"minecraft:beef":19,"create:basin":4,"minecraft:furnace":1,"minecraft:golden_helmet":1,"thermal:silver_coin":18,"minecraft:stick":18,"create:crushed_raw_zinc":12,"create:golden_sheet":17,"minecraft:torch":5,"minecraft:acacia_log":2,"minecraft:green_bed":1,"create:andesite_casing":8,"farmersdelight:tomato_seeds":7,"minecraft:redstone":3,"buddycards:buddycard_pack_base":1,"minecraft:carrot":4,"ae2:sky_stone_chest":1,"create:zinc_ingot":1,"create:vertical_gearbox":1,"thermal:apatite":40,"ae2:sky_stone_block":12,"create:large_cogwheel":13,"minecraft:arrow":17,"minecraft:rotten_flesh":28,"ae2:certus_quartz_dust":57,"ae2:fluix_block":6,"minecraft:gold_ingot":26,"forbidden_arcanus:spawner_scrap":5,"minecraft:white_wool":1,"minecraft:cobblestone":85,"minecraft:enchanting_table":1,"occultism:datura_seeds":1,"create:iron_sheet":39,"minecraft:cooked_beef":13,"minecraft:andesite":1,"minecraft:golden_leggings":1,"minecraft:leather":16,"forbidden_arcanus:zombie_arm":1,"minecraft:flint":1,"minecraft:tuff":2,"minecraft:oak_log":129,"create:andesite_alloy":59,"minecraft:gunpowder":4,"minecraft:lapis_lazuli":19,"supplementaries:slingshot":1,"create:copper_nugget":78,"minecraft:dirt":57,"minecraft:leather_boots":1,"minecraft:cooked_mutton":13,"minecraft:bone":20,"create:crushed_raw_iron":38,"minecraft:acacia_planks":19,"minecraft:apple":2,"minecraft:stone_bricks":25,"minecraft:wheat_seeds":9,"minecraft:iron_ingot":44,"create:shaft":10,"minecraft:glass_bottle":1,"minecraft:oak_planks":13,"create:mechanical_saw":15,"minecraft:book":15,"create:large_water_wheel":12,"minecraft:cooked_porkchop":5,"minecraft:chiseled_stone_bricks":1,"create:cogwheel":13,"create:crushed_raw_lead":2,"ae2:certus_quartz_crystal":3,"minecraft:dandelion":93,"quark:oak_chest":2,"minecraft:spider_eye":7,"create:millstone":1,"rubber_duck:rubber_duck_item":1,"forbidden_arcanus:arcane_crystal":3,"minecraft:polished_andesite":1,"minecraft:diamond":3,"minecraft:stone_axe":1,"minecraft:writable_book":4,"create:encased_fan":2,"create:crushed_raw_copper":7,"minecraft:granite":1,"minecraft:oak_sapling":25,"minecraft:coal":29},"minecraft:custom":{"minecraft:interact_with_anvil":1,"minecraft:interact_with_smithing_table":8,"lootr:looted_stat":21,"minecraft:mob_kills":81,"minecraft:interact_with_crafting_table":56,"minecraft:open_barrel":2,"minecraft:leave_game":9,"minecraft:time_since_death":170819,"minecraft:sprint_one_cm":395218,"minecraft:walk_one_cm":398108,"minecraft:damage_blocked_by_shield":1115,"minecraft:drop":179,"minecraft:play_time":204482,"minecraft:sneak_time":4097,"minecraft:deaths":1,"minecraft:walk_under_water_one_cm":9440,"minecraft:jump":3270,"minecraft:walk_on_water_one_cm":10777,"minecraft:total_world_time":204482,"minecraft:interact_with_furnace":49,"minecraft:interact_with_stonecutter":3,"minecraft:sleep_in_bed":11,"minecraft:time_since_rest":12568,"minecraft:damage_taken":2297,"minecraft:minecart_one_cm":4447,"minecraft:damage_dealt":12196,"minecraft:swim_one_cm":26296,"minecraft:fly_one_cm":701744,"minecraft:open_chest":163,"minecraft:crouch_one_cm":11356,"minecraft:interact_with_smoker":2,"minecraft:fall_one_cm":74719},"minecraft:used":{"minecraft:iron_shovel":41,"minecraft:writable_book":1,"minecraft:acacia_log":2,"minecraft:flint_and_steel":10,"ae2:sky_stone_chest":1,"minecraft:shield":20,"minecraft:iron_sword":130,"minecraft:rotten_flesh":7,"minecraft:torch":57,"minecraft:dirt":32,"minecraft:hopper":3,"create:cogwheel":11,"minecraft:granite":1,"minecraft:milk_bucket":1,"minecraft:lava_bucket":23,"minecraft:iron_axe":167,"farmersdelight:melon_popsicle":5,"create:millstone":1,"create:andesite_funnel":1,"minecraft:stone_bricks":27,"minecraft:bow":12,"minecraft:beef":6,"create:shaft":15,"minecraft:furnace":4,"minecraft:cooked_cod":6,"minecraft:cooked_beef":7,"minecraft:cobbled_deepslate":4,"create:belt_connector":4,"minecraft:cooked_mutton":16,"minecraft:water_bucket":25,"minecraft:stone_pickaxe":19,"minecraft:polished_andesite":1,"minecraft:oak_planks":13,"minecraft:wooden_pickaxe":3,"create:mechanical_saw":15,"supplementaries:slingshot":6,"thermal:ice_grenade":1,"create:encased_fan":4,"minecraft:crafting_table":5,"minecraft:oak_log":7,"thermal:device_tree_extractor":1,"minecraft:diamond_pickaxe":66,"minecraft:apple":1,"create:mechanical_press":8,"farmersdelight:cake_slice":11,"minecraft:iron_pickaxe":233,"create:water_wheel":2,"create:andesite_tunnel":1,"create:large_water_wheel":10,"minecraft:stone_axe":68,"minecraft:cobblestone":44,"create:basin":3,"minecraft:potion":1,"minecraft:bucket":52,"quark:oak_chest":9,"minecraft:dandelion":2,"create:vertical_gearbox":3,"minecraft:coarse_dirt":1,"minecraft:golden_pickaxe":8,"minecraft:bone_meal":75,"create:large_cogwheel":14,"minecraft:oak_trapdoor":8},"minecraft:killed":{"minecraft:cave_spider":3,"minecraft:spider":9,"minecraft:skeleton":7,"minecraft:pig":5,"minecraft:creeper":4,"minecraft:sheep":1,"minecraft:zombie":31,"minecraft:stray":2,"minecraft:cow":14}},"DataVersion":2975}