{"stats":{"minecraft:killed_by":{"minecraft:zombie":1,"minecraft:player":1,"minecraft:skeleton":1},"minecraft:crafted":{"create:crushed_raw_copper":9,"minecraft:oak_planks":664,"thermal:saw_blade":5,"farmersdelight:canvas":7,"minecraft:oak_pressure_plate":1,"create:andesite_casing":20,"tconstruct:pick_head":1,"minecraft:iron_bars":16,"create:vertical_gearbox":5,"minecraft:hopper":3,"create:cogwheel":108,"architects_palette:algal_brick":123,"create:brass_hand":5,"create:depot":1,"sophisticatedbackpacks:backpack":1,"minecraft:crafting_table":7,"minecraft:wooden_pickaxe":1,"tconstruct:blank_sand_cast":4,"minecraft:copper_ingot":57,"create:gearbox":5,"farmersdelight:cutting_board":1,"minecraft:diamond_pickaxe":3,"create:water_wheel":3,"minecraft:shield":1,"create:super_glue":1,"minecraft:stick":368,"quark:oak_chest":13,"minecraft:iron_ingot":34,"minecraft:iron_pickaxe":1,"create:large_cogwheel":3,"create:propeller":4,"kubejs:kinetic_mechanism":97,"thermal:cured_rubber":12,"create:chute":8,"tconstruct:pattern":9,"minecraft:stone_shovel":1,"tconstruct:part_builder":1,"create:wrench":1,"minecraft:iron_nugget":63,"minecraft:furnace":3,"minecraft:bone_meal":75,"minecraft:oak_trapdoor":20,"minecraft:flint_and_steel":1,"tconstruct:tinker_station":1,"waterstrainer:strainer_survivalist":6,"quark:acacia_chest":1,"minecraft:ladder":164,"minecraft:stone_pickaxe":1,"minecraft:diamond_boots":1,"kubejs:andesite_machine":18,"create:belt_connector":6,"sophisticatedbackpacks:iron_backpack":2,"minecraft:cooked_beef":7,"minecraft:cooked_cod":13,"create:andesite_alloy":84,"minecraft:iron_sword":1,"architects_palette:algal_blend":120,"sophisticatedbackpacks:gold_backpack":2,"minecraft:stone_axe":1,"minecraft:air":0,"minecraft:oak_boat":1,"create:shaft":88,"minecraft:torch":140},"minecraft:broken":{"minecraft:chainmail_boots":1,"minecraft:stone_axe":1},"minecraft:mined":{"create:deepslate_zinc_ore":29,"thermal:cinnabar_ore":4,"expcaves:quartz_treasure_amphora":1,"thermal:sulfur_ore":2,"minecraft:red_nether_bricks":1,"minecraft:brewing_stand":1,"minecraft:obsidian":11,"minecraft:granite":20,"minecraft:acacia_log":2,"minecraft:grass_block":73,"minecraft:chiseled_stone_bricks":1,"minecraft:spawner":13,"tconstruct:seared_table":1,"minecraft:smooth_stone":2,"minecraft:iron_ore":57,"minecraft:fire":14,"minecraft:deepslate_lapis_ore":3,"thermal:sapphire_ore":2,"minecraft:enchanting_table":1,"minecraft:oak_stairs":1,"farmersdelight:rice_panicles":1,"create:mechanical_press":10,"create:limestone":5,"minecraft:green_bed":1,"ae2:fluix_block":6,"create:cogwheel":13,"ae2:sky_stone_chest":1,"minecraft:kelp_plant":27,"expcaves:rock_flint":1,"minecraft:clay":28,"thermal:lead_ore":1,"moreminecarts:wooden_rail":1,"minecraft:polished_andesite_stairs":4,"minecraft:calcite":4,"minecraft:cobblestone":51,"thermal:deepslate_lead_ore":14,"minecraft:oak_planks":13,"minecraft:iron_door":1,"minecraft:wall_torch":1,"minecraft:amethyst_block":5,"minecraft:deepslate_copper_ore":12,"create:large_water_wheel":3,"create:basin":5,"minecraft:seagrass":1,"forbidden_arcanus:darkstone":3,"expcaves:sediment_stone":3,"minecraft:smooth_stone_slab":2,"minecraft:grass":44,"minecraft:oak_log":133,"minecraft:dirt":60,"thermal:nickel_ore":3,"minecraft:smooth_basalt":5,"minecraft:wither_skeleton_skull":2,"minecraft:raw_copper_block":1,"minecraft:netherrack":1,"minecraft:deepslate":85,"minecraft:oak_leaves":17,"thermal:deepslate_apatite_ore":12,"create:zinc_ore":11,"minecraft:tuff":6,"expcaves:treasure_pot":2,"create:millstone":1,"minecraft:mossy_cobblestone":2,"minecraft:deepslate_diamond_ore":8,"farmersdelight:wild_carrots":1,"gravestone:gravestone":3,"minecraft:ladder":1,"create:large_cogwheel":14,"rubber_duck:rubber_duck_block":2,"create:encased_fan":2,"minecraft:kelp":1,"create:shaft":12,"minecraft:oak_trapdoor":4,"forbidden_arcanus:deepslate_arcane_crystal_ore":15,"minecraft:furnace":1,"minecraft:andesite":5,"minecraft:bookshelf":7,"minecraft:deepslate_iron_ore":12,"minecraft:packed_ice":2,"expcaves:fire_moss":1,"expcaves:lavastone":13,"ae2:sky_stone_block":4,"minecraft:stone":135,"ae2:quartz_ore":6,"create:andesite_encased_large_cogwheel":1,"minecraft:white_wool":9,"minecraft:soul_sand":4,"quark:oak_chest":8,"create:andesite_tunnel":1,"expcaves:deepslate_pebble":2,"minecraft:dandelion":83,"thermal:apatite_ore":8,"minecraft:crafting_table":2,"create:water_wheel":3,"minecraft:copper_ore":79,"minecraft:tall_grass":9,"minecraft:lapis_ore":2,"farmersdelight:wild_tomatoes":7,"minecraft:diorite":9,"create:mechanical_saw":15,"create:water_wheel_structure":10,"minecraft:coarse_dirt":1,"forbidden_arcanus:xpetrified_ore":4,"create:gearbox":2,"minecraft:coal_ore":51,"minecraft:gravel":9,"minecraft:cobweb":45,"ae2:deepslate_quartz_ore":26,"minecraft:polished_andesite":3,"minecraft:stone_bricks":34,"create:andesite_funnel":5},"minecraft:dropped":{"farmersdelight:iron_knife":1,"minecraft:iron_sword":2,"create:super_glue":1,"occultism:datura_seeds":6,"minecraft:lapis_lazuli":4,"minecraft:cooked_beef":3,"minecraft:oak_log":103,"minecraft:glass_bottle":1,"minecraft:cookie":1,"create:copper_nugget":3,"minecraft:leather":12,"minecraft:cracked_stone_bricks":1,"buddycards:buddycard_base30":1,"sophisticatedbackpacks:gold_backpack":1,"minecraft:dirt":54,"buddycards:buddycard_base17":1,"tconstruct:materials_and_you":1,"minecraft:cooked_cod":7,"create:crushed_raw_nickel":3,"gravestone:obituary":4,"minecraft:writable_book":4,"forbidden_arcanus:darkstone":8,"minecraft:sand":18,"thermal:copper_dust":39,"create:crushed_raw_iron":51,"create:iron_sheet":2,"minecraft:iron_pickaxe":2,"minecraft:white_wool":12,"minecraft:gold_ingot":49,"minecraft:bone":4,"minecraft:gravel":3,"minecraft:stone_axe":1,"create:crushed_raw_copper":87,"farmersdelight:canvas":7,"minecraft:iron_nugget":8,"create:crushed_raw_lead":14,"minecraft:cobbled_deepslate":70,"minecraft:obsidian":1,"minecraft:rotten_flesh":24,"minecraft:oak_planks":20,"expcaves:lavastone":12,"biomesoplenty:white_sand":18,"thermal:rubber_block":2,"minecraft:carrot":2,"minecraft:chiseled_stone_bricks":1,"cb_microblock:stone_rod":1,"minecraft:melon_seeds":13,"create:wrench":1,"expcaves:deepslate_pebble":6,"buddycards:buddycard_base25":1,"minecraft:ladder":82,"minecraft:leather_leggings":1,"forbidden_arcanus:arcane_crystal":19,"minecraft:splash_potion":11,"create:andesite_alloy":1,"create:powdered_obsidian":1,"thermal:silver_coin":2,"minecraft:enchanted_book":7,"minecraft:iron_ingot":118,"minecraft:wheat_seeds":9,"create:mechanical_saw":5,"expcaves:sediment_stone":4,"minecraft:iron_helmet":1,"minecraft:feather":3,"minecraft:cobblestone":11,"minecraft:book":6,"create:chute":6,"cb_microblock:iron_saw":1,"minecraft:granite":30,"minecraft:copper_ingot":57,"minecraft:stick":24,"minecraft:polished_andesite":1,"create:andesite_casing":2,"create:brass_hand":4,"biomesoplenty:orange_sand":16,"minecraft:diorite":9,"minecraft:torch":14,"buddycards:buddycard_base28":1,"forbidden_arcanus:spawner_scrap":2,"minecraft:potion":8,"minecraft:polished_andesite_stairs":1,"minecraft:iron_axe":1,"minecraft:smooth_stone":2,"minecraft:chainmail_leggings":1,"minecraft:string":7,"minecraft:dandelion":189,"minecraft:smooth_basalt":5,"create:shaft":6,"thermal:apatite":170,"tconstruct:blank_sand_cast":12,"create:crushed_raw_zinc":11,"minecraft:tuff":3,"minecraft:clay_ball":76,"farmersdelight:straw":4,"minecraft:pumpkin_seeds":4,"minecraft:diamond_pickaxe":3,"minecraft:andesite":2,"minecraft:golden_leggings":1,"minecraft:oak_sapling":10,"ae2:certus_quartz_dust":64,"kubejs:kinetic_mechanism":62,"kubejs:andesite_machine":1,"minecraft:diamond_boots":1,"minecraft:stone_pickaxe":1,"minecraft:wooden_pickaxe":1,"minecraft:calcite":4,"ae2:certus_quartz_crystal":8,"create:andesite_funnel":2,"thermal:sapphire":3,"create:golden_sheet":1},"minecraft:custom":{"lootr:looted_stat":43,"minecraft:interact_with_crafting_table":100,"minecraft:open_barrel":2,"minecraft:leave_game":14,"minecraft:time_since_death":34790,"minecraft:sprint_one_cm":808471,"minecraft:damage_blocked_by_shield":2844,"minecraft:drop":367,"minecraft:talked_to_villager":1,"minecraft:play_time":423398,"minecraft:deaths":3,"minecraft:jump":6865,"minecraft:walk_on_water_one_cm":45540,"minecraft:enchant_item":4,"minecraft:interact_with_furnace":69,"minecraft:sleep_in_bed":15,"minecraft:damage_dealt":25037,"minecraft:player_kills":1,"minecraft:crouch_one_cm":37848,"minecraft:interact_with_smoker":3,"minecraft:interact_with_smithing_table":12,"minecraft:interact_with_anvil":3,"minecraft:mob_kills":154,"minecraft:climb_one_cm":27522,"minecraft:walk_one_cm":726229,"minecraft:sneak_time":12351,"minecraft:walk_under_water_one_cm":132556,"minecraft:boat_one_cm":1264,"minecraft:total_world_time":423398,"minecraft:interact_with_grindstone":4,"minecraft:interact_with_stonecutter":5,"minecraft:time_since_rest":4791,"minecraft:damage_taken":5905,"minecraft:damage_absorbed":172,"minecraft:minecart_one_cm":13890,"minecraft:swim_one_cm":92034,"minecraft:fly_one_cm":1553526,"minecraft:open_chest":411,"minecraft:fall_one_cm":184448},"minecraft:picked_up":{"minecraft:iron_chestplate":1,"minecraft:oak_stairs":1,"minecraft:potion":8,"minecraft:enchanted_book":6,"kubejs:kinetic_mechanism":80,"minecraft:brewing_stand":1,"thermal:basalz_rod":1,"forbidden_arcanus:xpetrified_orb":6,"minecraft:string":87,"create:limestone":3,"minecraft:red_nether_bricks":1,"minecraft:smooth_stone_slab":1,"create:water_wheel":3,"create:andesite_funnel":9,"thermal:sulfur":8,"minecraft:smooth_stone":2,"tconstruct:ingot_cast":1,"create:mechanical_press":10,"minecraft:gold_nugget":24,"minecraft:cobbled_deepslate":86,"reliquary:zombie_heart":2,"minecraft:bucket":1,"minecraft:calcite":4,"minecraft:furnace":1,"minecraft:golden_helmet":1,"thermal:silver_coin":20,"minecraft:stick":18,"minecraft:torch":23,"minecraft:acacia_log":2,"minecraft:green_bed":1,"create:andesite_casing":8,"minecraft:diorite":9,"thermal:apatite":327,"ae2:sky_stone_block":12,"create:large_cogwheel":15,"farmersdelight:canvas":7,"minecraft:rotten_flesh":50,"ae2:fluix_block":6,"create:crushed_raw_nickel":6,"occultism:datura":2,"minecraft:obsidian":11,"minecraft:cobblestone":196,"minecraft:enchanting_table":1,"occultism:datura_seeds":6,"minecraft:feather":6,"minecraft:cooked_beef":45,"minecraft:andesite":5,"minecraft:golden_leggings":1,"minecraft:flint":3,"minecraft:tuff":7,"minecraft:wither_skeleton_skull":2,"cb_microblock:iron_saw":1,"supplementaries:slingshot":1,"minecraft:lapis_lazuli":36,"minecraft:dirt":134,"minecraft:leather_boots":1,"thermal:sapphire":6,"minecraft:bone":31,"minecraft:acacia_planks":19,"farmersdelight:iron_knife":1,"minecraft:wheat_seeds":10,"tconstruct:seared_table":1,"create:shaft":51,"tconstruct:blank_sand_cast":8,"minecraft:oak_planks":13,"moreminecarts:wooden_rail":2,"minecraft:cooked_porkchop":5,"minecraft:music_disc_13":1,"create:cogwheel":13,"create:crushed_raw_lead":29,"ae2:certus_quartz_crystal":19,"minecraft:sand":15,"minecraft:mossy_cobblestone":1,"minecraft:polished_andesite":2,"minecraft:diamond":7,"minecraft:writable_book":4,"minecraft:granite":39,"reliquary:witch_hat":1,"minecraft:oak_sapling":27,"minecraft:netherrack":1,"minecraft:diamond_pickaxe":3,"sophisticatedbackpacks:gold_backpack":2,"minecraft:coarse_dirt":1,"minecraft:crafting_table":2,"minecraft:splash_potion":11,"minecraft:ladder":42,"minecraft:clay_ball":207,"minecraft:leather_leggings":1,"tconstruct:materials_and_you":1,"thermal:cinnabar":6,"minecraft:wooden_pickaxe":2,"expcaves:lavastone":12,"gravestone:obituary":3,"minecraft:shield":1,"minecraft:oak_trapdoor":3,"minecraft:iron_axe":1,"create:chute":3,"reliquary:chelicerae":1,"minecraft:cracked_stone_bricks":1,"minecraft:beef":19,"farmersdelight:straw":32,"create:basin":5,"minecraft:raw_copper_block":1,"reliquary:catalyzing_gland":1,"reliquary:rib_bone":3,"create:crushed_raw_zinc":54,"create:golden_sheet":24,"farmersdelight:tomato_seeds":7,"minecraft:redstone":3,"create:powdered_obsidian":1,"minecraft:carrot":6,"buddycards:buddycard_pack_base":2,"ae2:sky_stone_chest":1,"create:zinc_ingot":1,"create:vertical_gearbox":1,"minecraft:arrow":27,"ae2:certus_quartz_dust":186,"minecraft:diamond_boots":1,"minecraft:gold_ingot":26,"biomesoplenty:orange_sand":14,"forbidden_arcanus:spawner_scrap":12,"minecraft:white_wool":13,"biomesoplenty:white_sand":14,"create:iron_sheet":43,"minecraft:leather":30,"forbidden_arcanus:zombie_arm":1,"minecraft:oak_log":194,"create:andesite_alloy":82,"minecraft:gunpowder":6,"create:copper_nugget":78,"minecraft:cooked_mutton":13,"create:crushed_raw_iron":118,"minecraft:apple":2,"minecraft:stone_bricks":31,"minecraft:kelp":184,"minecraft:iron_ingot":45,"minecraft:cooked_chicken":2,"minecraft:glass_bottle":1,"minecraft:soul_sand":4,"minecraft:iron_sword":1,"forbidden_arcanus:darkstone":8,"create:mechanical_saw":15,"minecraft:book":21,"minecraft:polished_andesite_stairs":1,"minecraft:smooth_basalt":5,"create:large_water_wheel":12,"minecraft:chiseled_stone_bricks":1,"minecraft:dandelion":93,"minecraft:gravel":13,"quark:oak_chest":8,"minecraft:spider_eye":7,"rubber_duck:rubber_duck_item":6,"forbidden_arcanus:arcane_crystal":41,"create:millstone":1,"minecraft:pumpkin_seeds":4,"expcaves:sediment_stone":5,"minecraft:stone_axe":1,"create:encased_fan":2,"create:crushed_raw_copper":199,"expcaves:deepslate_pebble":6,"minecraft:melon_seeds":13,"minecraft:coal":93},"minecraft:used":{"create:deployer":1,"minecraft:writable_book":1,"minecraft:iron_shovel":137,"ae2:sky_stone_chest":1,"minecraft:ladder":124,"minecraft:shield":42,"minecraft:iron_sword":218,"minecraft:rotten_flesh":7,"create:cogwheel":17,"minecraft:carrot":1,"create:depot":1,"minecraft:tuff":2,"minecraft:obsidian":10,"minecraft:milk_bucket":1,"minecraft:lava_bucket":62,"farmersdelight:melon_popsicle":5,"create:millstone":1,"create:andesite_funnel":7,"minecraft:stone_bricks":37,"minecraft:bow":19,"farmersdelight:cutting_board":1,"create:shaft":21,"minecraft:furnace":4,"minecraft:cooked_cod":6,"forbidden_arcanus:edelwood_bucket":1,"minecraft:stone_pickaxe":19,"minecraft:oak_planks":17,"minecraft:wooden_pickaxe":4,"create:mechanical_saw":15,"minecraft:golden_apple":5,"thermal:device_tree_extractor":1,"minecraft:oak_pressure_plate":1,"minecraft:diamond_sword":152,"create:basin":5,"minecraft:andesite":4,"create:vertical_gearbox":7,"minecraft:coarse_dirt":1,"minecraft:oak_boat":1,"minecraft:golden_pickaxe":8,"minecraft:bone_meal":75,"create:large_cogwheel":18,"minecraft:oak_trapdoor":20,"minecraft:acacia_log":2,"minecraft:flint_and_steel":11,"minecraft:cooked_chicken":2,"minecraft:torch":166,"minecraft:dirt":76,"minecraft:hopper":3,"minecraft:granite":9,"create:chute":5,"expcaves:sediment_stone":1,"minecraft:iron_axe":179,"tconstruct:tinker_station":1,"minecraft:beef":6,"minecraft:cooked_beef":45,"tconstruct:part_builder":1,"minecraft:cobbled_deepslate":5,"create:belt_connector":4,"waterstrainer:strainer_base":5,"minecraft:cooked_mutton":16,"farmersdelight:iron_knife":2,"minecraft:water_bucket":73,"forbidden_arcanus:edelwood_lava_bucket":1,"minecraft:polished_andesite":1,"supplementaries:slingshot":6,"thermal:ice_grenade":1,"create:encased_fan":5,"minecraft:crafting_table":8,"occultism:datura":2,"minecraft:oak_log":8,"minecraft:diamond_pickaxe":313,"minecraft:apple":1,"create:mechanical_press":10,"farmersdelight:cake_slice":11,"tconstruct:seared_table":1,"minecraft:iron_pickaxe":557,"create:water_wheel":6,"create:andesite_tunnel":1,"create:large_water_wheel":11,"minecraft:stone_axe":68,"moreminecarts:wooden_rail":2,"minecraft:cobblestone":119,"minecraft:potion":2,"rubber_duck:rubber_duck_item":3,"minecraft:bucket":141,"quark:oak_chest":18,"minecraft:dandelion":2},"minecraft:killed":{"minecraft:cave_spider":7,"minecraft:spider":14,"minecraft:skeleton":21,"minecraft:piglin_brute":1,"minecraft:piglin":6,"minecraft:pig":5,"minecraft:creeper":8,"minecraft:sheep":2,"minecraft:pillager":2,"minecraft:zombie":50,"minecraft:stray":2,"minecraft:cow":28,"thermal:basalz":2}},"DataVersion":2975}