{"stats":{"minecraft:used":{"minecraft:dirt":1},"minecraft:custom":{"minecraft:jump":28,"minecraft:time_since_rest":1536,"minecraft:play_time":1536,"minecraft:leave_game":4,"minecraft:sprint_one_cm":2590,"minecraft:time_since_death":1536,"minecraft:walk_one_cm":1748,"minecraft:total_world_time":1536,"minecraft:fly_one_cm":4445},"minecraft:picked_up":{"minecraft:oak_log":1,"minecraft:dirt":1},"minecraft:mined":{"minecraft:grass_block":1,"minecraft:oak_log":1,"minecraft:birch_leaves":2,"minecraft:oak_leaves":2}},"DataVersion":3337}