{"stats":{"minecraft:broken":{"minecraft:stone_axe":1},"minecraft:used":{"minecraft:iron_shovel":8,"minecraft:writable_book":1,"minecraft:acacia_log":2,"minecraft:flint_and_steel":10,"ae2:sky_stone_chest":1,"minecraft:shield":20,"minecraft:iron_sword":121,"minecraft:rotten_flesh":7,"minecraft:torch":57,"minecraft:dirt":1,"minecraft:granite":1,"minecraft:milk_bucket":1,"minecraft:lava_bucket":11,"minecraft:iron_axe":81,"farmersdelight:melon_popsicle":5,"minecraft:beef":6,"minecraft:furnace":4,"minecraft:cooked_cod":6,"minecraft:cooked_beef":3,"minecraft:cobbled_deepslate":4,"minecraft:cooked_mutton":14,"minecraft:water_bucket":7,"minecraft:stone_pickaxe":19,"minecraft:polished_andesite":1,"minecraft:wooden_pickaxe":3,"create:mechanical_saw":8,"supplementaries:slingshot":6,"thermal:ice_grenade":1,"minecraft:crafting_table":3,"minecraft:oak_log":1,"thermal:device_tree_extractor":1,"minecraft:diamond_pickaxe":66,"minecraft:apple":1,"create:mechanical_press":3,"farmersdelight:cake_slice":11,"minecraft:iron_pickaxe":121,"minecraft:stone_axe":68,"minecraft:cobblestone":27,"create:basin":1,"minecraft:potion":1,"minecraft:bucket":18,"minecraft:golden_pickaxe":8},"minecraft:custom":{"minecraft:interact_with_smithing_table":7,"lootr:looted_stat":21,"minecraft:mob_kills":77,"minecraft:interact_with_crafting_table":31,"minecraft:open_barrel":1,"minecraft:leave_game":6,"minecraft:time_since_death":93264,"minecraft:sprint_one_cm":280621,"minecraft:walk_one_cm":239309,"minecraft:damage_blocked_by_shield":1115,"minecraft:drop":100,"minecraft:play_time":126927,"minecraft:sneak_time":2113,"minecraft:deaths":1,"minecraft:walk_under_water_one_cm":3812,"minecraft:jump":2269,"minecraft:walk_on_water_one_cm":5385,"minecraft:total_world_time":126927,"minecraft:interact_with_furnace":32,"minecraft:sleep_in_bed":4,"minecraft:time_since_rest":6387,"minecraft:damage_taken":2158,"minecraft:minecart_one_cm":4447,"minecraft:damage_dealt":11537,"minecraft:swim_one_cm":23971,"minecraft:fly_one_cm":480131,"minecraft:open_chest":74,"minecraft:crouch_one_cm":4945,"minecraft:interact_with_smoker":1,"minecraft:fall_one_cm":50249},"minecraft:mined":{"create:zinc_ore":2,"create:deepslate_zinc_ore":10,"expcaves:treasure_pot":2,"minecraft:tuff":1,"thermal:cinnabar_ore":2,"minecraft:deepslate_diamond_ore":4,"thermal:sulfur_ore":2,"minecraft:brewing_stand":1,"gravestone:gravestone":1,"minecraft:granite":1,"minecraft:acacia_log":2,"minecraft:grass_block":6,"minecraft:chiseled_stone_bricks":1,"minecraft:spawner":4,"forbidden_arcanus:deepslate_arcane_crystal_ore":3,"minecraft:furnace":1,"minecraft:iron_ore":24,"minecraft:fire":14,"minecraft:andesite":1,"minecraft:deepslate_lapis_ore":3,"minecraft:enchanting_table":1,"minecraft:bookshelf":5,"minecraft:deepslate_iron_ore":5,"minecraft:oak_stairs":1,"minecraft:packed_ice":2,"ae2:sky_stone_block":4,"minecraft:stone":45,"ae2:quartz_ore":3,"create:mechanical_press":3,"create:limestone":5,"minecraft:green_bed":1,"ae2:fluix_block":6,"ae2:sky_stone_chest":1,"expcaves:rock_flint":1,"thermal:lead_ore":1,"thermal:apatite_ore":6,"minecraft:crafting_table":2,"minecraft:cobblestone":12,"thermal:deepslate_lead_ore":1,"farmersdelight:wild_tomatoes":7,"minecraft:iron_door":1,"minecraft:wall_torch":1,"create:mechanical_saw":4,"create:basin":1,"minecraft:grass":3,"minecraft:oak_log":79,"minecraft:coal_ore":18,"minecraft:dirt":19,"ae2:deepslate_quartz_ore":13,"minecraft:polished_andesite":1,"minecraft:oak_leaves":4,"minecraft:deepslate":17},"minecraft:killed_by":{"minecraft:skeleton":1},"minecraft:killed":{"minecraft:cave_spider":3,"minecraft:spider":9,"minecraft:skeleton":7,"minecraft:pig":5,"minecraft:creeper":3,"minecraft:sheep":1,"minecraft:zombie":28,"minecraft:stray":2,"minecraft:cow":14},"minecraft:crafted":{"minecraft:oak_planks":24,"minecraft:stone_shovel":1,"thermal:saw_blade":5,"minecraft:iron_nugget":63,"minecraft:furnace":3,"create:andesite_casing":16,"quark:acacia_chest":1,"minecraft:stone_pickaxe":1,"kubejs:andesite_machine":9,"architects_palette:algal_brick":20,"minecraft:cooked_beef":7,"minecraft:cooked_cod":13,"create:andesite_alloy":4,"sophisticatedbackpacks:backpack":1,"minecraft:crafting_table":2,"minecraft:wooden_pickaxe":1,"minecraft:iron_sword":1,"minecraft:stone_axe":1,"minecraft:air":0,"minecraft:diamond_pickaxe":1,"minecraft:shield":1,"create:super_glue":1,"minecraft:stick":28,"minecraft:iron_ingot":5,"minecraft:iron_pickaxe":1,"kubejs:kinetic_mechanism":7,"minecraft:torch":60},"minecraft:picked_up":{"minecraft:crafting_table":2,"minecraft:iron_chestplate":1,"minecraft:leather_leggings":1,"thermal:cinnabar":4,"minecraft:oak_stairs":1,"kubejs:kinetic_mechanism":56,"minecraft:brewing_stand":1,"minecraft:shield":1,"minecraft:string":14,"minecraft:iron_axe":1,"create:limestone":3,"reliquary:chelicerae":1,"thermal:sulfur":8,"create:mechanical_press":3,"minecraft:gold_nugget":24,"minecraft:cobbled_deepslate":15,"minecraft:bucket":1,"minecraft:beef":19,"create:basin":1,"minecraft:furnace":1,"minecraft:golden_helmet":1,"thermal:silver_coin":18,"minecraft:stick":4,"create:crushed_raw_zinc":12,"create:golden_sheet":4,"minecraft:torch":5,"minecraft:acacia_log":2,"minecraft:green_bed":1,"create:andesite_casing":8,"farmersdelight:tomato_seeds":7,"minecraft:redstone":3,"buddycards:buddycard_pack_base":1,"minecraft:carrot":1,"ae2:sky_stone_chest":1,"create:zinc_ingot":1,"thermal:apatite":40,"ae2:sky_stone_block":12,"minecraft:arrow":17,"minecraft:rotten_flesh":28,"ae2:certus_quartz_dust":57,"ae2:fluix_block":6,"forbidden_arcanus:spawner_scrap":5,"minecraft:white_wool":1,"minecraft:cobblestone":63,"minecraft:enchanting_table":1,"create:iron_sheet":23,"minecraft:cooked_beef":13,"minecraft:andesite":1,"minecraft:golden_leggings":1,"minecraft:leather":16,"forbidden_arcanus:zombie_arm":1,"minecraft:flint":1,"minecraft:tuff":2,"minecraft:oak_log":79,"create:andesite_alloy":29,"minecraft:gunpowder":4,"minecraft:lapis_lazuli":19,"supplementaries:slingshot":1,"create:copper_nugget":78,"minecraft:dirt":19,"minecraft:leather_boots":1,"minecraft:cooked_mutton":13,"minecraft:bone":20,"create:crushed_raw_iron":38,"minecraft:acacia_planks":19,"minecraft:apple":2,"minecraft:wheat_seeds":4,"minecraft:iron_ingot":23,"minecraft:glass_bottle":1,"create:mechanical_saw":3,"minecraft:book":15,"minecraft:cooked_porkchop":5,"minecraft:chiseled_stone_bricks":1,"create:crushed_raw_lead":2,"ae2:certus_quartz_crystal":3,"minecraft:spider_eye":7,"rubber_duck:rubber_duck_item":1,"forbidden_arcanus:arcane_crystal":3,"minecraft:polished_andesite":1,"minecraft:diamond":3,"minecraft:stone_axe":1,"minecraft:writable_book":4,"create:crushed_raw_copper":7,"minecraft:granite":1,"minecraft:oak_sapling":11,"minecraft:coal":29},"minecraft:dropped":{"minecraft:iron_ingot":35,"minecraft:wheat_seeds":3,"minecraft:cooked_beef":3,"minecraft:oak_log":4,"minecraft:glass_bottle":1,"minecraft:cookie":1,"minecraft:iron_helmet":1,"minecraft:cobblestone":11,"minecraft:leather":5,"cb_microblock:iron_saw":1,"minecraft:stick":2,"minecraft:dirt":14,"minecraft:cooked_cod":7,"forbidden_arcanus:spawner_scrap":2,"gravestone:obituary":1,"minecraft:writable_book":4,"thermal:copper_dust":39,"create:crushed_raw_iron":12,"minecraft:iron_axe":1,"minecraft:iron_pickaxe":1,"minecraft:chainmail_leggings":1,"minecraft:string":2,"minecraft:gold_ingot":4,"minecraft:stone_axe":1,"create:crushed_raw_copper":7,"create:crushed_raw_lead":1,"minecraft:rotten_flesh":9,"minecraft:clay_ball":36,"minecraft:oak_planks":1,"minecraft:chiseled_stone_bricks":1,"cb_microblock:stone_rod":1,"minecraft:andesite":2,"minecraft:golden_leggings":1,"minecraft:oak_sapling":8,"minecraft:leather_leggings":1,"minecraft:stone_pickaxe":1}},"DataVersion":2975}