{"stats":{"minecraft:killed_by":{"minecraft:skeleton":1},"minecraft:crafted":{"create:crushed_raw_copper":9,"minecraft:oak_planks":308,"thermal:saw_blade":5,"farmersdelight:canvas":7,"create:andesite_casing":20,"create:vertical_gearbox":5,"minecraft:hopper":3,"create:cogwheel":76,"architects_palette:algal_brick":118,"create:brass_hand":5,"create:depot":1,"sophisticatedbackpacks:backpack":1,"minecraft:crafting_table":5,"minecraft:wooden_pickaxe":1,"create:gearbox":5,"farmersdelight:cutting_board":1,"minecraft:diamond_pickaxe":3,"create:water_wheel":2,"minecraft:shield":1,"create:super_glue":1,"minecraft:stick":112,"quark:oak_chest":11,"minecraft:iron_ingot":5,"minecraft:iron_pickaxe":1,"create:large_cogwheel":3,"create:propeller":4,"kubejs:kinetic_mechanism":65,"thermal:cured_rubber":12,"minecraft:stone_shovel":1,"minecraft:iron_nugget":63,"minecraft:furnace":3,"minecraft:bone_meal":75,"minecraft:oak_trapdoor":8,"waterstrainer:strainer_survivalist":6,"quark:acacia_chest":1,"minecraft:stone_pickaxe":1,"minecraft:diamond_boots":1,"kubejs:andesite_machine":13,"create:belt_connector":6,"sophisticatedbackpacks:iron_backpack":2,"minecraft:cooked_beef":7,"minecraft:cooked_cod":13,"create:andesite_alloy":60,"minecraft:iron_sword":1,"architects_palette:algal_blend":44,"sophisticatedbackpacks:gold_backpack":2,"minecraft:stone_axe":1,"minecraft:air":0,"minecraft:oak_boat":1,"create:shaft":88,"minecraft:torch":140},"minecraft:broken":{"minecraft:stone_axe":1},"minecraft:mined":{"create:deepslate_zinc_ore":29,"thermal:cinnabar_ore":4,"expcaves:quartz_treasure_amphora":1,"thermal:sulfur_ore":2,"minecraft:brewing_stand":1,"minecraft:granite":12,"minecraft:acacia_log":2,"minecraft:grass_block":44,"minecraft:chiseled_stone_bricks":1,"minecraft:spawner":13,"minecraft:smooth_stone":2,"minecraft:iron_ore":57,"minecraft:fire":14,"minecraft:deepslate_lapis_ore":3,"thermal:sapphire_ore":2,"minecraft:enchanting_table":1,"minecraft:oak_stairs":1,"farmersdelight:rice_panicles":1,"create:mechanical_press":10,"create:limestone":5,"minecraft:green_bed":1,"ae2:fluix_block":6,"create:cogwheel":13,"ae2:sky_stone_chest":1,"minecraft:kelp_plant":27,"expcaves:rock_flint":1,"thermal:lead_ore":1,"moreminecarts:wooden_rail":1,"minecraft:polished_andesite_stairs":4,"minecraft:calcite":4,"minecraft:cobblestone":46,"thermal:deepslate_lead_ore":14,"minecraft:oak_planks":13,"minecraft:iron_door":1,"minecraft:wall_torch":1,"minecraft:amethyst_block":5,"minecraft:deepslate_copper_ore":12,"create:large_water_wheel":3,"minecraft:seagrass":1,"create:basin":5,"expcaves:sediment_stone":1,"minecraft:smooth_stone_slab":2,"minecraft:grass":44,"minecraft:oak_log":133,"minecraft:dirt":27,"thermal:nickel_ore":3,"minecraft:smooth_basalt":5,"minecraft:raw_copper_block":1,"minecraft:oak_leaves":16,"minecraft:deepslate":29,"thermal:deepslate_apatite_ore":12,"create:zinc_ore":11,"expcaves:treasure_pot":2,"minecraft:tuff":2,"create:millstone":1,"minecraft:mossy_cobblestone":2,"minecraft:deepslate_diamond_ore":8,"farmersdelight:wild_carrots":1,"gravestone:gravestone":1,"create:large_cogwheel":14,"rubber_duck:rubber_duck_block":2,"create:encased_fan":2,"minecraft:kelp":1,"create:shaft":12,"minecraft:oak_trapdoor":4,"forbidden_arcanus:deepslate_arcane_crystal_ore":15,"minecraft:furnace":1,"minecraft:andesite":1,"minecraft:bookshelf":7,"minecraft:deepslate_iron_ore":12,"minecraft:packed_ice":2,"expcaves:fire_moss":1,"ae2:quartz_ore":6,"ae2:sky_stone_block":4,"minecraft:stone":110,"create:andesite_encased_large_cogwheel":1,"expcaves:lavastone":2,"minecraft:white_wool":9,"quark:oak_chest":2,"create:andesite_tunnel":1,"expcaves:deepslate_pebble":2,"minecraft:dandelion":83,"thermal:apatite_ore":8,"minecraft:crafting_table":2,"minecraft:tall_grass":9,"minecraft:copper_ore":78,"minecraft:lapis_ore":2,"farmersdelight:wild_tomatoes":7,"minecraft:diorite":9,"create:mechanical_saw":15,"create:water_wheel_structure":9,"minecraft:coarse_dirt":1,"forbidden_arcanus:xpetrified_ore":4,"create:gearbox":2,"minecraft:coal_ore":47,"minecraft:gravel":3,"minecraft:cobweb":45,"ae2:deepslate_quartz_ore":26,"minecraft:polished_andesite":3,"minecraft:stone_bricks":34},"minecraft:dropped":{"farmersdelight:iron_knife":1,"minecraft:iron_sword":2,"create:super_glue":1,"occultism:datura_seeds":1,"minecraft:cooked_beef":3,"minecraft:oak_log":103,"minecraft:glass_bottle":1,"minecraft:cookie":1,"minecraft:leather":12,"buddycards:buddycard_base30":1,"minecraft:cracked_stone_bricks":1,"sophisticatedbackpacks:gold_backpack":1,"minecraft:dirt":41,"buddycards:buddycard_base17":1,"minecraft:cooked_cod":7,"create:crushed_raw_nickel":3,"gravestone:obituary":1,"minecraft:writable_book":4,"create:crushed_raw_iron":51,"thermal:copper_dust":39,"create:iron_sheet":2,"minecraft:iron_pickaxe":2,"minecraft:white_wool":12,"minecraft:gold_ingot":46,"minecraft:bone":4,"minecraft:gravel":2,"minecraft:stone_axe":1,"farmersdelight:canvas":7,"create:crushed_raw_copper":85,"minecraft:cobbled_deepslate":12,"create:crushed_raw_lead":14,"minecraft:rotten_flesh":22,"minecraft:oak_planks":20,"expcaves:lavastone":1,"thermal:rubber_block":2,"minecraft:carrot":2,"minecraft:chiseled_stone_bricks":1,"cb_microblock:stone_rod":1,"minecraft:melon_seeds":13,"buddycards:buddycard_base25":1,"expcaves:deepslate_pebble":6,"minecraft:leather_leggings":1,"forbidden_arcanus:arcane_crystal":19,"minecraft:splash_potion":11,"create:andesite_alloy":1,"thermal:silver_coin":2,"minecraft:enchanted_book":6,"minecraft:iron_ingot":113,"minecraft:wheat_seeds":8,"create:mechanical_saw":5,"minecraft:feather":3,"minecraft:iron_helmet":1,"minecraft:cobblestone":11,"minecraft:book":6,"cb_microblock:iron_saw":1,"minecraft:granite":14,"minecraft:polished_andesite":1,"minecraft:stick":21,"create:andesite_casing":2,"create:brass_hand":4,"minecraft:diorite":9,"buddycards:buddycard_base28":1,"forbidden_arcanus:spawner_scrap":2,"minecraft:potion":8,"minecraft:polished_andesite_stairs":1,"minecraft:iron_axe":1,"minecraft:smooth_stone":2,"minecraft:chainmail_leggings":1,"minecraft:string":5,"minecraft:dandelion":189,"minecraft:smooth_basalt":5,"thermal:apatite":170,"create:crushed_raw_zinc":11,"minecraft:clay_ball":36,"farmersdelight:straw":4,"minecraft:pumpkin_seeds":4,"minecraft:andesite":2,"ae2:certus_quartz_dust":64,"minecraft:golden_leggings":1,"minecraft:oak_sapling":10,"kubejs:kinetic_mechanism":58,"kubejs:andesite_machine":1,"minecraft:stone_pickaxe":1,"minecraft:calcite":4,"ae2:certus_quartz_crystal":8,"create:andesite_funnel":2,"thermal:sapphire":3,"create:golden_sheet":1},"minecraft:custom":{"lootr:looted_stat":43,"minecraft:interact_with_crafting_table":79,"minecraft:open_barrel":2,"minecraft:leave_game":10,"minecraft:time_since_death":292599,"minecraft:sprint_one_cm":720545,"minecraft:damage_blocked_by_shield":1800,"minecraft:drop":280,"minecraft:talked_to_villager":1,"minecraft:play_time":326262,"minecraft:deaths":1,"minecraft:jump":5650,"minecraft:walk_on_water_one_cm":26291,"minecraft:enchant_item":4,"minecraft:interact_with_furnace":64,"minecraft:sleep_in_bed":13,"minecraft:damage_dealt":21883,"minecraft:crouch_one_cm":29176,"minecraft:interact_with_smoker":3,"minecraft:interact_with_smithing_table":10,"minecraft:mob_kills":141,"minecraft:interact_with_anvil":1,"minecraft:climb_one_cm":958,"minecraft:walk_one_cm":576613,"minecraft:sneak_time":9257,"minecraft:walk_under_water_one_cm":16173,"minecraft:boat_one_cm":1264,"minecraft:total_world_time":326262,"minecraft:interact_with_grindstone":4,"minecraft:interact_with_stonecutter":4,"minecraft:time_since_rest":72530,"minecraft:damage_taken":3476,"minecraft:damage_absorbed":90,"minecraft:minecart_one_cm":13890,"minecraft:swim_one_cm":69026,"minecraft:fly_one_cm":1199575,"minecraft:open_chest":285,"minecraft:fall_one_cm":123233},"minecraft:picked_up":{"minecraft:iron_chestplate":1,"minecraft:oak_stairs":1,"minecraft:potion":8,"minecraft:enchanted_book":6,"kubejs:kinetic_mechanism":80,"minecraft:brewing_stand":1,"forbidden_arcanus:xpetrified_orb":6,"minecraft:string":86,"create:limestone":3,"minecraft:smooth_stone_slab":1,"create:andesite_funnel":4,"thermal:sulfur":8,"minecraft:smooth_stone":2,"reliquary:zombie_heart":2,"create:mechanical_press":10,"minecraft:gold_nugget":24,"minecraft:cobbled_deepslate":28,"minecraft:bucket":1,"minecraft:calcite":4,"minecraft:furnace":1,"minecraft:golden_helmet":1,"thermal:silver_coin":20,"minecraft:stick":18,"minecraft:acacia_log":2,"minecraft:torch":8,"minecraft:green_bed":1,"create:andesite_casing":8,"minecraft:diorite":9,"thermal:apatite":327,"ae2:sky_stone_block":12,"create:large_cogwheel":15,"farmersdelight:canvas":7,"minecraft:rotten_flesh":48,"ae2:fluix_block":6,"create:crushed_raw_nickel":6,"occultism:datura":1,"minecraft:cobblestone":158,"minecraft:enchanting_table":1,"occultism:datura_seeds":1,"minecraft:feather":6,"minecraft:cooked_beef":45,"minecraft:andesite":1,"minecraft:golden_leggings":1,"minecraft:flint":2,"minecraft:tuff":2,"cb_microblock:iron_saw":1,"minecraft:lapis_lazuli":36,"supplementaries:slingshot":1,"minecraft:dirt":77,"minecraft:leather_boots":1,"minecraft:bone":31,"thermal:sapphire":6,"farmersdelight:iron_knife":1,"minecraft:acacia_planks":19,"minecraft:wheat_seeds":9,"create:shaft":12,"minecraft:oak_planks":13,"moreminecarts:wooden_rail":2,"minecraft:cooked_porkchop":5,"minecraft:music_disc_13":1,"create:cogwheel":13,"create:crushed_raw_lead":29,"ae2:certus_quartz_crystal":19,"minecraft:mossy_cobblestone":1,"minecraft:polished_andesite":2,"minecraft:diamond":7,"minecraft:writable_book":4,"minecraft:granite":15,"minecraft:oak_sapling":27,"sophisticatedbackpacks:gold_backpack":1,"minecraft:coarse_dirt":1,"minecraft:crafting_table":2,"minecraft:splash_potion":11,"minecraft:leather_leggings":1,"thermal:cinnabar":6,"expcaves:lavastone":1,"minecraft:shield":1,"minecraft:oak_trapdoor":3,"minecraft:iron_axe":1,"reliquary:chelicerae":1,"minecraft:cracked_stone_bricks":1,"minecraft:beef":19,"farmersdelight:straw":32,"create:basin":5,"minecraft:raw_copper_block":1,"reliquary:catalyzing_gland":1,"reliquary:rib_bone":3,"create:crushed_raw_zinc":54,"create:golden_sheet":21,"farmersdelight:tomato_seeds":7,"minecraft:redstone":3,"minecraft:carrot":6,"buddycards:buddycard_pack_base":2,"ae2:sky_stone_chest":1,"create:zinc_ingot":1,"create:vertical_gearbox":1,"minecraft:arrow":27,"ae2:certus_quartz_dust":186,"minecraft:gold_ingot":26,"forbidden_arcanus:spawner_scrap":12,"minecraft:white_wool":13,"create:iron_sheet":39,"minecraft:leather":30,"forbidden_arcanus:zombie_arm":1,"create:andesite_alloy":82,"minecraft:oak_log":194,"minecraft:gunpowder":6,"create:copper_nugget":78,"minecraft:cooked_mutton":13,"create:crushed_raw_iron":118,"minecraft:apple":2,"minecraft:stone_bricks":31,"minecraft:kelp":184,"minecraft:iron_ingot":44,"minecraft:cooked_chicken":2,"minecraft:glass_bottle":1,"minecraft:iron_sword":1,"create:mechanical_saw":15,"minecraft:book":21,"minecraft:polished_andesite_stairs":1,"minecraft:smooth_basalt":5,"create:large_water_wheel":12,"minecraft:chiseled_stone_bricks":1,"minecraft:dandelion":93,"minecraft:gravel":2,"quark:oak_chest":2,"minecraft:spider_eye":7,"rubber_duck:rubber_duck_item":5,"forbidden_arcanus:arcane_crystal":41,"create:millstone":1,"minecraft:pumpkin_seeds":4,"expcaves:sediment_stone":1,"minecraft:stone_axe":1,"create:crushed_raw_copper":197,"create:encased_fan":2,"expcaves:deepslate_pebble":6,"minecraft:melon_seeds":13,"minecraft:coal":86},"minecraft:used":{"create:deployer":1,"minecraft:writable_book":1,"minecraft:iron_shovel":46,"ae2:sky_stone_chest":1,"minecraft:shield":29,"minecraft:iron_sword":218,"minecraft:rotten_flesh":7,"create:cogwheel":17,"minecraft:carrot":1,"create:depot":1,"minecraft:milk_bucket":1,"minecraft:lava_bucket":55,"farmersdelight:melon_popsicle":5,"create:millstone":1,"create:andesite_funnel":1,"minecraft:stone_bricks":37,"farmersdelight:cutting_board":1,"minecraft:bow":18,"create:shaft":20,"minecraft:furnace":4,"minecraft:cooked_cod":6,"forbidden_arcanus:edelwood_bucket":1,"minecraft:stone_pickaxe":19,"minecraft:oak_planks":17,"minecraft:wooden_pickaxe":3,"create:mechanical_saw":15,"minecraft:golden_apple":3,"thermal:device_tree_extractor":1,"minecraft:diamond_sword":102,"create:basin":5,"minecraft:oak_boat":1,"create:vertical_gearbox":7,"minecraft:coarse_dirt":1,"minecraft:bone_meal":75,"minecraft:golden_pickaxe":8,"create:large_cogwheel":18,"minecraft:oak_trapdoor":8,"minecraft:acacia_log":2,"minecraft:flint_and_steel":10,"minecraft:cooked_chicken":2,"minecraft:torch":163,"minecraft:dirt":32,"minecraft:hopper":3,"minecraft:granite":1,"expcaves:sediment_stone":1,"minecraft:iron_axe":172,"minecraft:beef":6,"minecraft:cooked_beef":24,"minecraft:cobbled_deepslate":5,"create:belt_connector":4,"minecraft:cooked_mutton":16,"farmersdelight:iron_knife":2,"minecraft:water_bucket":54,"forbidden_arcanus:edelwood_lava_bucket":1,"minecraft:polished_andesite":1,"supplementaries:slingshot":6,"thermal:ice_grenade":1,"create:encased_fan":4,"minecraft:crafting_table":6,"occultism:datura":1,"minecraft:oak_log":8,"minecraft:diamond_pickaxe":166,"minecraft:apple":1,"create:mechanical_press":10,"farmersdelight:cake_slice":11,"minecraft:iron_pickaxe":557,"create:water_wheel":2,"create:andesite_tunnel":1,"create:large_water_wheel":10,"minecraft:stone_axe":68,"moreminecarts:wooden_rail":2,"minecraft:cobblestone":93,"minecraft:potion":2,"rubber_duck:rubber_duck_item":2,"minecraft:bucket":115,"quark:oak_chest":10,"minecraft:dandelion":2},"minecraft:killed":{"minecraft:cave_spider":5,"minecraft:spider":14,"minecraft:skeleton":20,"minecraft:pig":5,"minecraft:creeper":8,"minecraft:sheep":2,"minecraft:pillager":2,"minecraft:zombie":49,"minecraft:stray":2,"minecraft:cow":28}},"DataVersion":2975}