{"stats":{"minecraft:picked_up":{"minecraft:stick":5,"minecraft:apple":1,"minecraft:oak_log":5,"minecraft:oak_sapling":4,"minecraft:dirt":7,"minecraft:cobblestone":11},"minecraft:crafted":{"minecraft:oak_planks":20,"minecraft:crafting_table":1,"minecraft:stick":8,"minecraft:stone_pickaxe":1,"minecraft:wooden_pickaxe":1},"minecraft:used":{"minecraft:dirt":1,"minecraft:crafting_table":1,"minecraft:stone_pickaxe":8,"minecraft:wooden_pickaxe":3},"minecraft:mined":{"minecraft:grass_block":3,"minecraft:oak_log":5,"expcaves:broken_stone":8,"minecraft:dirt":4,"minecraft:stone":3,"minecraft:oak_leaves":2},"minecraft:custom":{"minecraft:time_since_rest":8109,"minecraft:crouch_one_cm":517,"minecraft:sprint_one_cm":7888,"minecraft:play_time":8109,"minecraft:damage_taken":10,"minecraft:walk_one_cm":10987,"minecraft:sneak_time":231,"minecraft:jump":41,"minecraft:damage_dealt":15,"minecraft:leave_game":1,"minecraft:time_since_death":8109,"minecraft:total_world_time":8109,"minecraft:interact_with_crafting_table":7,"minecraft:fall_one_cm":894,"minecraft:fly_one_cm":3872}},"DataVersion":2975}