{"stats":{"minecraft:killed_by":{"minecraft:skeleton":1},"minecraft:crafted":{"minecraft:oak_planks":216,"thermal:saw_blade":5,"create:andesite_casing":20,"create:vertical_gearbox":5,"minecraft:hopper":3,"create:cogwheel":42,"architects_palette:algal_brick":74,"create:brass_hand":4,"sophisticatedbackpacks:backpack":1,"minecraft:crafting_table":4,"minecraft:wooden_pickaxe":1,"create:gearbox":5,"minecraft:diamond_pickaxe":1,"create:water_wheel":2,"minecraft:shield":1,"create:super_glue":1,"minecraft:stick":36,"quark:oak_chest":10,"minecraft:iron_ingot":5,"minecraft:iron_pickaxe":1,"create:large_cogwheel":3,"create:propeller":4,"kubejs:kinetic_mechanism":31,"thermal:cured_rubber":12,"minecraft:stone_shovel":1,"minecraft:iron_nugget":63,"minecraft:furnace":3,"minecraft:bone_meal":75,"minecraft:oak_trapdoor":8,"quark:acacia_chest":1,"minecraft:stone_pickaxe":1,"kubejs:andesite_machine":12,"create:belt_connector":6,"sophisticatedbackpacks:iron_backpack":2,"minecraft:cooked_beef":7,"minecraft:cooked_cod":13,"create:andesite_alloy":36,"minecraft:iron_sword":1,"sophisticatedbackpacks:gold_backpack":2,"minecraft:stone_axe":1,"minecraft:air":0,"create:shaft":64,"minecraft:torch":92},"minecraft:broken":{"minecraft:stone_axe":1},"minecraft:dropped":{"create:super_glue":1,"occultism:datura_seeds":1,"minecraft:cooked_beef":3,"minecraft:oak_log":102,"minecraft:glass_bottle":1,"minecraft:cookie":1,"minecraft:leather":5,"sophisticatedbackpacks:gold_backpack":1,"minecraft:dirt":31,"minecraft:cooked_cod":7,"gravestone:obituary":1,"minecraft:writable_book":4,"thermal:copper_dust":39,"create:crushed_raw_iron":12,"create:iron_sheet":2,"minecraft:iron_pickaxe":1,"minecraft:gold_ingot":42,"minecraft:stone_axe":1,"create:crushed_raw_copper":7,"create:crushed_raw_lead":1,"minecraft:rotten_flesh":9,"minecraft:oak_planks":7,"thermal:rubber_block":2,"minecraft:chiseled_stone_bricks":1,"cb_microblock:stone_rod":1,"minecraft:leather_leggings":1,"create:andesite_alloy":1,"minecraft:iron_ingot":113,"minecraft:wheat_seeds":8,"create:mechanical_saw":5,"minecraft:iron_helmet":1,"minecraft:cobblestone":11,"cb_microblock:iron_saw":1,"minecraft:stick":9,"create:andesite_casing":2,"create:brass_hand":4,"minecraft:diorite":9,"forbidden_arcanus:spawner_scrap":2,"minecraft:iron_axe":1,"minecraft:chainmail_leggings":1,"minecraft:string":2,"minecraft:dandelion":189,"minecraft:clay_ball":36,"minecraft:andesite":2,"minecraft:golden_leggings":1,"minecraft:oak_sapling":8,"kubejs:kinetic_mechanism":32,"kubejs:andesite_machine":1,"minecraft:stone_pickaxe":1,"create:andesite_funnel":2,"create:golden_sheet":1},"minecraft:mined":{"create:deepslate_zinc_ore":10,"thermal:cinnabar_ore":2,"thermal:sulfur_ore":2,"minecraft:brewing_stand":1,"minecraft:granite":3,"minecraft:acacia_log":2,"minecraft:grass_block":44,"minecraft:chiseled_stone_bricks":1,"minecraft:spawner":7,"minecraft:iron_ore":47,"minecraft:fire":14,"minecraft:deepslate_lapis_ore":3,"minecraft:enchanting_table":1,"minecraft:oak_stairs":1,"create:mechanical_press":10,"create:limestone":5,"minecraft:green_bed":1,"ae2:fluix_block":6,"create:cogwheel":13,"ae2:sky_stone_chest":1,"expcaves:rock_flint":1,"thermal:lead_ore":1,"minecraft:cobblestone":40,"thermal:deepslate_lead_ore":1,"minecraft:oak_planks":13,"minecraft:iron_door":1,"minecraft:wall_torch":1,"create:large_water_wheel":3,"create:basin":5,"expcaves:sediment_stone":1,"minecraft:grass":35,"minecraft:oak_log":132,"minecraft:dirt":27,"thermal:nickel_ore":2,"minecraft:oak_leaves":14,"minecraft:deepslate":18,"create:zinc_ore":11,"expcaves:treasure_pot":2,"minecraft:tuff":1,"create:millstone":1,"minecraft:deepslate_diamond_ore":4,"farmersdelight:wild_carrots":1,"gravestone:gravestone":1,"create:large_cogwheel":14,"create:encased_fan":2,"create:shaft":12,"minecraft:oak_trapdoor":4,"forbidden_arcanus:deepslate_arcane_crystal_ore":6,"minecraft:furnace":1,"minecraft:andesite":1,"minecraft:bookshelf":5,"minecraft:deepslate_iron_ore":5,"minecraft:packed_ice":2,"ae2:sky_stone_block":4,"ae2:quartz_ore":4,"minecraft:stone":87,"create:andesite_encased_large_cogwheel":1,"minecraft:white_wool":9,"quark:oak_chest":2,"create:andesite_tunnel":1,"minecraft:dandelion":83,"thermal:apatite_ore":6,"minecraft:crafting_table":2,"minecraft:tall_grass":4,"minecraft:copper_ore":18,"farmersdelight:wild_tomatoes":7,"minecraft:diorite":9,"create:mechanical_saw":15,"create:water_wheel_structure":9,"minecraft:coarse_dirt":1,"forbidden_arcanus:xpetrified_ore":1,"create:gearbox":2,"minecraft:coal_ore":23,"minecraft:gravel":1,"minecraft:cobweb":44,"ae2:deepslate_quartz_ore":13,"minecraft:polished_andesite":1,"minecraft:stone_bricks":28},"minecraft:custom":{"lootr:looted_stat":26,"minecraft:interact_with_crafting_table":63,"minecraft:open_barrel":2,"minecraft:leave_game":9,"minecraft:time_since_death":194819,"minecraft:sprint_one_cm":442992,"minecraft:damage_blocked_by_shield":1115,"minecraft:drop":185,"minecraft:play_time":228482,"minecraft:deaths":1,"minecraft:jump":3586,"minecraft:walk_on_water_one_cm":16161,"minecraft:interact_with_furnace":49,"minecraft:sleep_in_bed":12,"minecraft:damage_dealt":13022,"minecraft:crouch_one_cm":18115,"minecraft:interact_with_smoker":2,"minecraft:interact_with_smithing_table":8,"minecraft:mob_kills":87,"minecraft:interact_with_anvil":1,"minecraft:walk_one_cm":442493,"minecraft:sneak_time":6402,"minecraft:walk_under_water_one_cm":9792,"minecraft:total_world_time":228482,"minecraft:interact_with_stonecutter":3,"minecraft:time_since_rest":3973,"minecraft:damage_taken":2584,"minecraft:damage_absorbed":9,"minecraft:minecart_one_cm":4447,"minecraft:swim_one_cm":26296,"minecraft:fly_one_cm":746001,"minecraft:open_chest":187,"minecraft:fall_one_cm":81686},"minecraft:picked_up":{"minecraft:iron_chestplate":1,"minecraft:oak_stairs":1,"kubejs:kinetic_mechanism":80,"minecraft:brewing_stand":1,"forbidden_arcanus:xpetrified_orb":1,"minecraft:string":85,"create:limestone":3,"create:andesite_funnel":4,"thermal:sulfur":8,"minecraft:gold_nugget":24,"create:mechanical_press":10,"minecraft:cobbled_deepslate":16,"minecraft:bucket":1,"minecraft:furnace":1,"minecraft:golden_helmet":1,"minecraft:stick":18,"thermal:silver_coin":18,"minecraft:green_bed":1,"minecraft:torch":6,"minecraft:acacia_log":2,"create:andesite_casing":8,"minecraft:diorite":9,"ae2:sky_stone_block":12,"thermal:apatite":40,"create:large_cogwheel":15,"minecraft:rotten_flesh":28,"ae2:fluix_block":6,"create:crushed_raw_nickel":2,"minecraft:cobblestone":133,"minecraft:enchanting_table":1,"occultism:datura_seeds":1,"minecraft:cooked_beef":13,"minecraft:andesite":1,"minecraft:golden_leggings":1,"minecraft:flint":1,"minecraft:tuff":2,"supplementaries:slingshot":1,"minecraft:lapis_lazuli":19,"minecraft:dirt":72,"minecraft:leather_boots":1,"minecraft:bone":20,"minecraft:acacia_planks":19,"minecraft:wheat_seeds":9,"create:shaft":12,"minecraft:oak_planks":13,"minecraft:cooked_porkchop":5,"create:cogwheel":13,"create:crushed_raw_lead":2,"ae2:certus_quartz_crystal":3,"minecraft:polished_andesite":1,"minecraft:diamond":3,"minecraft:writable_book":4,"minecraft:granite":3,"minecraft:oak_sapling":25,"minecraft:coarse_dirt":1,"minecraft:crafting_table":2,"thermal:cinnabar":4,"minecraft:leather_leggings":1,"minecraft:shield":1,"minecraft:oak_trapdoor":3,"minecraft:iron_axe":1,"reliquary:chelicerae":1,"minecraft:beef":19,"create:basin":5,"create:crushed_raw_zinc":23,"create:golden_sheet":17,"farmersdelight:tomato_seeds":7,"ae2:sky_stone_chest":1,"minecraft:carrot":4,"buddycards:buddycard_pack_base":1,"minecraft:redstone":3,"create:zinc_ingot":1,"create:vertical_gearbox":1,"minecraft:arrow":17,"ae2:certus_quartz_dust":59,"minecraft:gold_ingot":26,"forbidden_arcanus:spawner_scrap":8,"minecraft:white_wool":7,"create:iron_sheet":39,"minecraft:leather":16,"forbidden_arcanus:zombie_arm":1,"minecraft:oak_log":129,"create:andesite_alloy":60,"minecraft:gunpowder":4,"create:copper_nugget":78,"minecraft:cooked_mutton":13,"create:crushed_raw_iron":62,"minecraft:apple":2,"minecraft:stone_bricks":26,"minecraft:iron_ingot":44,"minecraft:glass_bottle":1,"create:mechanical_saw":15,"minecraft:book":15,"create:large_water_wheel":12,"minecraft:chiseled_stone_bricks":1,"minecraft:dandelion":93,"minecraft:gravel":1,"minecraft:spider_eye":7,"quark:oak_chest":2,"rubber_duck:rubber_duck_item":1,"forbidden_arcanus:arcane_crystal":8,"create:millstone":1,"minecraft:stone_axe":1,"expcaves:sediment_stone":1,"create:crushed_raw_copper":29,"create:encased_fan":2,"minecraft:coal":36},"minecraft:used":{"minecraft:writable_book":1,"minecraft:iron_shovel":46,"ae2:sky_stone_chest":1,"minecraft:shield":20,"minecraft:iron_sword":195,"minecraft:rotten_flesh":7,"create:cogwheel":17,"minecraft:milk_bucket":1,"minecraft:lava_bucket":23,"farmersdelight:melon_popsicle":5,"create:millstone":1,"minecraft:stone_bricks":37,"create:andesite_funnel":1,"minecraft:bow":12,"create:shaft":20,"minecraft:furnace":4,"minecraft:cooked_cod":6,"minecraft:stone_pickaxe":19,"minecraft:oak_planks":17,"minecraft:wooden_pickaxe":3,"create:mechanical_saw":15,"minecraft:golden_apple":1,"thermal:device_tree_extractor":1,"create:basin":5,"create:vertical_gearbox":7,"minecraft:coarse_dirt":1,"minecraft:bone_meal":75,"minecraft:golden_pickaxe":8,"create:large_cogwheel":18,"minecraft:oak_trapdoor":8,"minecraft:acacia_log":2,"minecraft:flint_and_steel":10,"minecraft:torch":96,"minecraft:dirt":32,"minecraft:hopper":3,"minecraft:granite":1,"expcaves:sediment_stone":1,"minecraft:iron_axe":167,"minecraft:beef":6,"minecraft:cooked_beef":11,"minecraft:cobbled_deepslate":4,"create:belt_connector":4,"minecraft:cooked_mutton":16,"minecraft:water_bucket":35,"minecraft:polished_andesite":1,"supplementaries:slingshot":6,"thermal:ice_grenade":1,"create:encased_fan":4,"minecraft:crafting_table":5,"minecraft:oak_log":7,"minecraft:diamond_pickaxe":66,"minecraft:apple":1,"create:mechanical_press":10,"farmersdelight:cake_slice":11,"minecraft:iron_pickaxe":367,"create:water_wheel":2,"create:andesite_tunnel":1,"create:large_water_wheel":10,"minecraft:stone_axe":68,"minecraft:cobblestone":51,"minecraft:potion":2,"minecraft:bucket":63,"quark:oak_chest":9,"minecraft:dandelion":2},"minecraft:killed":{"minecraft:cave_spider":5,"minecraft:spider":13,"minecraft:skeleton":7,"minecraft:pig":5,"minecraft:creeper":4,"minecraft:sheep":1,"minecraft:zombie":31,"minecraft:stray":2,"minecraft:cow":14}},"DataVersion":2975}