{"stats":{"minecraft:custom":{"minecraft:interact_with_smithing_table":2,"lootr:looted_stat":3,"minecraft:mob_kills":39,"minecraft:interact_with_crafting_table":21,"minecraft:open_barrel":1,"minecraft:leave_game":4,"minecraft:time_since_death":41761,"minecraft:sprint_one_cm":153162,"minecraft:walk_one_cm":133707,"minecraft:drop":36,"minecraft:play_time":75424,"minecraft:deaths":1,"minecraft:sneak_time":786,"minecraft:walk_under_water_one_cm":1815,"minecraft:jump":1494,"minecraft:walk_on_water_one_cm":2682,"minecraft:total_world_time":75424,"minecraft:interact_with_furnace":24,"minecraft:sleep_in_bed":2,"minecraft:time_since_rest":507,"minecraft:damage_taken":1272,"minecraft:minecart_one_cm":4447,"minecraft:damage_dealt":6175,"minecraft:swim_one_cm":16267,"minecraft:fly_one_cm":336428,"minecraft:open_chest":32,"minecraft:crouch_one_cm":1893,"minecraft:interact_with_smoker":1,"minecraft:fall_one_cm":36509},"minecraft:killed":{"minecraft:spider":7,"minecraft:skeleton":3,"minecraft:pig":4,"minecraft:creeper":3,"minecraft:sheep":1,"minecraft:zombie":12,"minecraft:cow":9},"minecraft:crafted":{"minecraft:oak_planks":24,"minecraft:stone_shovel":1,"minecraft:iron_nugget":36,"minecraft:furnace":3,"create:andesite_casing":16,"quark:acacia_chest":1,"minecraft:stone_pickaxe":1,"kubejs:andesite_machine":3,"architects_palette:algal_brick":20,"minecraft:cooked_beef":7,"minecraft:cooked_cod":13,"create:andesite_alloy":4,"sophisticatedbackpacks:backpack":1,"minecraft:crafting_table":2,"minecraft:wooden_pickaxe":1,"minecraft:iron_sword":1,"minecraft:stone_axe":1,"minecraft:air":0,"minecraft:diamond_pickaxe":1,"minecraft:stick":24,"minecraft:iron_ingot":5,"minecraft:iron_pickaxe":1,"kubejs:kinetic_mechanism":7,"minecraft:torch":24},"minecraft:mined":{"create:zinc_ore":2,"create:deepslate_zinc_ore":10,"expcaves:treasure_pot":1,"minecraft:tuff":1,"minecraft:deepslate_diamond_ore":4,"thermal:sulfur_ore":2,"gravestone:gravestone":1,"minecraft:acacia_log":2,"minecraft:grass_block":6,"forbidden_arcanus:deepslate_arcane_crystal_ore":3,"minecraft:furnace":1,"minecraft:iron_ore":4,"minecraft:fire":9,"minecraft:deepslate_lapis_ore":3,"minecraft:deepslate_iron_ore":5,"minecraft:packed_ice":2,"minecraft:stone":41,"ae2:quartz_ore":3,"create:limestone":5,"minecraft:green_bed":1,"expcaves:rock_flint":1,"thermal:lead_ore":1,"minecraft:crafting_table":2,"thermal:deepslate_lead_ore":1,"farmersdelight:wild_tomatoes":7,"minecraft:iron_door":1,"minecraft:grass":2,"minecraft:coal_ore":6,"minecraft:oak_log":55,"minecraft:dirt":19,"ae2:deepslate_quartz_ore":13,"minecraft:oak_leaves":4,"minecraft:deepslate":17},"minecraft:broken":{"minecraft:stone_axe":1},"minecraft:picked_up":{"minecraft:crafting_table":2,"create:limestone":3,"minecraft:string":9,"minecraft:iron_axe":1,"thermal:sulfur":8,"minecraft:gold_nugget":24,"minecraft:cobbled_deepslate":15,"minecraft:bucket":1,"minecraft:beef":19,"minecraft:furnace":1,"thermal:silver_coin":17,"minecraft:stick":4,"create:crushed_raw_zinc":12,"minecraft:green_bed":1,"minecraft:acacia_log":2,"farmersdelight:tomato_seeds":7,"minecraft:redstone":3,"create:zinc_ingot":1,"minecraft:arrow":6,"minecraft:rotten_flesh":16,"ae2:certus_quartz_dust":57,"minecraft:white_wool":1,"minecraft:cobblestone":45,"minecraft:leather":9,"minecraft:flint":1,"minecraft:tuff":2,"minecraft:oak_log":55,"create:andesite_alloy":29,"minecraft:gunpowder":4,"supplementaries:slingshot":1,"minecraft:lapis_lazuli":19,"create:copper_nugget":36,"minecraft:dirt":19,"minecraft:cooked_mutton":13,"minecraft:bone":5,"create:crushed_raw_iron":9,"minecraft:acacia_planks":19,"minecraft:apple":2,"minecraft:wheat_seeds":3,"minecraft:iron_ingot":11,"minecraft:cooked_porkchop":5,"create:crushed_raw_lead":2,"ae2:certus_quartz_crystal":3,"minecraft:spider_eye":2,"forbidden_arcanus:arcane_crystal":3,"minecraft:diamond":3,"minecraft:stone_axe":1,"minecraft:writable_book":4,"create:crushed_raw_copper":7,"minecraft:oak_sapling":10,"minecraft:coal":17},"minecraft:dropped":{"minecraft:wheat_seeds":3,"minecraft:cooked_beef":3,"minecraft:cookie":1,"minecraft:cobblestone":5,"minecraft:leather":5,"minecraft:stick":2,"minecraft:dirt":14,"minecraft:cooked_cod":7,"gravestone:obituary":1,"minecraft:writable_book":4,"thermal:copper_dust":18,"minecraft:iron_axe":1,"minecraft:iron_pickaxe":1,"minecraft:string":2,"minecraft:stone_axe":1,"create:crushed_raw_copper":7,"create:crushed_raw_lead":1,"minecraft:rotten_flesh":2,"minecraft:oak_planks":1,"minecraft:clay_ball":36,"cb_microblock:stone_rod":1,"minecraft:andesite":1,"minecraft:oak_sapling":8,"minecraft:stone_pickaxe":1},"minecraft:killed_by":{"minecraft:skeleton":1},"minecraft:used":{"minecraft:writable_book":1,"minecraft:iron_shovel":8,"minecraft:acacia_log":2,"minecraft:flint_and_steel":5,"minecraft:iron_sword":8,"minecraft:rotten_flesh":7,"minecraft:torch":19,"minecraft:dirt":1,"minecraft:iron_axe":49,"farmersdelight:melon_popsicle":5,"minecraft:beef":6,"minecraft:furnace":4,"minecraft:cooked_cod":6,"minecraft:cooked_beef":2,"minecraft:cobbled_deepslate":4,"minecraft:cooked_mutton":2,"minecraft:stone_pickaxe":19,"minecraft:wooden_pickaxe":3,"supplementaries:slingshot":4,"thermal:ice_grenade":1,"minecraft:crafting_table":3,"thermal:device_tree_extractor":1,"minecraft:diamond_pickaxe":66,"minecraft:apple":1,"farmersdelight:cake_slice":11,"minecraft:iron_pickaxe":36,"minecraft:stone_axe":68,"minecraft:golden_pickaxe":8}},"DataVersion":2975}