{"stats":{"minecraft:broken":{"minecraft:stone_axe":1},"minecraft:used":{"minecraft:iron_shovel":29,"minecraft:writable_book":1,"minecraft:acacia_log":2,"minecraft:flint_and_steel":10,"ae2:sky_stone_chest":1,"minecraft:shield":20,"minecraft:iron_sword":126,"minecraft:rotten_flesh":7,"minecraft:torch":57,"minecraft:dirt":19,"minecraft:granite":1,"minecraft:milk_bucket":1,"minecraft:lava_bucket":11,"minecraft:iron_axe":131,"farmersdelight:melon_popsicle":5,"minecraft:bow":12,"minecraft:beef":6,"minecraft:furnace":4,"minecraft:cooked_cod":6,"minecraft:cooked_beef":5,"minecraft:cobbled_deepslate":4,"minecraft:cooked_mutton":14,"minecraft:water_bucket":7,"minecraft:stone_pickaxe":19,"minecraft:polished_andesite":1,"minecraft:wooden_pickaxe":3,"create:mechanical_saw":15,"supplementaries:slingshot":6,"thermal:ice_grenade":1,"minecraft:crafting_table":3,"minecraft:oak_log":1,"thermal:device_tree_extractor":1,"minecraft:diamond_pickaxe":66,"minecraft:apple":1,"create:mechanical_press":3,"farmersdelight:cake_slice":11,"minecraft:iron_pickaxe":135,"minecraft:stone_axe":68,"minecraft:cobblestone":27,"create:basin":1,"minecraft:potion":1,"minecraft:bucket":18,"minecraft:coarse_dirt":1,"minecraft:bone_meal":75,"minecraft:golden_pickaxe":8},"minecraft:custom":{"minecraft:interact_with_smithing_table":7,"lootr:looted_stat":21,"minecraft:mob_kills":79,"minecraft:interact_with_crafting_table":37,"minecraft:open_barrel":2,"minecraft:leave_game":8,"minecraft:time_since_death":116924,"minecraft:sprint_one_cm":313591,"minecraft:walk_one_cm":293267,"minecraft:damage_blocked_by_shield":1115,"minecraft:drop":155,"minecraft:play_time":150587,"minecraft:sneak_time":2671,"minecraft:deaths":1,"minecraft:walk_under_water_one_cm":3946,"minecraft:jump":2544,"minecraft:walk_on_water_one_cm":5958,"minecraft:total_world_time":150587,"minecraft:interact_with_furnace":38,"minecraft:sleep_in_bed":6,"minecraft:time_since_rest":7054,"minecraft:damage_taken":2225,"minecraft:minecart_one_cm":4447,"minecraft:damage_dealt":11936,"minecraft:swim_one_cm":24717,"minecraft:fly_one_cm":526153,"minecraft:open_chest":94,"minecraft:crouch_one_cm":5811,"minecraft:interact_with_smoker":1,"minecraft:fall_one_cm":57707},"minecraft:mined":{"create:zinc_ore":2,"create:deepslate_zinc_ore":10,"expcaves:treasure_pot":2,"minecraft:tuff":1,"thermal:cinnabar_ore":2,"minecraft:deepslate_diamond_ore":4,"thermal:sulfur_ore":2,"farmersdelight:wild_carrots":1,"minecraft:brewing_stand":1,"gravestone:gravestone":1,"minecraft:granite":1,"minecraft:acacia_log":2,"minecraft:grass_block":25,"minecraft:chiseled_stone_bricks":1,"minecraft:spawner":4,"forbidden_arcanus:deepslate_arcane_crystal_ore":3,"minecraft:furnace":1,"minecraft:iron_ore":24,"minecraft:fire":14,"minecraft:andesite":1,"minecraft:deepslate_lapis_ore":3,"minecraft:enchanting_table":1,"minecraft:bookshelf":5,"minecraft:deepslate_iron_ore":5,"minecraft:oak_stairs":1,"minecraft:packed_ice":2,"ae2:sky_stone_block":4,"minecraft:stone":45,"ae2:quartz_ore":3,"create:mechanical_press":3,"create:limestone":5,"minecraft:green_bed":1,"ae2:fluix_block":6,"ae2:sky_stone_chest":1,"expcaves:rock_flint":1,"thermal:lead_ore":1,"thermal:apatite_ore":6,"minecraft:crafting_table":2,"minecraft:cobblestone":15,"thermal:deepslate_lead_ore":1,"farmersdelight:wild_tomatoes":7,"minecraft:iron_door":1,"minecraft:wall_torch":1,"create:mechanical_saw":15,"create:basin":1,"minecraft:coarse_dirt":1,"minecraft:grass":20,"minecraft:oak_log":126,"minecraft:coal_ore":18,"minecraft:dirt":19,"ae2:deepslate_quartz_ore":13,"minecraft:polished_andesite":1,"minecraft:oak_leaves":14,"minecraft:deepslate":17},"minecraft:killed_by":{"minecraft:skeleton":1},"minecraft:killed":{"minecraft:cave_spider":3,"minecraft:spider":9,"minecraft:skeleton":7,"minecraft:pig":5,"minecraft:creeper":4,"minecraft:sheep":1,"minecraft:zombie":29,"minecraft:stray":2,"minecraft:cow":14},"minecraft:crafted":{"minecraft:oak_planks":24,"minecraft:stone_shovel":1,"thermal:saw_blade":5,"minecraft:iron_nugget":63,"minecraft:furnace":3,"create:andesite_casing":16,"minecraft:bone_meal":75,"quark:acacia_chest":1,"minecraft:stone_pickaxe":1,"kubejs:andesite_machine":9,"architects_palette:algal_brick":20,"create:brass_hand":4,"sophisticatedbackpacks:iron_backpack":2,"minecraft:cooked_beef":7,"minecraft:cooked_cod":13,"create:andesite_alloy":4,"sophisticatedbackpacks:backpack":1,"minecraft:crafting_table":2,"minecraft:wooden_pickaxe":1,"minecraft:iron_sword":1,"sophisticatedbackpacks:gold_backpack":2,"minecraft:stone_axe":1,"minecraft:air":0,"minecraft:diamond_pickaxe":1,"minecraft:shield":1,"create:super_glue":1,"minecraft:stick":28,"minecraft:iron_ingot":5,"minecraft:iron_pickaxe":1,"kubejs:kinetic_mechanism":7,"minecraft:torch":60},"minecraft:picked_up":{"minecraft:coarse_dirt":1,"minecraft:crafting_table":2,"minecraft:iron_chestplate":1,"minecraft:leather_leggings":1,"thermal:cinnabar":4,"minecraft:oak_stairs":1,"kubejs:kinetic_mechanism":80,"minecraft:brewing_stand":1,"minecraft:shield":1,"minecraft:string":14,"minecraft:iron_axe":1,"create:limestone":3,"reliquary:chelicerae":1,"create:andesite_funnel":4,"thermal:sulfur":8,"create:mechanical_press":3,"minecraft:gold_nugget":24,"minecraft:cobbled_deepslate":15,"minecraft:bucket":1,"minecraft:beef":19,"create:basin":1,"minecraft:furnace":1,"minecraft:golden_helmet":1,"thermal:silver_coin":18,"minecraft:stick":18,"create:crushed_raw_zinc":12,"create:golden_sheet":17,"minecraft:torch":5,"minecraft:acacia_log":2,"minecraft:green_bed":1,"create:andesite_casing":8,"farmersdelight:tomato_seeds":7,"minecraft:redstone":3,"buddycards:buddycard_pack_base":1,"minecraft:carrot":3,"ae2:sky_stone_chest":1,"create:zinc_ingot":1,"thermal:apatite":40,"ae2:sky_stone_block":12,"minecraft:arrow":17,"minecraft:rotten_flesh":28,"ae2:certus_quartz_dust":57,"ae2:fluix_block":6,"minecraft:gold_ingot":26,"forbidden_arcanus:spawner_scrap":5,"minecraft:white_wool":1,"minecraft:cobblestone":66,"minecraft:enchanting_table":1,"occultism:datura_seeds":1,"create:iron_sheet":23,"minecraft:cooked_beef":13,"minecraft:andesite":1,"minecraft:golden_leggings":1,"minecraft:leather":16,"forbidden_arcanus:zombie_arm":1,"minecraft:flint":1,"minecraft:tuff":2,"minecraft:oak_log":126,"create:andesite_alloy":59,"minecraft:gunpowder":4,"minecraft:lapis_lazuli":19,"supplementaries:slingshot":1,"create:copper_nugget":78,"minecraft:dirt":37,"minecraft:leather_boots":1,"minecraft:cooked_mutton":13,"minecraft:bone":20,"create:crushed_raw_iron":38,"minecraft:acacia_planks":19,"minecraft:apple":2,"minecraft:wheat_seeds":7,"minecraft:iron_ingot":23,"minecraft:glass_bottle":1,"create:mechanical_saw":15,"minecraft:book":15,"minecraft:cooked_porkchop":5,"minecraft:chiseled_stone_bricks":1,"create:crushed_raw_lead":2,"ae2:certus_quartz_crystal":3,"minecraft:dandelion":10,"minecraft:spider_eye":7,"rubber_duck:rubber_duck_item":1,"forbidden_arcanus:arcane_crystal":3,"minecraft:polished_andesite":1,"minecraft:diamond":3,"minecraft:stone_axe":1,"minecraft:writable_book":4,"create:crushed_raw_copper":7,"minecraft:granite":1,"minecraft:oak_sapling":25,"minecraft:coal":29},"minecraft:dropped":{"minecraft:iron_ingot":35,"occultism:datura_seeds":1,"create:super_glue":1,"minecraft:wheat_seeds":6,"minecraft:cooked_beef":3,"minecraft:oak_log":102,"minecraft:glass_bottle":1,"create:mechanical_saw":5,"minecraft:cookie":1,"minecraft:iron_helmet":1,"minecraft:cobblestone":11,"minecraft:leather":5,"cb_microblock:iron_saw":1,"minecraft:stick":9,"create:andesite_casing":2,"create:brass_hand":4,"minecraft:dirt":14,"minecraft:cooked_cod":7,"forbidden_arcanus:spawner_scrap":2,"gravestone:obituary":1,"minecraft:writable_book":4,"thermal:copper_dust":39,"create:crushed_raw_iron":12,"minecraft:iron_axe":1,"minecraft:iron_pickaxe":1,"minecraft:chainmail_leggings":1,"minecraft:string":2,"minecraft:dandelion":10,"minecraft:gold_ingot":42,"minecraft:stone_axe":1,"create:crushed_raw_copper":7,"create:crushed_raw_lead":1,"minecraft:rotten_flesh":9,"minecraft:clay_ball":36,"minecraft:oak_planks":1,"minecraft:chiseled_stone_bricks":1,"cb_microblock:stone_rod":1,"minecraft:andesite":2,"minecraft:golden_leggings":1,"minecraft:oak_sapling":8,"kubejs:kinetic_mechanism":32,"minecraft:leather_leggings":1,"kubejs:andesite_machine":1,"minecraft:stone_pickaxe":1,"create:andesite_funnel":2,"create:golden_sheet":1}},"DataVersion":2975}