{"stats":{"minecraft:custom":{"minecraft:time_since_rest":20386,"minecraft:interact_with_furnace":5,"lootr:looted_stat":3,"minecraft:sprint_one_cm":49847,"minecraft:damage_taken":506,"minecraft:walk_one_cm":44085,"minecraft:mob_kills":18,"minecraft:drop":2,"minecraft:minecart_one_cm":4447,"minecraft:damage_dealt":2878,"minecraft:interact_with_crafting_table":4,"minecraft:fly_one_cm":120047,"minecraft:open_chest":1,"minecraft:crouch_one_cm":1073,"minecraft:play_time":20386,"minecraft:sneak_time":300,"minecraft:jump":477,"minecraft:leave_game":2,"minecraft:time_since_death":20386,"minecraft:total_world_time":20386,"minecraft:fall_one_cm":12692},"minecraft:killed":{"minecraft:skeleton":1,"minecraft:zombie":6,"minecraft:pig":1,"minecraft:creeper":3,"minecraft:cow":6},"minecraft:crafted":{"minecraft:cooked_beef":2,"minecraft:oak_planks":24,"minecraft:stone_shovel":1,"minecraft:crafting_table":1,"minecraft:stick":8,"minecraft:wooden_pickaxe":1,"minecraft:stone_pickaxe":1,"minecraft:furnace":1,"minecraft:stone_axe":1,"minecraft:air":0},"minecraft:mined":{"minecraft:crafting_table":1,"minecraft:grass":2,"minecraft:acacia_log":2,"minecraft:grass_block":1,"minecraft:oak_log":6,"minecraft:dirt":3,"minecraft:packed_ice":2,"farmersdelight:wild_tomatoes":7,"minecraft:stone":19,"minecraft:iron_door":1},"minecraft:picked_up":{"thermal:silver_coin":15,"minecraft:stick":3,"minecraft:crafting_table":1,"minecraft:leather":8,"minecraft:acacia_log":2,"farmersdelight:tomato_seeds":7,"minecraft:oak_log":6,"minecraft:gunpowder":2,"supplementaries:slingshot":1,"minecraft:dirt":4,"minecraft:arrow":2,"minecraft:bone":2,"minecraft:rotten_flesh":6,"minecraft:apple":1,"minecraft:wheat_seeds":3,"minecraft:writable_book":1,"minecraft:beef":14,"minecraft:oak_sapling":2,"minecraft:cobblestone":19},"minecraft:dropped":{"minecraft:wheat_seeds":2},"minecraft:used":{"minecraft:acacia_log":2,"farmersdelight:cake_slice":5,"minecraft:stone_pickaxe":19,"farmersdelight:melon_popsicle":5,"minecraft:wooden_pickaxe":3,"minecraft:rotten_flesh":6,"supplementaries:slingshot":4,"minecraft:stone_axe":32,"minecraft:beef":1,"minecraft:crafting_table":1,"minecraft:furnace":1,"minecraft:cooked_beef":2}},"DataVersion":2975}