{"stats":{"minecraft:custom":{"minecraft:interact_with_furnace":19,"lootr:looted_stat":3,"minecraft:mob_kills":35,"minecraft:interact_with_crafting_table":11,"minecraft:leave_game":4,"minecraft:time_since_death":17365,"minecraft:time_since_rest":17395,"minecraft:sprint_one_cm":125281,"minecraft:damage_taken":1216,"minecraft:walk_one_cm":102280,"minecraft:drop":23,"minecraft:minecart_one_cm":4447,"minecraft:damage_dealt":5858,"minecraft:swim_one_cm":9951,"minecraft:fly_one_cm":271859,"minecraft:open_chest":1,"minecraft:crouch_one_cm":1795,"minecraft:play_time":51028,"minecraft:deaths":1,"minecraft:sneak_time":648,"minecraft:walk_under_water_one_cm":1286,"minecraft:jump":1230,"minecraft:walk_on_water_one_cm":1766,"minecraft:total_world_time":51028,"minecraft:fall_one_cm":30307},"minecraft:killed":{"minecraft:pig":1,"minecraft:spider":7,"minecraft:creeper":3,"minecraft:skeleton":3,"minecraft:zombie":12,"minecraft:cow":9},"minecraft:crafted":{"minecraft:cooked_beef":7,"minecraft:cooked_cod":13,"minecraft:oak_planks":24,"minecraft:stone_shovel":1,"sophisticatedbackpacks:backpack":1,"minecraft:crafting_table":2,"minecraft:iron_nugget":36,"minecraft:iron_sword":1,"minecraft:wooden_pickaxe":1,"minecraft:furnace":3,"minecraft:stone_axe":1,"minecraft:air":0,"quark:acacia_chest":1,"minecraft:diamond_pickaxe":1,"minecraft:stick":24,"minecraft:iron_ingot":5,"minecraft:iron_pickaxe":1,"minecraft:stone_pickaxe":1,"minecraft:torch":24},"minecraft:mined":{"create:zinc_ore":2,"create:deepslate_zinc_ore":10,"minecraft:tuff":1,"expcaves:treasure_pot":1,"minecraft:deepslate_diamond_ore":4,"thermal:sulfur_ore":2,"expcaves:rock_flint":1,"thermal:lead_ore":1,"minecraft:crafting_table":2,"gravestone:gravestone":1,"minecraft:acacia_log":2,"minecraft:grass_block":3,"thermal:deepslate_lead_ore":1,"farmersdelight:wild_tomatoes":7,"minecraft:iron_door":1,"forbidden_arcanus:deepslate_arcane_crystal_ore":3,"minecraft:furnace":1,"minecraft:iron_ore":4,"minecraft:fire":1,"minecraft:deepslate_lapis_ore":3,"minecraft:grass":2,"minecraft:coal_ore":6,"minecraft:oak_log":6,"minecraft:deepslate_iron_ore":5,"minecraft:dirt":15,"minecraft:packed_ice":2,"ae2:deepslate_quartz_ore":13,"minecraft:stone":41,"ae2:quartz_ore":3,"create:limestone":5,"minecraft:deepslate":17},"minecraft:broken":{"minecraft:stone_axe":1},"minecraft:picked_up":{"minecraft:crafting_table":2,"minecraft:leather":9,"minecraft:flint":1,"minecraft:tuff":2,"minecraft:oak_log":6,"minecraft:gunpowder":4,"minecraft:lapis_lazuli":19,"supplementaries:slingshot":1,"minecraft:string":9,"minecraft:dirt":18,"create:limestone":3,"minecraft:bone":5,"create:crushed_raw_iron":9,"minecraft:acacia_planks":19,"minecraft:apple":1,"thermal:sulfur":8,"minecraft:wheat_seeds":3,"minecraft:cobbled_deepslate":15,"minecraft:beef":19,"minecraft:furnace":1,"thermal:silver_coin":17,"minecraft:stick":3,"create:crushed_raw_zinc":12,"create:crushed_raw_lead":2,"ae2:certus_quartz_crystal":3,"minecraft:acacia_log":2,"farmersdelight:tomato_seeds":7,"minecraft:spider_eye":2,"create:zinc_ingot":1,"forbidden_arcanus:arcane_crystal":3,"minecraft:arrow":6,"minecraft:rotten_flesh":16,"minecraft:diamond":3,"minecraft:stone_axe":1,"ae2:certus_quartz_dust":57,"minecraft:writable_book":4,"minecraft:oak_sapling":2,"minecraft:coal":17,"minecraft:cobblestone":45},"minecraft:dropped":{"minecraft:stone_axe":1,"minecraft:wheat_seeds":3,"minecraft:cooked_beef":3,"create:crushed_raw_lead":1,"minecraft:cookie":1,"minecraft:cobblestone":5,"minecraft:rotten_flesh":2,"minecraft:oak_planks":1,"minecraft:leather":5,"minecraft:stick":2,"minecraft:dirt":14,"minecraft:cooked_cod":7,"gravestone:obituary":1,"minecraft:writable_book":4,"minecraft:iron_pickaxe":1,"minecraft:stone_pickaxe":1,"minecraft:string":2},"minecraft:killed_by":{"minecraft:skeleton":1},"minecraft:used":{"minecraft:writable_book":1,"minecraft:acacia_log":2,"minecraft:flint_and_steel":1,"minecraft:stone_pickaxe":19,"minecraft:wooden_pickaxe":3,"minecraft:rotten_flesh":7,"supplementaries:slingshot":4,"minecraft:torch":19,"thermal:ice_grenade":1,"minecraft:crafting_table":3,"minecraft:diamond_pickaxe":66,"minecraft:apple":1,"farmersdelight:cake_slice":11,"minecraft:iron_pickaxe":36,"farmersdelight:melon_popsicle":5,"minecraft:stone_axe":68,"minecraft:beef":6,"minecraft:furnace":4,"minecraft:cooked_cod":6,"minecraft:cooked_beef":2,"minecraft:cobbled_deepslate":4,"minecraft:golden_pickaxe":8}},"DataVersion":2975}