{"stats":{"minecraft:killed":{"minecraft:cave_spider":6,"tconstruct:sky_slime":15,"minecraft:skeleton":31,"minecraft:chicken":24,"minecraft:pillager":4,"minecraft:zombie":89,"minecraft:cow":7,"minecraft:horse":1,"minecraft:wandering_trader":2,"minecraft:enderman":3,"minecraft:witch":1,"minecraft:spider":9,"minecraft:pig":14,"minecraft:zombie_villager":1,"minecraft:creeper":5,"minecraft:sheep":24,"minecraft:trader_llama":2,"minecraft:stray":1,"minecraft:drowned":1,"minecraft:bat":1,"minecraft:squid":4},"minecraft:mined":{"minecraft:white_bed":1,"thermal:cinnabar_ore":36,"minecraft:red_nether_bricks":6,"minecraft:granite":104,"minecraft:acacia_log":9,"minecraft:coal_block":2,"minecraft:spawner":28,"minecraft:tall_seagrass":10,"minecraft:cobbled_deepslate":3,"minecraft:fire":2,"expcaves:decorative_pot":2,"thermal:sapphire_ore":1,"minecraft:nether_brick_stairs":4,"farmersdelight:rice_panicles":3,"create:mechanical_press":4,"create:limestone":12,"minecraft:tripwire":1,"expcaves:broken_deepslate":2,"create:cogwheel":7,"minecraft:kelp_plant":73,"minecraft:torch":3,"minecraft:note_block":18,"minecraft:polished_andesite_stairs":1,"create:scoria":1,"thermal:deepslate_lead_ore":18,"minecraft:sugar_cane":17,"create:basin":4,"tconstruct:seared_faucet":3,"create:mechanical_mixer":3,"expcaves:sediment_stone":2,"minecraft:grass":73,"thermal:niter_ore":7,"create:hand_crank":14,"minecraft:deepslate":117,"thermal:deepslate_cinnabar_ore":7,"create:zinc_ore":53,"minecraft:mossy_cobblestone":4,"thermal:ruby_ore":1,"expcaves:granite_tall_stalagmite":1,"ae2:charger":1,"minecraft:nether_bricks":52,"thermal:deepslate_nickel_ore":10,"minecraft:kelp":31,"railways:track_tieless":8,"create:shaft":3,"forbidden_arcanus:deepslate_arcane_crystal_ore":19,"minecraft:andesite":154,"create:deployer":2,"expcaves:fire_moss":1,"ae2:sky_stone_block":12,"ae2:quartz_ore":107,"tconstruct:earth_congealed_slime":9,"minecraft:soul_sand":2,"expcaves:granite_pebble":1,"minecraft:brown_carpet":1,"create:fluid_pipe":8,"create:mechanical_pump":5,"create:water_wheel":8,"expcaves:cave_vine":1,"railways:track_spruce":5,"minecraft:tall_grass":3,"minecraft:copper_ore":145,"minecraft:deepslate_gold_ore":4,"minecraft:diorite":48,"tconstruct:smeltery_controller":1,"thermal:deepslate_sapphire_ore":2,"expcaves:treasure_amphora":2,"minecraft:gravel":299,"ae2:deepslate_quartz_ore":56,"minecraft:stone_bricks":6,"minecraft:gold_ore":16,"thermal:deepslate_sulfur_ore":5,"tconstruct:sky_congealed_slime":10,"create:deepslate_zinc_ore":24,"minecraft:oak_sapling":2,"minecraft:farmland":2,"thermal:sulfur_ore":8,"tconstruct:seared_bricks":8,"minecraft:grass_block":32,"randomium:randomium_ore":3,"tconstruct:seared_table":5,"tconstruct:seared_ingot_gauge":3,"minecraft:iron_ore":193,"tconstruct:sky_slime_dirt":1,"occultism:otherworld_log":1,"minecraft:green_bed":3,"tconstruct:seared_chute":1,"create:radial_chassis":1,"minecraft:quartz_block":17,"kubejs:copper_machine":3,"thermal:lead_ore":32,"minecraft:clay":64,"minecraft:calcite":6,"supplementaries:wild_flax":1,"minecraft:cobblestone":23,"minecraft:wall_torch":5,"minecraft:deepslate_copper_ore":7,"create:large_water_wheel":2,"minecraft:seagrass":22,"minecraft:nether_wart_block":1,"create:spout":4,"minecraft:smooth_stone_slab":5,"minecraft:oak_log":36,"minecraft:sand":289,"minecraft:dirt":61,"thermal:nickel_ore":1,"occultism:otherworld_log_natural":10,"minecraft:raw_copper_block":2,"minecraft:netherrack":5,"minecraft:oak_leaves":24,"expcaves:treasure_pot":2,"minecraft:tuff":12,"minecraft:deepslate_diamond_ore":1,"minecraft:oak_door":3,"expcaves:small_treasure_pot":1,"gravestone:gravestone":7,"create:large_cogwheel":7,"create:depot":5,"occultism:chalk_glyph_white":1,"forbidden_arcanus:arcane_crystal_ore":4,"minecraft:furnace":2,"create:windmill_bearing":1,"minecraft:bookshelf":8,"minecraft:deepslate_iron_ore":40,"minecraft:stone":230,"expcaves:lavastone":25,"minecraft:acacia_leaves":1,"randomium:randomium_ore_deepslate":2,"minecraft:crafting_table":5,"thermal:apatite_ore":12,"tconstruct:seared_basin":1,"minecraft:lapis_ore":5,"supplementaries:urn":7,"forbidden_arcanus:xpetrified_ore":30,"tconstruct:skyroot_log":11,"minecraft:coal_ore":86,"minecraft:cracked_stone_bricks":4,"thermal:deepslate_niter_ore":1,"minecraft:polished_andesite":1,"minecraft:mossy_stone_bricks":3},"minecraft:used":{"create:deployer":2,"minecraft:writable_book":1,"ae2:charger":3,"minecraft:ladder":1,"minecraft:stone":3,"create:depot":6,"minecraft:snowball":1,"occultism:butcher_knife":31,"minecraft:lava_bucket":9,"tconstruct:seared_faucet":13,"occultism:chalk_white":22,"minecraft:oak_sapling":1,"minecraft:cooked_cod":9,"occultism:datura_seeds":1,"minecraft:wooden_pickaxe":14,"create:spout":5,"minecraft:sand":1,"minecraft:blast_furnace":1,"farmersdelight:rice":16,"minecraft:diamond_sword":323,"minecraft:coal_block":1,"create:basin":4,"minecraft:smithing_table":1,"minecraft:cooked_salmon":9,"minecraft:torch":159,"tconstruct:seared_drain":6,"tconstruct:seared_heater":1,"thermal:dynamo_stirling":1,"minecraft:iron_axe":62,"create:fluid_pipe":12,"minecraft:cobbled_deepslate":13,"farmersdelight:iron_knife":18,"minecraft:water_bucket":55,"occultism:otherworld_log":1,"minecraft:crafting_table":5,"minecraft:white_bed":1,"occultism:datura":2,"farmersdelight:brown_canvas_sign":1,"minecraft:oak_log":6,"minecraft:diamond_pickaxe":1182,"minecraft:diamond_shovel":98,"tconstruct:seared_table":14,"minecraft:iron_pickaxe":670,"create:water_wheel":10,"forbidden_arcanus:aureal_bottle":1,"forbidden_arcanus:cooked_tentacle":3,"tconstruct:seared_melter":1,"occultism:candle_white":4,"minecraft:cobblestone":51,"minecraft:potion":1,"minecraft:cooked_porkchop":5,"occultism:golden_sacrificial_bowl":1,"quark:oak_chest":5,"minecraft:kelp":27,"minecraft:iron_shovel":635,"minecraft:shield":7,"minecraft:iron_sword":85,"minecraft:iron_chestplate":2,"tconstruct:seared_fuel_tank":1,"create:cogwheel":13,"minecraft:nether_bricks":6,"minecraft:carrot":5,"occultism:sacrificial_bowl":4,"create:crafting_blueprint":5,"create:millstone":1,"minecraft:stone_bricks":2,"tconstruct:smeltery_controller":2,"minecraft:stone_pickaxe":131,"occultism:otherworld_sapling_natural":2,"minecraft:note_block":2,"thermal:energy_duct":1,"minecraft:bread":21,"minecraft:string":1,"minecraft:golden_helmet":1,"minecraft:grindstone":1,"minecraft:bone_meal":352,"create:large_cogwheel":18,"expcaves:lavastone":1,"minecraft:cooked_chicken":41,"minecraft:oak_door":9,"tconstruct:seared_ingot_gauge":4,"create:mechanical_pump":5,"minecraft:dirt":83,"create:mechanical_mixer":4,"expcaves:decorative_pot":2,"minecraft:hopper":1,"tconstruct:seared_bricks":31,"occultism:divination_rod":5,"railways:track_tieless":2,"minecraft:granite":25,"minecraft:iron_hoe":3,"minecraft:wooden_axe":9,"minecraft:bookshelf":11,"minecraft:cooked_beef":39,"minecraft:cooked_mutton":42,"farmersdelight:skillet":1,"minecraft:baked_potato":1,"minecraft:red_nether_bricks":5,"minecraft:green_bed":3,"minecraft:stonecutter":1,"thermal:ice_grenade":2,"tconstruct:seared_basin":1,"tconstruct:seared_chute":3,"minecraft:painting":4,"minecraft:flower_pot":1,"farmersdelight:apple_cider":1,"create:mechanical_press":4,"farmersdelight:cake_slice":13,"create:large_water_wheel":2,"minecraft:stone_axe":152,"kubejs:copper_machine":3,"minecraft:bucket":69,"create:hand_crank":21},"minecraft:picked_up":{"minecraft:iron_chestplate":6,"minecraft:chainmail_boots":4,"minecraft:diamond_sword":1,"create:spout":4,"minecraft:lead":3,"farmersdelight:rice_panicle":71,"minecraft:enchanted_book":3,"kubejs:kinetic_mechanism":30,"forbidden_arcanus:xpetrified_orb":60,"minecraft:string":29,"tconstruct:smeltery_controller":1,"create:limestone":15,"minecraft:red_nether_bricks":5,"create:water_wheel":9,"tconstruct:ingot_cast":1,"minecraft:cobbled_deepslate":202,"minecraft:coal_block":3,"occultism:otherstone":40,"minecraft:golden_helmet":11,"minecraft:green_bed":3,"minecraft:acacia_log":9,"create:andesite_casing":3,"tconstruct:seared_faucet":3,"minecraft:brown_carpet":1,"thermal:apatite":160,"farmersdelight:canvas":7,"create:scoria":1,"create:crushed_raw_nickel":13,"create:crafting_blueprint":2,"supplementaries:quiver":1,"minecraft:snowball":1,"minecraft:feather":52,"expcaves:granite_pebble":8,"minecraft:cooked_beef":6,"farmersdelight:rice":71,"kubejs:invar_compound":8,"minecraft:water_bucket":1,"minecraft:flint":24,"ae2:charged_certus_quartz_crystal":9,"thermal:sapphire":3,"tconstruct:seared_table":5,"create:shaft":17,"minecraft:diamond_helmet":1,"tconstruct:sky_slime_sapling":7,"kubejs:zinc_dust":55,"create:crushed_raw_lead":53,"ae2:certus_quartz_crystal":97,"tconstruct:seared_ingot_gauge":3,"minecraft:ink_sac":9,"minecraft:polished_andesite":1,"minecraft:deepslate":8,"minecraft:writable_book":1,"minecraft:granite":106,"minecraft:chainmail_helmet":2,"minecraft:bread":20,"reliquary:witch_hat":1,"sophisticatedbackpacks:gold_backpack":2,"minecraft:diamond_pickaxe":4,"create:copper_sheet":5,"thermal:copper_dust":22,"minecraft:crafting_table":5,"occultism:chalk_white":1,"minecraft:clay_ball":260,"minecraft:leather_leggings":3,"tconstruct:materials_and_you":1,"tconstruct:exposed_copper_platform":1,"expcaves:lavastone":22,"gravestone:obituary":2,"create:fluid_pipe":7,"occultism:otherworld_log":6,"minecraft:cracked_stone_bricks":1,"occultism:otherworld_sapling_natural":6,"minecraft:beef":18,"thermal:niter":33,"minecraft:iron_nugget":8,"minecraft:raw_copper_block":2,"minecraft:egg":3,"minecraft:stone":53,"reliquary:rib_bone":3,"minecraft:oak_door":9,"create:crushed_raw_zinc":92,"sophisticatedbackpacks:backpack":2,"tconstruct:sky_slime_dirt":2,"railways:track_tieless":8,"tconstruct:sky_slime_ball":55,"minecraft:cooked_cod":7,"minecraft:diamond_boots":1,"create:depot":5,"minecraft:gold_ingot":43,"minecraft:mutton":20,"minecraft:white_wool":18,"minecraft:stripped_oak_log":1,"create:iron_sheet":5,"create:crushed_raw_gold":20,"minecraft:oak_log":58,"tconstruct:seared_brick":256,"create:crushed_raw_iron":267,"minecraft:stone_bricks":4,"minecraft:kelp":421,"minecraft:glass_bottle":1,"minecraft:polished_andesite_stairs":2,"minecraft:gravel":294,"rubber_duck:rubber_duck_item":5,"forbidden_arcanus:arcane_crystal":44,"minecraft:slime_ball":36,"minecraft:stone_axe":1,"create:mechanical_pump":5,"railways:track_spruce":5,"minecraft:painting":3,"minecraft:gray_wool":1,"create:rose_quartz":5,"minecraft:baked_potato":1,"minecraft:ender_pearl":2,"create:wooden_bracket":1,"minecraft:smooth_stone_slab":1,"thermal:sulfur":51,"occultism:tallow":25,"minecraft:bucket":1,"create:mechanical_press":4,"reliquary:zombie_heart":2,"minecraft:calcite":6,"minecraft:iron_pickaxe":3,"minecraft:deepslate_iron_ore":1,"thermal:rubber_block":1,"minecraft:furnace":2,"minecraft:tipped_arrow":3,"thermal:silver_coin":2,"minecraft:stick":31,"create:mechanical_mixer":3,"forbidden_arcanus:tentacle":5,"minecraft:torch":25,"minecraft:porkchop":26,"minecraft:diorite":46,"ae2:sky_stone_block":15,"create:large_cogwheel":8,"minecraft:quartz_block":5,"occultism:otherworld_ashes":3,"minecraft:rotten_flesh":168,"kubejs:copper_machine":3,"supplementaries:antique_ink":2,"occultism:datura":28,"farmersdelight:brown_canvas_sign":1,"minecraft:cobblestone":226,"tconstruct:seared_bricks":8,"occultism:datura_seeds":52,"thermal:invar_ingot":2,"minecraft:leather_chestplate":3,"thermal:energy_duct":1,"minecraft:andesite":146,"minecraft:golden_leggings":1,"minecraft:tuff":11,"supplementaries:flax_seeds":4,"minecraft:acacia_boat":2,"create:incomplete_precision_mechanism":46,"minecraft:lapis_lazuli":54,"minecraft:dirt":103,"occultism:spirit_attuned_gem":3,"kubejs:growing_certus_seed":60,"minecraft:bone":106,"farmersdelight:iron_knife":3,"minecraft:bow":5,"minecraft:wheat_seeds":15,"forbidden_arcanus:rotten_leather":2,"minecraft:mossy_stone_bricks":3,"minecraft:oak_planks":5,"create:radial_chassis":1,"minecraft:cooked_porkchop":5,"create:cogwheel":74,"minecraft:sand":289,"ae2:charger":2,"expcaves:decorative_pot":2,"minecraft:nether_brick_stairs":5,"minecraft:mossy_cobblestone":4,"forbidden_arcanus:ender_pearl_fragment":6,"minecraft:diamond":4,"tconstruct:seared_basin":1,"minecraft:emerald":6,"minecraft:oak_sapling":49,"minecraft:netherrack":4,"thermal:gold_dust":32,"minecraft:chicken":7,"minecraft:ladder":1,"thermal:cinnabar":122,"tconstruct:skyroot_log":12,"occultism:purified_ink":1,"thermal:iron_dust":1,"farmersdelight:straw":81,"minecraft:oak_boat":1,"create:basin":4,"minecraft:light_gray_wool":2,"minecraft:sugar_cane":26,"forbidden_arcanus:bat_wing":2,"minecraft:copper_ingot":4,"minecraft:note_block":18,"create:windmill_bearing":1,"minecraft:music_disc_11":1,"create:hand_crank":20,"create:deployer":2,"minecraft:arrow":35,"tconstruct:grout":192,"ae2:certus_quartz_dust":647,"minecraft:nether_bricks":81,"kubejs:trade_card_phantom_membrane":1,"forbidden_arcanus:spawner_scrap":14,"storagedrawers:upgrade_template":1,"minecraft:leather":14,"forbidden_arcanus:zombie_arm":1,"minecraft:ice":21,"tconstruct:seared_chute":1,"create:andesite_alloy":2,"minecraft:nether_wart_block":1,"minecraft:gunpowder":12,"create:copper_nugget":45,"create:item_vault":1,"minecraft:cooked_mutton":31,"expcaves:stone_pebble":7,"minecraft:iron_ingot":96,"minecraft:cooked_chicken":34,"minecraft:acacia_sapling":1,"minecraft:soul_sand":4,"minecraft:book":30,"minecraft:oak_slab":1,"create:large_water_wheel":3,"minecraft:white_bed":1,"minecraft:spider_eye":4,"minecraft:pumpkin_seeds":1,"expcaves:sediment_stone":2,"minecraft:chainmail_leggings":2,"minecraft:iron_helmet":3,"create:crushed_raw_copper":174,"expcaves:deepslate_pebble":4,"thermal:ruby":2,"minecraft:black_wool":1,"minecraft:coal":162},"minecraft:broken":{"minecraft:iron_pickaxe":2,"minecraft:iron_helmet":1,"minecraft:iron_shovel":2,"minecraft:stone_pickaxe":1,"minecraft:stone_axe":1},"minecraft:killed_by":{"minecraft:zombie":2,"minecraft:stray":1,"minecraft:creeper":2,"minecraft:skeleton":1},"minecraft:crafted":{"create:crushed_raw_copper":18,"minecraft:black_dye":7,"minecraft:smooth_stone":3,"minecraft:rotten_flesh":6,"minecraft:bookshelf":11,"minecraft:cooked_mutton":23,"occultism:sacrificial_bowl":5,"tconstruct:seared_melter":1,"minecraft:glass":19,"create:cogwheel":40,"architects_palette:algal_brick":59,"occultism:candle_white":19,"create:rose_quartz":5,"farmersdelight:iron_knife":1,"minecraft:smithing_table":1,"minecraft:copper_ingot":4,"minecraft:stone_slab":2,"quark:oak_chest":8,"minecraft:iron_pickaxe":1,"minecraft:gold_ingot":2,"kubejs:kinetic_mechanism":56,"projectred_core:screwdriver":1,"tconstruct:seared_chute":2,"minecraft:iron_nugget":114,"forbidden_arcanus:rotten_leather":2,"tconstruct:seared_basin":1,"minecraft:bone_meal":372,"minecraft:ender_pearl":9,"minecraft:stone_pickaxe":1,"thermal:energy_duct":8,"kubejs:invar_compound":2,"ae2:certus_crystal_seed":28,"create:goggles":1,"minecraft:bone":20,"occultism:dictionary_of_spirits":1,"tconstruct:seared_heater":1,"kubejs:sealed_mechanism":16,"minecraft:wooden_axe":1,"minecraft:writable_book":1,"minecraft:iron_shovel":3,"create:shaft":40,"create:copper_casing":2,"tconstruct:grout":512,"occultism:divination_rod":1,"minecraft:grindstone":1,"minecraft:oak_planks":268,"farmersdelight:canvas":12,"occultism:chalk_white_impure":1,"minecraft:cooked_chicken":7,"create:andesite_casing":4,"minecraft:stone":30,"minecraft:hopper":2,"occultism:book_of_binding_foliot":1,"tconstruct:seared_fuel_tank":1,"occultism:golden_sacrificial_bowl":1,"occultism:burnt_otherstone":3,"create:depot":1,"forbidden_arcanus:cooked_tentacle":3,"sophisticatedbackpacks:backpack":1,"minecraft:crafting_table":1,"create:fluid_pipe":8,"minecraft:wooden_pickaxe":3,"kubejs:nickel_compound":2,"create:sand_paper":1,"minecraft:book":2,"minecraft:paper":9,"create:water_wheel":6,"minecraft:stick":52,"create:mechanical_pump":1,"minecraft:iron_ingot":32,"minecraft:stone_sword":1,"tconstruct:seared_bricks":34,"occultism:butcher_knife":1,"thermal:cured_rubber":32,"minecraft:oak_door":6,"minecraft:blast_furnace":1,"minecraft:flint_and_steel":1,"minecraft:iron_axe":1,"minecraft:iron_hoe":1,"create:millstone":1,"tconstruct:seared_table":10,"tconstruct:smeltery_controller":1,"create:basin":1,"minecraft:cooked_beef":12,"minecraft:cooked_cod":2,"create:hand_crank":1,"create:andesite_alloy":82,"create:large_water_wheel":1,"minecraft:bucket":1,"minecraft:stone_axe":2,"tconstruct:seared_drain":6,"minecraft:air":0,"minecraft:blue_dye":2,"tconstruct:seared_ingot_gauge":2,"create:whisk":1,"minecraft:white_dye":4,"tconstruct:seared_faucet":12,"minecraft:stonecutter":1,"kubejs:copper_machine":1,"occultism:book_of_binding_bound_foliot":1,"minecraft:acacia_planks":36,"minecraft:torch":116,"thermal:rf_coil":1,"thermal:rubber":4,"thermal:dynamo_stirling":1,"minecraft:clay":64},"minecraft:dropped":{"farmersdelight:iron_knife":3,"minecraft:cooked_beef":1,"minecraft:glass_bottle":1,"minecraft:diamond":4,"minecraft:crafting_table":1,"minecraft:cookie":1,"create:cogwheel":1,"minecraft:cracked_stone_bricks":1,"sophisticatedbackpacks:gold_backpack":2,"minecraft:dirt":28,"minecraft:writable_book":2,"rubber_duck:rubber_duck_item":3,"minecraft:iron_pickaxe":1,"occultism:otherworld_log":3,"minecraft:white_wool":2,"minecraft:bone":15,"minecraft:stone_axe":2,"farmersdelight:canvas":7,"create:crushed_raw_copper":1,"minecraft:cobbled_deepslate":124,"minecraft:rotten_flesh":119,"minecraft:oak_planks":3,"thermal:rubber_block":1,"minecraft:salmon":1,"kubejs:growing_certus_seed":34,"supplementaries:flax_seeds":4,"minecraft:tipped_arrow":2,"forbidden_arcanus:zombie_arm":1,"create:scoria":1,"minecraft:quartz_block":5,"minecraft:acacia_sapling":1,"create:limestone":15,"minecraft:leather_leggings":3,"expcaves:stone_pebble":7,"reliquary:zombie_heart":1,"minecraft:enchanted_book":1,"minecraft:egg":3,"minecraft:iron_ingot":28,"create:rose_quartz":10,"minecraft:black_dye":1,"minecraft:wheat_seeds":14,"occultism:datura":4,"expcaves:sediment_stone":2,"minecraft:iron_helmet":3,"forbidden_arcanus:tentacle":2,"minecraft:feather":31,"minecraft:cobblestone":96,"minecraft:book":9,"minecraft:granite":80,"minecraft:chainmail_helmet":1,"minecraft:coal":17,"minecraft:coal_block":1,"minecraft:polished_andesite":1,"create:andesite_casing":4,"minecraft:gray_wool":1,"expcaves:granite_pebble":8,"minecraft:wooden_axe":1,"minecraft:string":8,"create:sand_paper":1,"minecraft:acacia_planks":19,"reliquary:rib_bone":2,"minecraft:furnace":1,"minecraft:smooth_stone_slab":1,"minecraft:deepslate":8,"minecraft:clay_ball":4,"minecraft:iron_boots":1,"thermal:gold_dust":49,"minecraft:stone_slab":1,"farmersdelight:straw":32,"minecraft:nether_bricks":3,"forbidden_arcanus:bat_wing":2,"minecraft:pumpkin_seeds":1,"railways:track_tieless":7,"minecraft:diamond_sword":1,"minecraft:stone":46,"minecraft:diamond_pickaxe":3,"create:hand_crank":1,"minecraft:spider_eye":3,"tconstruct:smeltery_controller":1,"thermal:iron_dust":3,"minecraft:stone_bricks":2,"minecraft:brown_carpet":1,"kubejs:invar_compound":10,"minecraft:bow":1,"kubejs:trade_card_phantom_membrane":1,"occultism:chalk_white_impure":1,"ae2:certus_quartz_crystal":441,"minecraft:black_wool":1,"minecraft:nether_brick_stairs":3,"railways:track_spruce":5,"minecraft:acacia_boat":2,"minecraft:soul_sand":2,"tconstruct:sky_slime_dirt":2,"minecraft:oak_log":28,"supplementaries:slingshot":1,"minecraft:leather":2,"farmersdelight:rice":56,"minecraft:flint":3,"minecraft:music_disc_13":1,"minecraft:music_disc_11":2,"create:crafting_blueprint":1,"tconstruct:materials_and_you":1,"reliquary:witch_hat":1,"gravestone:obituary":9,"thermal:copper_dust":23,"create:crushed_raw_iron":9,"minecraft:gold_ingot":21,"minecraft:gravel":27,"expcaves:lavastone":21,"minecraft:cooked_mutton":13,"ae2:charged_certus_quartz_crystal":12,"tconstruct:grout":704,"supplementaries:antique_ink":1,"ae2:sky_dust":8,"create:wooden_bracket":1,"minecraft:leather_chestplate":3,"minecraft:gunpowder":8,"thermal:cinnabar":22,"expcaves:deepslate_pebble":4,"minecraft:chainmail_boots":4,"minecraft:arrow":7,"minecraft:netherrack":4,"create:andesite_alloy":22,"minecraft:oak_slab":1,"minecraft:golden_helmet":9,"minecraft:deepslate_iron_ore":1,"minecraft:mossy_cobblestone":4,"ae2:sky_stone_block":23,"minecraft:lead":3,"cb_microblock:iron_saw":1,"minecraft:copper_ingot":8,"minecraft:stick":2,"create:crushed_raw_gold":1,"minecraft:diorite":46,"minecraft:nether_wart_block":1,"minecraft:polished_andesite_stairs":2,"minecraft:bucket":1,"minecraft:kelp":10,"tconstruct:exposed_copper_platform":1,"storagedrawers:upgrade_template":2,"create:crushed_raw_zinc":2,"minecraft:tuff":11,"minecraft:light_gray_wool":2,"kubejs:zinc_dust":57,"forbidden_arcanus:rotten_leather":2,"minecraft:iron_chestplate":3,"minecraft:andesite":60,"minecraft:mossy_stone_bricks":3,"minecraft:golden_leggings":1,"minecraft:oak_boat":1,"minecraft:oak_sapling":12,"ae2:certus_quartz_dust":563,"minecraft:diamond_boots":1,"minecraft:wooden_pickaxe":3,"minecraft:calcite":6},"minecraft:custom":{"minecraft:interact_with_crafting_table":131,"minecraft:leave_game":4,"minecraft:time_since_death":47990,"minecraft:damage_blocked_by_shield":320,"minecraft:play_time":561190,"minecraft:deaths":7,"minecraft:jump":5611,"minecraft:enchant_item":4,"minecraft:interact_with_furnace":69,"minecraft:sleep_in_bed":10,"minecraft:damage_dealt":37229,"minecraft:interact_with_smoker":10,"minecraft:interact_with_smithing_table":8,"minecraft:interact_with_anvil":5,"minecraft:inspect_hopper":30,"minecraft:sneak_time":21874,"minecraft:interact_with_blast_furnace":4,"minecraft:total_world_time":561190,"minecraft:tune_noteblock":1,"minecraft:interact_with_stonecutter":6,"minecraft:time_since_rest":6300,"minecraft:swim_one_cm":201863,"minecraft:fly_one_cm":1757515,"minecraft:open_chest":641,"minecraft:fall_one_cm":298925,"lootr:looted_stat":84,"minecraft:sprint_one_cm":1342444,"minecraft:drop":488,"minecraft:play_noteblock":20,"minecraft:talked_to_villager":3,"minecraft:walk_on_water_one_cm":97021,"minecraft:crouch_one_cm":43580,"minecraft:mob_kills":264,"minecraft:climb_one_cm":19397,"minecraft:walk_one_cm":1389040,"minecraft:walk_under_water_one_cm":106858,"minecraft:boat_one_cm":60420,"minecraft:pot_flower":1,"minecraft:interact_with_grindstone":2,"minecraft:damage_absorbed":40,"minecraft:damage_taken":9915}},"DataVersion":2975}