{"stats":{"minecraft:custom":{"lootr:looted_stat":2,"minecraft:mob_kills":32,"minecraft:interact_with_crafting_table":23,"minecraft:time_since_death":46775,"minecraft:sprint_one_cm":132224,"minecraft:walk_one_cm":173635,"minecraft:drop":58,"minecraft:play_time":56713,"minecraft:deaths":1,"minecraft:sneak_time":3389,"minecraft:boat_one_cm":31841,"minecraft:jump":869,"minecraft:walk_on_water_one_cm":2419,"minecraft:total_world_time":56713,"minecraft:interact_with_furnace":30,"minecraft:pot_flower":1,"minecraft:time_since_rest":46803,"minecraft:damage_absorbed":40,"minecraft:damage_taken":1085,"minecraft:damage_dealt":4304,"minecraft:fly_one_cm":128851,"minecraft:open_chest":1,"minecraft:crouch_one_cm":8278,"minecraft:fall_one_cm":21829},"minecraft:killed":{"minecraft:spider":2,"minecraft:skeleton":4,"minecraft:chicken":4,"minecraft:bat":1,"minecraft:creeper":2,"minecraft:sheep":2,"minecraft:zombie":10,"minecraft:cow":3},"minecraft:crafted":{"minecraft:oak_planks":72,"minecraft:iron_nugget":114,"forbidden_arcanus:rotten_leather":2,"minecraft:cooked_mutton":4,"minecraft:stone_pickaxe":1,"minecraft:cooked_cod":2,"sophisticatedbackpacks:backpack":1,"minecraft:crafting_table":1,"minecraft:wooden_pickaxe":1,"minecraft:stone_axe":2,"minecraft:air":0,"minecraft:stick":12,"quark:oak_chest":1,"minecraft:iron_pickaxe":1,"minecraft:iron_ingot":12,"minecraft:wooden_axe":1,"minecraft:acacia_planks":36,"minecraft:torch":8},"minecraft:mined":{"thermal:deepslate_cinnabar_ore":7,"create:zinc_ore":1,"create:deepslate_zinc_ore":23,"expcaves:treasure_pot":1,"minecraft:tuff":1,"thermal:cinnabar_ore":6,"thermal:sulfur_ore":8,"minecraft:granite":17,"gravestone:gravestone":1,"minecraft:acacia_log":9,"thermal:deepslate_nickel_ore":6,"forbidden_arcanus:deepslate_arcane_crystal_ore":9,"minecraft:furnace":1,"minecraft:iron_ore":26,"minecraft:andesite":3,"thermal:sapphire_ore":1,"minecraft:deepslate_iron_ore":1,"minecraft:stone":72,"ae2:quartz_ore":24,"create:limestone":12,"minecraft:green_bed":1,"minecraft:acacia_leaves":1,"minecraft:brown_carpet":1,"thermal:lead_ore":3,"thermal:apatite_ore":6,"minecraft:crafting_table":5,"minecraft:calcite":6,"minecraft:copper_ore":13,"minecraft:tall_grass":1,"thermal:deepslate_lead_ore":13,"minecraft:diorite":3,"minecraft:deepslate_copper_ore":7,"supplementaries:urn":2,"forbidden_arcanus:xpetrified_ore":5,"thermal:deepslate_sapphire_ore":2,"thermal:niter_ore":7,"minecraft:grass":2,"minecraft:oak_log":18,"minecraft:coal_ore":49,"minecraft:gravel":5,"thermal:deepslate_niter_ore":1,"ae2:deepslate_quartz_ore":4,"minecraft:oak_leaves":3,"minecraft:gold_ore":4,"minecraft:deepslate":8,"thermal:deepslate_sulfur_ore":5},"minecraft:broken":{"minecraft:stone_pickaxe":1,"minecraft:stone_axe":1},"minecraft:picked_up":{"minecraft:crafting_table":5,"minecraft:chicken":4,"thermal:cinnabar":21,"tconstruct:materials_and_you":1,"gravestone:obituary":1,"forbidden_arcanus:xpetrified_orb":5,"minecraft:string":7,"create:limestone":12,"thermal:sulfur":51,"minecraft:cobbled_deepslate":16,"minecraft:beef":9,"thermal:niter":33,"minecraft:calcite":6,"minecraft:iron_pickaxe":1,"minecraft:light_gray_wool":1,"minecraft:furnace":1,"minecraft:stick":2,"forbidden_arcanus:bat_wing":2,"create:crushed_raw_zinc":24,"minecraft:acacia_log":9,"minecraft:torch":1,"minecraft:green_bed":1,"minecraft:diorite":3,"minecraft:brown_carpet":1,"thermal:apatite":41,"minecraft:arrow":2,"minecraft:rotten_flesh":13,"minecraft:cooked_cod":7,"ae2:certus_quartz_dust":87,"create:crushed_raw_nickel":6,"minecraft:mutton":4,"minecraft:cobblestone":73,"minecraft:feather":1,"minecraft:cooked_beef":3,"create:crushed_raw_gold":4,"minecraft:leather":2,"minecraft:flint":2,"minecraft:oak_log":18,"supplementaries:flax_seeds":3,"minecraft:gunpowder":2,"minecraft:acacia_boat":2,"minecraft:cooked_mutton":1,"thermal:sapphire":3,"minecraft:bone":5,"create:crushed_raw_iron":27,"minecraft:wheat_seeds":1,"forbidden_arcanus:rotten_leather":2,"minecraft:acacia_sapling":1,"create:crushed_raw_lead":16,"ae2:certus_quartz_crystal":2,"minecraft:gravel":3,"minecraft:spider_eye":1,"forbidden_arcanus:arcane_crystal":9,"minecraft:diamond":1,"minecraft:stone_axe":1,"minecraft:writable_book":1,"create:crushed_raw_copper":20,"minecraft:granite":17,"minecraft:oak_sapling":4,"minecraft:coal":82,"minecraft:black_wool":1},"minecraft:dropped":{"minecraft:acacia_boat":2,"minecraft:wheat_seeds":2,"minecraft:cooked_beef":1,"minecraft:glass_bottle":1,"minecraft:crafting_table":1,"minecraft:cookie":1,"minecraft:feather":1,"minecraft:cobblestone":3,"minecraft:granite":17,"minecraft:coal":8,"minecraft:flint":2,"minecraft:diorite":3,"tconstruct:materials_and_you":1,"minecraft:wooden_axe":1,"gravestone:obituary":2,"minecraft:writable_book":2,"minecraft:string":3,"minecraft:acacia_planks":19,"minecraft:gravel":3,"minecraft:furnace":1,"minecraft:stone_axe":1,"minecraft:cobbled_deepslate":16,"minecraft:rotten_flesh":3,"minecraft:light_gray_wool":1,"minecraft:cooked_mutton":1,"forbidden_arcanus:bat_wing":2,"forbidden_arcanus:rotten_leather":2,"supplementaries:flax_seeds":3,"minecraft:gunpowder":2,"minecraft:oak_sapling":2,"minecraft:acacia_sapling":1,"create:limestone":12,"minecraft:spider_eye":1,"minecraft:brown_carpet":1,"minecraft:arrow":2,"minecraft:wooden_pickaxe":1,"minecraft:calcite":6,"minecraft:black_wool":1},"minecraft:killed_by":{"minecraft:skeleton":1},"minecraft:used":{"minecraft:writable_book":1,"minecraft:torch":9,"minecraft:wooden_axe":9,"minecraft:cooked_cod":9,"minecraft:cooked_beef":2,"minecraft:cooked_mutton":3,"minecraft:stone_pickaxe":131,"minecraft:wooden_pickaxe":14,"minecraft:crafting_table":4,"minecraft:flower_pot":1,"farmersdelight:apple_cider":1,"farmersdelight:cake_slice":13,"minecraft:iron_pickaxe":214,"minecraft:stone_axe":86}},"DataVersion":2975}