{"stats":{"minecraft:custom":{"minecraft:interact_with_anvil":1,"minecraft:interact_with_smithing_table":1,"lootr:looted_stat":4,"minecraft:mob_kills":70,"minecraft:interact_with_crafting_table":49,"minecraft:time_since_death":118775,"minecraft:sprint_one_cm":278833,"minecraft:walk_one_cm":320291,"minecraft:drop":101,"minecraft:play_time":128713,"minecraft:deaths":1,"minecraft:sneak_time":8878,"minecraft:walk_under_water_one_cm":38043,"minecraft:boat_one_cm":60420,"minecraft:jump":1883,"minecraft:walk_on_water_one_cm":37380,"minecraft:total_world_time":128713,"minecraft:interact_with_furnace":37,"minecraft:pot_flower":1,"minecraft:sleep_in_bed":2,"minecraft:time_since_rest":13309,"minecraft:damage_absorbed":40,"minecraft:damage_taken":1653,"minecraft:damage_dealt":7265,"minecraft:swim_one_cm":111620,"minecraft:fly_one_cm":343871,"minecraft:open_chest":76,"minecraft:crouch_one_cm":13518,"minecraft:interact_with_smoker":2,"minecraft:fall_one_cm":43214},"minecraft:killed":{"minecraft:spider":3,"tconstruct:sky_slime":15,"minecraft:skeleton":4,"minecraft:chicken":8,"minecraft:drowned":1,"minecraft:pig":8,"minecraft:bat":1,"minecraft:creeper":2,"minecraft:sheep":6,"minecraft:zombie":11,"minecraft:cow":6},"minecraft:crafted":{"minecraft:oak_door":3,"minecraft:oak_planks":80,"minecraft:iron_nugget":114,"forbidden_arcanus:rotten_leather":2,"create:andesite_casing":4,"tconstruct:seared_basin":1,"minecraft:cooked_mutton":23,"tconstruct:seared_melter":1,"minecraft:glass":19,"tconstruct:seared_table":1,"minecraft:stone_pickaxe":1,"minecraft:cooked_beef":12,"minecraft:cooked_cod":2,"sophisticatedbackpacks:backpack":1,"minecraft:crafting_table":1,"minecraft:wooden_pickaxe":1,"minecraft:bucket":1,"minecraft:stone_axe":2,"minecraft:air":0,"tconstruct:seared_heater":1,"tconstruct:seared_ingot_gauge":1,"minecraft:stone_sword":1,"minecraft:stick":12,"quark:oak_chest":1,"minecraft:iron_pickaxe":1,"minecraft:iron_ingot":14,"minecraft:gold_ingot":2,"minecraft:wooden_axe":1,"tconstruct:seared_faucet":3,"minecraft:iron_shovel":3,"minecraft:acacia_planks":36,"minecraft:torch":8,"tconstruct:grout":512,"minecraft:clay":64},"minecraft:mined":{"thermal:deepslate_cinnabar_ore":7,"create:zinc_ore":1,"create:deepslate_zinc_ore":23,"expcaves:treasure_pot":2,"minecraft:tuff":1,"minecraft:white_bed":1,"thermal:cinnabar_ore":6,"minecraft:oak_door":3,"thermal:sulfur_ore":8,"expcaves:small_treasure_pot":1,"minecraft:granite":17,"gravestone:gravestone":1,"minecraft:acacia_log":9,"minecraft:grass_block":3,"thermal:deepslate_nickel_ore":6,"minecraft:kelp":16,"railways:track_tieless":1,"tconstruct:seared_table":1,"minecraft:tall_seagrass":10,"create:shaft":3,"forbidden_arcanus:deepslate_arcane_crystal_ore":9,"minecraft:furnace":1,"minecraft:iron_ore":26,"minecraft:fire":2,"minecraft:andesite":3,"expcaves:decorative_pot":1,"create:windmill_bearing":1,"thermal:sapphire_ore":1,"minecraft:deepslate_iron_ore":1,"tconstruct:earth_congealed_slime":9,"tconstruct:sky_slime_dirt":1,"minecraft:stone":72,"ae2:quartz_ore":24,"create:limestone":12,"minecraft:green_bed":3,"create:radial_chassis":1,"minecraft:acacia_leaves":1,"minecraft:kelp_plant":31,"minecraft:brown_carpet":1,"thermal:lead_ore":3,"minecraft:clay":64,"thermal:apatite_ore":6,"minecraft:crafting_table":5,"minecraft:calcite":6,"minecraft:copper_ore":13,"minecraft:tall_grass":2,"thermal:deepslate_lead_ore":13,"minecraft:sugar_cane":8,"minecraft:diorite":3,"minecraft:deepslate_copper_ore":7,"supplementaries:urn":2,"minecraft:seagrass":22,"forbidden_arcanus:xpetrified_ore":5,"thermal:deepslate_sapphire_ore":2,"expcaves:treasure_amphora":2,"tconstruct:skyroot_log":11,"thermal:niter_ore":7,"minecraft:grass":17,"minecraft:oak_log":19,"minecraft:coal_ore":49,"minecraft:dirt":4,"minecraft:gravel":286,"minecraft:sand":278,"thermal:deepslate_niter_ore":1,"ae2:deepslate_quartz_ore":4,"minecraft:oak_leaves":5,"minecraft:gold_ore":4,"minecraft:deepslate":8,"thermal:deepslate_sulfur_ore":5,"tconstruct:sky_congealed_slime":10},"minecraft:broken":{"minecraft:iron_shovel":2,"minecraft:stone_pickaxe":1,"minecraft:stone_axe":1},"minecraft:picked_up":{"thermal:copper_dust":21,"minecraft:crafting_table":5,"minecraft:chicken":7,"minecraft:clay_ball":260,"thermal:cinnabar":21,"tconstruct:materials_and_you":1,"tconstruct:skyroot_log":12,"gravestone:obituary":1,"create:wooden_bracket":1,"forbidden_arcanus:xpetrified_orb":5,"minecraft:string":8,"create:limestone":15,"thermal:sulfur":51,"minecraft:cobbled_deepslate":16,"minecraft:bucket":1,"minecraft:beef":15,"minecraft:oak_boat":1,"thermal:niter":33,"minecraft:calcite":6,"minecraft:iron_pickaxe":1,"minecraft:light_gray_wool":1,"minecraft:sugar_cane":17,"minecraft:furnace":1,"thermal:silver_coin":2,"minecraft:stick":7,"forbidden_arcanus:bat_wing":2,"minecraft:oak_door":6,"create:crushed_raw_zinc":24,"minecraft:copper_ingot":1,"minecraft:acacia_log":9,"minecraft:torch":1,"minecraft:green_bed":3,"create:andesite_casing":3,"minecraft:porkchop":14,"create:windmill_bearing":1,"tconstruct:sky_slime_dirt":2,"minecraft:diorite":3,"railways:track_tieless":1,"minecraft:brown_carpet":1,"thermal:apatite":41,"create:large_cogwheel":1,"tconstruct:sky_slime_ball":55,"minecraft:arrow":2,"minecraft:rotten_flesh":13,"minecraft:cooked_cod":7,"tconstruct:grout":192,"ae2:certus_quartz_dust":87,"create:crushed_raw_nickel":6,"minecraft:mutton":10,"minecraft:snowball":1,"minecraft:white_wool":4,"minecraft:cobblestone":75,"minecraft:stripped_oak_log":1,"minecraft:feather":2,"minecraft:cooked_beef":6,"create:crushed_raw_gold":4,"minecraft:water_bucket":1,"minecraft:leather":6,"minecraft:ice":21,"minecraft:flint":23,"minecraft:oak_log":19,"create:andesite_alloy":2,"supplementaries:flax_seeds":3,"minecraft:gunpowder":6,"minecraft:acacia_boat":2,"create:copper_nugget":42,"minecraft:dirt":10,"tconstruct:seared_brick":256,"minecraft:cooked_mutton":1,"thermal:sapphire":3,"minecraft:bone":5,"create:crushed_raw_iron":27,"minecraft:kelp":202,"minecraft:wheat_seeds":3,"forbidden_arcanus:rotten_leather":2,"minecraft:iron_ingot":15,"tconstruct:seared_table":1,"create:shaft":17,"tconstruct:sky_slime_sapling":7,"minecraft:oak_planks":1,"minecraft:acacia_sapling":1,"minecraft:oak_slab":1,"create:radial_chassis":1,"create:cogwheel":3,"create:crushed_raw_lead":16,"ae2:certus_quartz_crystal":2,"minecraft:gravel":259,"minecraft:sand":278,"expcaves:decorative_pot":1,"minecraft:white_bed":1,"minecraft:spider_eye":2,"rubber_duck:rubber_duck_item":1,"forbidden_arcanus:arcane_crystal":9,"minecraft:slime_ball":36,"minecraft:diamond":1,"minecraft:stone_axe":1,"minecraft:writable_book":1,"create:crushed_raw_copper":20,"minecraft:granite":18,"minecraft:oak_sapling":14,"minecraft:coal":85,"minecraft:black_wool":1},"minecraft:dropped":{"minecraft:iron_ingot":14,"minecraft:acacia_boat":2,"minecraft:oak_slab":1,"tconstruct:sky_slime_dirt":2,"minecraft:wheat_seeds":2,"minecraft:cooked_beef":1,"minecraft:oak_log":10,"minecraft:glass_bottle":1,"minecraft:crafting_table":1,"minecraft:cookie":1,"minecraft:feather":1,"minecraft:cobblestone":4,"minecraft:granite":18,"minecraft:coal":8,"minecraft:flint":2,"create:andesite_casing":4,"minecraft:dirt":3,"minecraft:diorite":3,"tconstruct:materials_and_you":1,"minecraft:wooden_axe":1,"gravestone:obituary":2,"thermal:copper_dust":21,"minecraft:writable_book":2,"minecraft:string":3,"minecraft:bucket":1,"minecraft:acacia_planks":19,"minecraft:gravel":3,"minecraft:furnace":1,"minecraft:stone_axe":2,"minecraft:kelp":10,"minecraft:cobbled_deepslate":16,"minecraft:rotten_flesh":3,"minecraft:clay_ball":4,"minecraft:light_gray_wool":1,"minecraft:oak_planks":1,"minecraft:cooked_mutton":13,"forbidden_arcanus:bat_wing":2,"minecraft:salmon":1,"forbidden_arcanus:rotten_leather":2,"tconstruct:grout":704,"create:wooden_bracket":1,"supplementaries:flax_seeds":3,"minecraft:gunpowder":2,"minecraft:oak_boat":1,"minecraft:oak_sapling":6,"minecraft:acacia_sapling":1,"create:limestone":15,"minecraft:spider_eye":1,"minecraft:brown_carpet":1,"minecraft:arrow":2,"minecraft:wooden_pickaxe":1,"minecraft:calcite":6,"minecraft:black_wool":1},"minecraft:killed_by":{"minecraft:skeleton":1},"minecraft:used":{"minecraft:writable_book":1,"minecraft:iron_shovel":633,"minecraft:iron_chestplate":1,"minecraft:oak_door":6,"minecraft:torch":9,"minecraft:dirt":7,"expcaves:decorative_pot":1,"railways:track_tieless":2,"minecraft:snowball":1,"tconstruct:seared_heater":1,"minecraft:wooden_axe":9,"minecraft:lava_bucket":6,"tconstruct:seared_faucet":2,"minecraft:cooked_cod":9,"minecraft:cooked_beef":5,"minecraft:water_bucket":6,"minecraft:cooked_mutton":12,"farmersdelight:skillet":1,"minecraft:stone_pickaxe":131,"minecraft:wooden_pickaxe":14,"minecraft:green_bed":3,"thermal:ice_grenade":2,"minecraft:sand":1,"minecraft:crafting_table":5,"tconstruct:seared_basin":1,"minecraft:white_bed":1,"minecraft:oak_log":2,"minecraft:flower_pot":1,"farmersdelight:apple_cider":1,"farmersdelight:cake_slice":13,"tconstruct:seared_table":2,"minecraft:iron_pickaxe":220,"minecraft:stone_axe":152,"tconstruct:seared_melter":1,"minecraft:bucket":11}},"DataVersion":2975}