{"stats":{"minecraft:custom":{"lootr:looted_stat":2,"minecraft:interact_with_furnace":14,"minecraft:mob_kills":18,"minecraft:interact_with_crafting_table":13,"minecraft:pot_flower":1,"minecraft:time_since_death":24205,"minecraft:time_since_rest":24233,"minecraft:walk_one_cm":118251,"minecraft:sprint_one_cm":77701,"minecraft:damage_taken":960,"minecraft:damage_absorbed":40,"minecraft:drop":36,"minecraft:damage_dealt":3078,"minecraft:fly_one_cm":62256,"minecraft:open_chest":1,"minecraft:crouch_one_cm":7026,"minecraft:play_time":34143,"minecraft:deaths":1,"minecraft:sneak_time":2744,"minecraft:jump":492,"minecraft:walk_on_water_one_cm":1256,"minecraft:total_world_time":34143,"minecraft:fall_one_cm":12025},"minecraft:killed":{"minecraft:spider":1,"minecraft:bat":1,"minecraft:creeper":1,"minecraft:skeleton":3,"minecraft:zombie":9},"minecraft:crafted":{"minecraft:cooked_cod":2,"minecraft:crafting_table":1,"minecraft:iron_nugget":63,"minecraft:wooden_pickaxe":1,"minecraft:stone_axe":1,"minecraft:air":0,"minecraft:stick":12,"minecraft:iron_ingot":5,"minecraft:iron_pickaxe":1,"minecraft:stone_pickaxe":1,"minecraft:wooden_axe":1,"minecraft:acacia_planks":36,"minecraft:torch":8},"minecraft:mined":{"create:zinc_ore":1,"thermal:deepslate_cinnabar_ore":7,"create:deepslate_zinc_ore":21,"minecraft:tuff":1,"minecraft:acacia_leaves":1,"thermal:cinnabar_ore":6,"thermal:sulfur_ore":8,"thermal:lead_ore":2,"minecraft:crafting_table":3,"thermal:apatite_ore":6,"gravestone:gravestone":1,"minecraft:granite":17,"minecraft:acacia_log":9,"thermal:deepslate_nickel_ore":6,"minecraft:copper_ore":13,"thermal:deepslate_lead_ore":2,"supplementaries:urn":2,"forbidden_arcanus:deepslate_arcane_crystal_ore":9,"forbidden_arcanus:xpetrified_ore":4,"minecraft:iron_ore":26,"thermal:niter_ore":7,"minecraft:coal_ore":28,"minecraft:deepslate_iron_ore":1,"minecraft:gravel":5,"ae2:deepslate_quartz_ore":4,"minecraft:stone":71,"ae2:quartz_ore":24,"minecraft:gold_ore":4,"thermal:deepslate_sulfur_ore":5,"minecraft:deepslate":6},"minecraft:broken":{"minecraft:stone_pickaxe":1},"minecraft:picked_up":{"minecraft:crafting_table":3,"minecraft:cooked_beef":3,"create:crushed_raw_gold":4,"thermal:cinnabar":21,"tconstruct:materials_and_you":1,"minecraft:flint":1,"supplementaries:flax_seeds":3,"gravestone:obituary":1,"minecraft:gunpowder":2,"forbidden_arcanus:xpetrified_orb":4,"minecraft:string":3,"minecraft:bone":5,"create:crushed_raw_iron":27,"thermal:sulfur":51,"minecraft:wheat_seeds":1,"minecraft:cobbled_deepslate":13,"thermal:niter":28,"minecraft:iron_pickaxe":1,"minecraft:acacia_sapling":1,"forbidden_arcanus:bat_wing":2,"create:crushed_raw_zinc":22,"minecraft:torch":1,"create:crushed_raw_lead":4,"ae2:certus_quartz_crystal":2,"minecraft:acacia_log":9,"minecraft:gravel":3,"minecraft:spider_eye":1,"thermal:apatite":41,"forbidden_arcanus:arcane_crystal":9,"minecraft:arrow":2,"minecraft:rotten_flesh":5,"minecraft:cooked_cod":7,"minecraft:diamond":1,"minecraft:stone_axe":1,"ae2:certus_quartz_dust":87,"minecraft:writable_book":1,"create:crushed_raw_copper":13,"minecraft:granite":17,"create:crushed_raw_nickel":6,"minecraft:coal":28,"minecraft:cobblestone":72},"minecraft:dropped":{"minecraft:gravel":3,"minecraft:stone_axe":1,"minecraft:wheat_seeds":2,"minecraft:cobbled_deepslate":13,"minecraft:glass_bottle":1,"minecraft:crafting_table":1,"minecraft:cookie":1,"minecraft:cobblestone":2,"minecraft:rotten_flesh":3,"minecraft:granite":17,"forbidden_arcanus:bat_wing":2,"minecraft:coal":8,"supplementaries:flax_seeds":3,"minecraft:gunpowder":2,"tconstruct:materials_and_you":1,"minecraft:wooden_axe":1,"minecraft:acacia_sapling":1,"minecraft:spider_eye":1,"gravestone:obituary":2,"minecraft:writable_book":2,"minecraft:wooden_pickaxe":1,"minecraft:string":3,"minecraft:acacia_planks":19},"minecraft:killed_by":{"minecraft:skeleton":1},"minecraft:used":{"minecraft:writable_book":1,"minecraft:stone_pickaxe":131,"minecraft:wooden_pickaxe":14,"minecraft:torch":9,"minecraft:crafting_table":3,"minecraft:wooden_axe":9,"minecraft:flower_pot":1,"farmersdelight:apple_cider":1,"farmersdelight:cake_slice":13,"minecraft:iron_pickaxe":138,"minecraft:stone_axe":39,"minecraft:cooked_cod":9,"minecraft:cooked_beef":1}},"DataVersion":2975}