{"stats":{"minecraft:broken":{"minecraft:iron_boots":1,"minecraft:iron_chestplate":1,"minecraft:iron_pickaxe":2,"minecraft:iron_helmet":1,"minecraft:iron_shovel":2,"minecraft:stone_pickaxe":1,"minecraft:stone_axe":1},"minecraft:used":{"create:deployer":2,"minecraft:writable_book":1,"ae2:charger":7,"minecraft:ladder":2,"minecraft:stone":20,"create:fluid_tank":6,"create:mechanical_crafter":48,"create:depot":10,"minecraft:snowball":1,"occultism:butcher_knife":31,"minecraft:lava_bucket":9,"tconstruct:seared_faucet":15,"create:andesite_funnel":6,"thermal:resin_bucket":1,"create:shaft":74,"occultism:chalk_white":22,"minecraft:oak_sapling":1,"minecraft:cooked_cod":9,"occultism:datura_seeds":1,"minecraft:wooden_pickaxe":14,"create:spout":10,"minecraft:sand":1,"minecraft:blast_furnace":1,"farmersdelight:rice":16,"minecraft:diamond_sword":419,"minecraft:coal_block":1,"create:basin":11,"minecraft:smithing_table":1,"minecraft:cooked_salmon":9,"minecraft:torch":167,"tconstruct:seared_drain":6,"tconstruct:seared_heater":1,"thermal:dynamo_stirling":2,"create:gearbox":6,"create:wrench":4,"minecraft:iron_block":1,"minecraft:iron_axe":79,"ae2:sky_stone_block":11,"minecraft:basalt":15,"create:fluid_pipe":30,"minecraft:cobbled_deepslate":23,"create:belt_connector":40,"create:smart_fluid_pipe":1,"farmersdelight:iron_knife":18,"minecraft:water_bucket":115,"occultism:otherworld_log":1,"create:brass_tunnel":4,"minecraft:crafting_table":6,"kubejs:volatile_sky_solution_bucket":2,"minecraft:white_bed":1,"occultism:datura":2,"create:filter":1,"farmersdelight:brown_canvas_sign":1,"minecraft:oak_log":7,"minecraft:diamond_pickaxe":1898,"minecraft:diamond_shovel":348,"tconstruct:seared_table":22,"minecraft:iron_pickaxe":670,"create:water_wheel":49,"forbidden_arcanus:aureal_bottle":1,"forbidden_arcanus:cooked_tentacle":3,"tconstruct:seared_melter":1,"occultism:candle_white":4,"minecraft:cobblestone":104,"minecraft:potion":1,"minecraft:cooked_porkchop":5,"occultism:golden_sacrificial_bowl":1,"quark:oak_chest":15,"minecraft:kelp":27,"minecraft:iron_shovel":635,"minecraft:shield":53,"minecraft:iron_sword":85,"minecraft:iron_chestplate":2,"tconstruct:seared_fuel_tank":1,"create:cogwheel":105,"minecraft:nether_bricks":6,"minecraft:carrot":5,"occultism:sacrificial_bowl":4,"create:crafting_blueprint":8,"minecraft:iron_helmet":1,"create:millstone":5,"minecraft:stone_bricks":3,"tconstruct:smeltery_controller":2,"create:crushing_wheel":7,"minecraft:stone_pickaxe":131,"minecraft:oak_planks":6,"occultism:otherworld_sapling_natural":2,"minecraft:note_block":2,"thermal:energy_duct":1,"minecraft:bread":21,"minecraft:string":1,"minecraft:golden_helmet":1,"minecraft:grindstone":1,"create:vertical_gearbox":1,"minecraft:bone_meal":352,"create:large_cogwheel":87,"expcaves:lavastone":1,"minecraft:cooked_chicken":41,"minecraft:oak_door":9,"tconstruct:seared_ingot_gauge":8,"create:mechanical_pump":16,"minecraft:dirt":196,"expcaves:decorative_pot":2,"create:mechanical_mixer":9,"minecraft:hopper":8,"tconstruct:seared_bricks":31,"occultism:divination_rod":5,"railways:track_tieless":2,"minecraft:granite":25,"minecraft:iron_hoe":3,"minecraft:wooden_axe":9,"minecraft:bookshelf":11,"minecraft:cooked_beef":44,"minecraft:cooked_mutton":42,"farmersdelight:skillet":1,"minecraft:baked_potato":2,"minecraft:red_nether_bricks":5,"minecraft:copper_block":1,"minecraft:green_bed":3,"minecraft:stonecutter":1,"thermal:ice_grenade":2,"create:brass_funnel":4,"tconstruct:seared_basin":17,"tconstruct:seared_chute":3,"minecraft:painting":14,"minecraft:flower_pot":1,"farmersdelight:apple_cider":1,"minecraft:apple":107,"create:mechanical_press":8,"farmersdelight:cake_slice":13,"create:large_water_wheel":2,"minecraft:stone_axe":152,"minecraft:white_banner":1,"minecraft:bucket":144,"kubejs:copper_machine":3,"create:hand_crank":36},"minecraft:custom":{"minecraft:interact_with_crafting_table":184,"minecraft:leave_game":11,"minecraft:time_since_death":11895,"minecraft:damage_blocked_by_shield":2465,"minecraft:play_time":913333,"minecraft:deaths":11,"minecraft:jump":8106,"minecraft:enchant_item":4,"minecraft:interact_with_furnace":85,"minecraft:sleep_in_bed":17,"minecraft:damage_dealt":45554,"minecraft:interact_with_smoker":10,"minecraft:interact_with_smithing_table":15,"minecraft:interact_with_anvil":9,"minecraft:inspect_hopper":57,"minecraft:sneak_time":26924,"minecraft:interact_with_blast_furnace":5,"minecraft:total_world_time":913333,"minecraft:tune_noteblock":1,"minecraft:interact_with_stonecutter":12,"minecraft:time_since_rest":11945,"minecraft:swim_one_cm":215859,"minecraft:fly_one_cm":2424905,"minecraft:open_chest":1023,"minecraft:fall_one_cm":444647,"lootr:looted_stat":90,"minecraft:sprint_one_cm":1924996,"minecraft:drop":650,"minecraft:play_noteblock":20,"minecraft:talked_to_villager":4,"minecraft:walk_on_water_one_cm":135895,"minecraft:crouch_one_cm":53761,"minecraft:mob_kills":310,"minecraft:climb_one_cm":36178,"minecraft:walk_one_cm":2208454,"minecraft:walk_under_water_one_cm":116607,"minecraft:boat_one_cm":60420,"minecraft:pot_flower":1,"minecraft:interact_with_grindstone":2,"minecraft:damage_taken":13683,"minecraft:damage_absorbed":40},"minecraft:mined":{"create:brass_tunnel":1,"minecraft:white_bed":1,"thermal:cinnabar_ore":36,"minecraft:red_nether_bricks":6,"minecraft:granite":107,"minecraft:acacia_log":9,"thermal:deepslate_ruby_ore":1,"minecraft:coal_block":2,"minecraft:hopper":4,"create:belt":10,"minecraft:spawner":31,"minecraft:tall_seagrass":10,"minecraft:cobbled_deepslate":4,"minecraft:fire":2,"expcaves:decorative_pot":2,"thermal:sapphire_ore":1,"minecraft:nether_brick_stairs":4,"farmersdelight:rice_panicles":3,"minecraft:iron_block":1,"create:mechanical_press":8,"create:limestone":12,"minecraft:tripwire":3,"expcaves:broken_deepslate":3,"create:cogwheel":45,"expcaves:dry_moss":1,"minecraft:kelp_plant":73,"minecraft:torch":3,"minecraft:note_block":18,"minecraft:polished_andesite_stairs":1,"create:scoria":1,"thermal:deepslate_lead_ore":18,"minecraft:sugar_cane":17,"create:basin":9,"create:andesite_belt_funnel":1,"forbidden_arcanus:darkstone":3,"tconstruct:seared_faucet":4,"create:mechanical_mixer":7,"expcaves:sediment_stone":5,"minecraft:grass":95,"thermal:niter_ore":7,"create:hand_crank":25,"minecraft:deepslate":187,"thermal:deepslate_cinnabar_ore":7,"create:zinc_ore":53,"create:millstone":5,"minecraft:mossy_cobblestone":4,"thermal:ruby_ore":1,"expcaves:granite_tall_stalagmite":1,"create:fluid_tank":3,"ae2:charger":5,"minecraft:nether_bricks":52,"thermal:deepslate_nickel_ore":10,"create:encased_fan":3,"minecraft:kelp":31,"railways:track_tieless":8,"create:shaft":42,"forbidden_arcanus:deepslate_arcane_crystal_ore":21,"minecraft:andesite":174,"create:deployer":2,"expcaves:fire_moss":2,"ae2:sky_stone_block":23,"ae2:quartz_ore":107,"tconstruct:earth_congealed_slime":9,"minecraft:soul_sand":2,"quark:oak_chest":6,"expcaves:granite_pebble":1,"minecraft:brown_carpet":1,"create:fluid_pipe":25,"create:mechanical_pump":13,"create:water_wheel":37,"expcaves:cave_vine":1,"railways:track_spruce":5,"minecraft:tall_grass":3,"minecraft:copper_ore":170,"minecraft:deepslate_gold_ore":4,"minecraft:diorite":48,"minecraft:coarse_dirt":2,"tconstruct:smeltery_controller":1,"create:gearbox":8,"thermal:deepslate_sapphire_ore":2,"expcaves:treasure_amphora":2,"thermal:dynamo_stirling":1,"create:crushing_wheel":3,"minecraft:gravel":299,"ae2:deepslate_quartz_ore":56,"minecraft:stone_bricks":8,"create:andesite_funnel":2,"minecraft:gold_ore":19,"thermal:deepslate_sulfur_ore":5,"tconstruct:sky_congealed_slime":10,"create:deepslate_zinc_ore":24,"minecraft:oak_sapling":2,"minecraft:farmland":2,"thermal:sulfur_ore":8,"tconstruct:seared_bricks":8,"minecraft:grass_block":139,"randomium:randomium_ore":4,"tconstruct:seared_table":15,"tconstruct:seared_ingot_gauge":7,"minecraft:iron_ore":219,"tconstruct:sky_slime_dirt":1,"occultism:otherworld_log":1,"minecraft:green_bed":3,"tconstruct:seared_chute":1,"create:radial_chassis":1,"minecraft:quartz_block":17,"minecraft:blackstone":2,"expcaves:deepslate_tall_stalactite":1,"kubejs:copper_machine":3,"thermal:lead_ore":32,"minecraft:clay":64,"minecraft:calcite":6,"supplementaries:wild_flax":1,"minecraft:cobblestone":65,"minecraft:oak_planks":6,"minecraft:wall_torch":6,"minecraft:deepslate_copper_ore":8,"create:large_water_wheel":2,"minecraft:seagrass":22,"expcaves:tuff_tall_stalactite":1,"minecraft:nether_wart_block":1,"create:zinc_block":1,"create:spout":9,"minecraft:smooth_stone_slab":5,"minecraft:oak_log":37,"minecraft:sand":324,"minecraft:dirt":160,"thermal:nickel_ore":1,"occultism:otherworld_log_natural":10,"minecraft:raw_copper_block":2,"minecraft:netherrack":5,"minecraft:ancient_debris":1,"minecraft:oak_leaves":24,"create:brass_funnel":1,"expcaves:treasure_pot":2,"minecraft:tuff":58,"minecraft:deepslate_diamond_ore":9,"minecraft:oak_door":3,"expcaves:small_treasure_pot":1,"gravestone:gravestone":11,"create:large_cogwheel":36,"create:depot":11,"occultism:chalk_glyph_white":1,"forbidden_arcanus:arcane_crystal_ore":4,"minecraft:oak_trapdoor":4,"minecraft:furnace":2,"create:windmill_bearing":1,"minecraft:bookshelf":8,"minecraft:deepslate_iron_ore":64,"minecraft:stone":318,"expcaves:lavastone":29,"minecraft:acacia_leaves":1,"randomium:randomium_ore_deepslate":5,"minecraft:basalt":22,"thermal:apatite_ore":12,"minecraft:crafting_table":5,"expcaves:hanging_roots":1,"tconstruct:seared_basin":13,"minecraft:lapis_ore":5,"supplementaries:urn":7,"forbidden_arcanus:xpetrified_ore":31,"tconstruct:skyroot_log":11,"minecraft:coal_ore":88,"create:mechanical_crafter":28,"minecraft:cracked_stone_bricks":4,"thermal:deepslate_niter_ore":1,"minecraft:polished_andesite":1,"minecraft:mossy_stone_bricks":5,"forbidden_arcanus:runic_deepslate":1},"minecraft:killed_by":{"minecraft:zombie":3,"minecraft:stray":1,"minecraft:creeper":3,"minecraft:skeleton":3},"minecraft:killed":{"minecraft:cave_spider":7,"tconstruct:sky_slime":15,"minecraft:skeleton":38,"minecraft:chicken":24,"minecraft:pillager":7,"minecraft:zombie":107,"minecraft:cow":7,"minecraft:horse":1,"minecraft:wandering_trader":2,"minecraft:enderman":3,"minecraft:witch":1,"minecraft:spider":15,"minecraft:piglin":2,"minecraft:pig":14,"minecraft:zombie_villager":1,"minecraft:creeper":7,"minecraft:sheep":24,"minecraft:trader_llama":2,"minecraft:stray":1,"minecraft:drowned":1,"minecraft:bat":1,"minecraft:squid":4},"minecraft:picked_up":{"tconstruct:raw_cobalt_block":1,"minecraft:iron_chestplate":6,"minecraft:chainmail_boots":4,"create:spout":9,"minecraft:lead":3,"minecraft:diamond_sword":1,"farmersdelight:rice_panicle":71,"create:wrench":1,"minecraft:enchanted_book":3,"kubejs:kinetic_mechanism":30,"forbidden_arcanus:xpetrified_orb":64,"minecraft:string":32,"tconstruct:smeltery_controller":1,"create:limestone":15,"minecraft:red_nether_bricks":5,"create:water_wheel":36,"tconstruct:ingot_cast":10,"minecraft:cobbled_deepslate":275,"minecraft:coal_block":3,"occultism:otherstone":40,"minecraft:golden_helmet":11,"everycomp:q/biomesoplenty/palm_post":1,"minecraft:green_bed":3,"minecraft:acacia_log":9,"create:andesite_casing":6,"tconstruct:seared_faucet":4,"minecraft:brown_carpet":1,"thermal:apatite":160,"farmersdelight:canvas":7,"forbidden_arcanus:fungyss_hyphae":1,"create:scoria":1,"minecraft:iron_block":1,"create:crushed_raw_nickel":13,"create:crafting_blueprint":5,"supplementaries:quiver":1,"minecraft:snowball":1,"minecraft:feather":52,"expcaves:granite_pebble":8,"minecraft:cooked_beef":6,"farmersdelight:rice":71,"kubejs:invar_compound":8,"minecraft:water_bucket":1,"minecraft:flint":24,"ae2:charged_certus_quartz_crystal":11,"thermal:sapphire":3,"architects_palette:chiseled_dripstone":1,"forbidden_arcanus:rune":1,"tconstruct:seared_table":15,"create:shaft":64,"minecraft:diamond_helmet":1,"tconstruct:sky_slime_sapling":7,"kubejs:zinc_dust":55,"create:crushed_raw_lead":53,"tconstruct:seared_ingot_gauge":7,"ae2:certus_quartz_crystal":103,"minecraft:ink_sac":9,"thermal:dynamo_stirling":1,"minecraft:polished_andesite":1,"minecraft:deepslate":8,"minecraft:writable_book":1,"minecraft:granite":263,"minecraft:chainmail_helmet":2,"minecraft:bread":20,"reliquary:witch_hat":1,"sophisticatedbackpacks:gold_backpack":2,"minecraft:diamond_pickaxe":4,"create:copper_sheet":19,"thermal:copper_dust":22,"minecraft:crafting_table":5,"minecraft:coarse_dirt":1,"occultism:chalk_white":1,"minecraft:clay_ball":260,"minecraft:leather_leggings":3,"tconstruct:materials_and_you":1,"tconstruct:exposed_copper_platform":1,"expcaves:lavastone":26,"gravestone:obituary":4,"create:fluid_pipe":26,"occultism:otherworld_log":6,"minecraft:cracked_stone_bricks":1,"occultism:otherworld_sapling_natural":6,"create:brass_funnel":1,"minecraft:beef":18,"thermal:niter":33,"minecraft:iron_nugget":8,"minecraft:raw_copper_block":2,"minecraft:egg":3,"minecraft:stone":53,"reliquary:rib_bone":3,"minecraft:oak_door":9,"create:crushed_raw_zinc":92,"tconstruct:pickaxe":1,"sophisticatedbackpacks:backpack":2,"tconstruct:sky_slime_dirt":2,"minecraft:carrot":1,"create:vertical_gearbox":5,"railways:track_tieless":8,"tconstruct:sky_slime_ball":55,"minecraft:cooked_cod":7,"minecraft:diamond_boots":1,"create:depot":11,"create:zinc_block":1,"minecraft:gold_ingot":43,"minecraft:mutton":20,"minecraft:white_wool":18,"minecraft:stripped_oak_log":1,"create:iron_sheet":15,"create:brass_sheet":5,"create:crushed_raw_gold":24,"minecraft:oak_log":208,"minecraft:ancient_debris":1,"minecraft:white_banner":1,"tconstruct:seared_brick":256,"create:crushing_wheel":7,"create:crushed_raw_iron":339,"minecraft:apple":1,"minecraft:stone_bricks":6,"minecraft:kelp":421,"minecraft:glass_bottle":1,"forbidden_arcanus:darkstone":3,"minecraft:polished_andesite_stairs":2,"minecraft:gravel":294,"expcaves:tuff_pebble":5,"create:gearbox":2,"rubber_duck:rubber_duck_item":6,"forbidden_arcanus:arcane_crystal":47,"create:millstone":5,"minecraft:slime_ball":36,"minecraft:stone_axe":1,"create:mechanical_pump":11,"railways:track_spruce":5,"minecraft:painting":13,"minecraft:gray_wool":1,"create:rose_quartz":5,"minecraft:baked_potato":2,"minecraft:hopper":4,"minecraft:ender_pearl":2,"create:mechanical_crafter":30,"create:wooden_bracket":1,"minecraft:smooth_stone_slab":1,"create:andesite_funnel":3,"thermal:sulfur":51,"occultism:tallow":25,"create:mechanical_press":8,"minecraft:bucket":1,"reliquary:zombie_heart":2,"minecraft:calcite":6,"minecraft:iron_pickaxe":3,"minecraft:deepslate_iron_ore":1,"thermal:rubber_block":1,"minecraft:furnace":2,"minecraft:tipped_arrow":3,"thermal:silver_coin":2,"minecraft:stick":56,"create:mechanical_mixer":7,"forbidden_arcanus:tentacle":5,"minecraft:torch":27,"minecraft:porkchop":26,"minecraft:diorite":101,"ae2:sky_stone_block":81,"create:large_cogwheel":37,"minecraft:quartz_block":5,"occultism:otherworld_ashes":3,"minecraft:rotten_flesh":182,"kubejs:copper_machine":3,"supplementaries:antique_ink":2,"occultism:datura":28,"farmersdelight:brown_canvas_sign":1,"minecraft:cobblestone":404,"tconstruct:seared_bricks":8,"occultism:datura_seeds":54,"thermal:invar_ingot":2,"minecraft:leather_chestplate":3,"thermal:energy_duct":1,"create:fluid_tank":3,"minecraft:andesite":232,"minecraft:golden_leggings":1,"create:belt_connector":9,"minecraft:tuff":57,"supplementaries:flax_seeds":4,"minecraft:acacia_boat":2,"create:incomplete_precision_mechanism":46,"minecraft:lapis_lazuli":54,"minecraft:dirt":304,"occultism:spirit_attuned_gem":3,"kubejs:growing_certus_seed":60,"minecraft:bone":111,"farmersdelight:iron_knife":3,"minecraft:bow":6,"minecraft:wheat_seeds":26,"forbidden_arcanus:rotten_leather":2,"minecraft:mossy_stone_bricks":5,"minecraft:oak_planks":10,"create:radial_chassis":1,"minecraft:cooked_porkchop":5,"create:cogwheel":112,"minecraft:sand":324,"ae2:charger":6,"expcaves:decorative_pot":2,"minecraft:nether_brick_stairs":5,"minecraft:mossy_cobblestone":4,"forbidden_arcanus:ender_pearl_fragment":6,"minecraft:diamond":24,"tconstruct:seared_basin":12,"minecraft:emerald":6,"minecraft:oak_sapling":67,"minecraft:netherrack":4,"thermal:gold_dust":32,"minecraft:chicken":7,"minecraft:ladder":2,"thermal:cinnabar":122,"tconstruct:skyroot_log":12,"occultism:purified_ink":1,"thermal:iron_dust":1,"minecraft:oak_trapdoor":4,"minecraft:blackstone":2,"farmersdelight:straw":81,"minecraft:oak_boat":1,"create:basin":9,"minecraft:light_gray_wool":2,"minecraft:sugar_cane":26,"forbidden_arcanus:bat_wing":2,"minecraft:copper_ingot":8,"minecraft:note_block":18,"create:windmill_bearing":1,"minecraft:music_disc_11":1,"create:hand_crank":35,"create:deployer":2,"minecraft:arrow":45,"tconstruct:grout":192,"ae2:certus_quartz_dust":647,"minecraft:nether_bricks":81,"kubejs:trade_card_phantom_membrane":1,"forbidden_arcanus:spawner_scrap":15,"minecraft:basalt":19,"forbidden_arcanus:zombie_arm":1,"storagedrawers:upgrade_template":1,"minecraft:leather":14,"minecraft:ice":21,"tconstruct:seared_chute":1,"create:andesite_alloy":39,"minecraft:nether_wart_block":1,"minecraft:gunpowder":13,"create:copper_nugget":45,"create:item_vault":1,"minecraft:cooked_mutton":31,"ae2:sky_dust":17,"expcaves:stone_pebble":7,"minecraft:iron_ingot":96,"minecraft:cooked_chicken":34,"minecraft:acacia_sapling":1,"minecraft:soul_sand":4,"minecraft:book":30,"minecraft:oak_slab":1,"create:large_water_wheel":3,"create:brass_tunnel":1,"minecraft:white_bed":1,"quark:oak_chest":6,"minecraft:spider_eye":7,"minecraft:pumpkin_seeds":1,"create:brass_ingot":16,"expcaves:sediment_stone":5,"minecraft:chainmail_leggings":2,"create:encased_fan":3,"minecraft:iron_helmet":3,"create:crushed_raw_copper":206,"expcaves:deepslate_pebble":12,"thermal:ruby":3,"minecraft:black_wool":1,"minecraft:coal":166},"minecraft:crafted":{"create:crushed_raw_copper":18,"minecraft:black_dye":7,"minecraft:smooth_stone":3,"minecraft:rotten_flesh":6,"minecraft:bookshelf":11,"minecraft:cooked_mutton":23,"occultism:sacrificial_bowl":5,"tconstruct:seared_melter":1,"minecraft:glass":23,"create:brass_funnel":4,"create:cogwheel":94,"architects_palette:algal_brick":59,"occultism:candle_white":19,"create:rose_quartz":5,"farmersdelight:iron_knife":1,"minecraft:smithing_table":1,"minecraft:copper_ingot":306,"create:gearbox":3,"minecraft:stone_slab":2,"quark:oak_chest":18,"minecraft:iron_pickaxe":1,"minecraft:gold_ingot":2,"create:large_cogwheel":11,"kubejs:kinetic_mechanism":81,"projectred_core:screwdriver":1,"tconstruct:seared_chute":2,"minecraft:iron_nugget":114,"forbidden_arcanus:rotten_leather":2,"tconstruct:seared_basin":4,"minecraft:bone_meal":372,"minecraft:ender_pearl":9,"minecraft:stone_pickaxe":1,"thermal:energy_duct":8,"kubejs:andesite_machine":2,"create:belt_connector":9,"kubejs:invar_compound":2,"ae2:certus_crystal_seed":98,"create:brass_tunnel":4,"create:goggles":1,"minecraft:bone":20,"occultism:dictionary_of_spirits":1,"tconstruct:seared_heater":1,"kubejs:sealed_mechanism":24,"minecraft:wooden_axe":1,"minecraft:writable_book":1,"minecraft:iron_shovel":3,"create:shaft":128,"create:copper_casing":2,"tconstruct:grout":512,"occultism:divination_rod":1,"minecraft:grindstone":1,"minecraft:oak_planks":436,"minecraft:barrel":3,"farmersdelight:canvas":12,"occultism:chalk_white_impure":1,"minecraft:cooked_chicken":7,"create:andesite_casing":4,"minecraft:stone":30,"minecraft:hopper":5,"create:copper_nugget":9,"occultism:book_of_binding_foliot":1,"tconstruct:seared_fuel_tank":1,"occultism:golden_sacrificial_bowl":1,"occultism:burnt_otherstone":3,"minecraft:oak_slab":6,"create:depot":1,"forbidden_arcanus:cooked_tentacle":3,"sophisticatedbackpacks:backpack":1,"minecraft:crafting_table":9,"create:fluid_pipe":24,"minecraft:wooden_pickaxe":3,"create:brass_ingot":9,"kubejs:nickel_compound":2,"create:zinc_nugget":9,"create:sand_paper":1,"minecraft:book":2,"minecraft:paper":9,"create:water_wheel":17,"minecraft:stick":64,"create:mechanical_pump":5,"minecraft:iron_ingot":221,"create:brass_casing":10,"minecraft:stone_sword":1,"tconstruct:seared_bricks":34,"occultism:butcher_knife":1,"thermal:cured_rubber":62,"minecraft:oak_door":6,"kubejs:brass_machine":9,"minecraft:blast_furnace":1,"minecraft:flint_and_steel":1,"minecraft:iron_axe":1,"minecraft:iron_hoe":1,"create:millstone":1,"tconstruct:seared_table":10,"create:fluid_tank":3,"tconstruct:smeltery_controller":1,"create:basin":3,"create:filter":1,"minecraft:cooked_beef":12,"minecraft:cooked_cod":2,"create:andesite_alloy":82,"create:hand_crank":1,"create:large_water_wheel":1,"minecraft:bucket":1,"minecraft:stone_axe":2,"tconstruct:seared_drain":6,"minecraft:air":0,"minecraft:blue_dye":2,"tconstruct:raw_cobalt":9,"tconstruct:seared_ingot_gauge":2,"create:whisk":3,"minecraft:white_dye":4,"tconstruct:seared_faucet":12,"minecraft:stonecutter":1,"kubejs:copper_machine":2,"occultism:book_of_binding_bound_foliot":1,"minecraft:acacia_planks":36,"minecraft:torch":132,"create:zinc_ingot":95,"thermal:rf_coil":1,"thermal:rubber":20,"thermal:dynamo_stirling":1,"minecraft:clay":64},"minecraft:dropped":{"farmersdelight:iron_knife":3,"occultism:datura_seeds":1,"minecraft:cooked_beef":1,"minecraft:glass_bottle":1,"minecraft:diamond":4,"minecraft:crafting_table":1,"minecraft:cookie":1,"create:cogwheel":1,"minecraft:cracked_stone_bricks":1,"sophisticatedbackpacks:gold_backpack":2,"minecraft:dirt":109,"minecraft:writable_book":2,"forbidden_arcanus:darkstone":3,"rubber_duck:rubber_duck_item":4,"minecraft:iron_pickaxe":1,"occultism:otherworld_log":3,"minecraft:white_wool":2,"minecraft:bone":19,"tconstruct:pickaxe":1,"minecraft:stone_axe":2,"farmersdelight:canvas":7,"create:crushed_raw_copper":1,"minecraft:cobbled_deepslate":126,"minecraft:rotten_flesh":131,"minecraft:oak_planks":3,"thermal:rubber_block":1,"minecraft:salmon":1,"kubejs:growing_certus_seed":34,"supplementaries:flax_seeds":4,"minecraft:tipped_arrow":2,"forbidden_arcanus:zombie_arm":1,"create:scoria":1,"minecraft:charcoal":2,"minecraft:quartz_block":5,"minecraft:acacia_sapling":1,"create:limestone":15,"minecraft:leather_leggings":3,"expcaves:stone_pebble":7,"reliquary:zombie_heart":1,"minecraft:egg":3,"minecraft:enchanted_book":1,"minecraft:iron_ingot":38,"create:rose_quartz":10,"minecraft:black_dye":1,"occultism:datura":4,"minecraft:wheat_seeds":25,"expcaves:sediment_stone":2,"minecraft:iron_helmet":3,"forbidden_arcanus:tentacle":2,"minecraft:feather":31,"minecraft:cobblestone":107,"minecraft:book":9,"minecraft:granite":237,"minecraft:chainmail_helmet":1,"minecraft:coal":17,"minecraft:coal_block":1,"minecraft:polished_andesite":1,"create:andesite_casing":5,"minecraft:gray_wool":1,"expcaves:granite_pebble":8,"minecraft:wooden_axe":1,"minecraft:string":9,"create:sand_paper":1,"minecraft:acacia_planks":19,"reliquary:rib_bone":2,"minecraft:furnace":1,"minecraft:smooth_stone_slab":1,"minecraft:deepslate":8,"minecraft:clay_ball":4,"minecraft:iron_boots":1,"thermal:gold_dust":49,"minecraft:stone_slab":1,"farmersdelight:straw":32,"minecraft:nether_bricks":3,"forbidden_arcanus:bat_wing":2,"minecraft:pumpkin_seeds":1,"railways:track_tieless":7,"minecraft:diamond_sword":1,"minecraft:stone":46,"minecraft:diamond_pickaxe":3,"create:hand_crank":1,"minecraft:spider_eye":5,"tconstruct:smeltery_controller":1,"thermal:iron_dust":3,"minecraft:stone_bricks":3,"minecraft:brown_carpet":1,"kubejs:invar_compound":10,"minecraft:bow":2,"occultism:chalk_white_impure":1,"kubejs:trade_card_phantom_membrane":1,"ae2:certus_quartz_crystal":454,"minecraft:black_wool":1,"minecraft:nether_brick_stairs":3,"railways:track_spruce":5,"minecraft:acacia_boat":2,"minecraft:soul_sand":2,"tconstruct:sky_slime_dirt":2,"create:millstone":1,"minecraft:oak_log":28,"everycomp:q/biomesoplenty/palm_post":1,"supplementaries:slingshot":1,"minecraft:leather":2,"farmersdelight:rice":56,"minecraft:flint":3,"minecraft:music_disc_13":1,"minecraft:music_disc_11":2,"create:crafting_blueprint":1,"tconstruct:materials_and_you":1,"reliquary:witch_hat":1,"gravestone:obituary":16,"thermal:copper_dust":23,"create:crushed_raw_iron":9,"minecraft:gold_ingot":21,"minecraft:gravel":27,"minecraft:blackstone":2,"expcaves:lavastone":24,"minecraft:cooked_mutton":13,"ae2:charged_certus_quartz_crystal":19,"minecraft:carrot":1,"tconstruct:grout":704,"supplementaries:antique_ink":1,"ae2:sky_dust":57,"create:wooden_bracket":1,"tconstruct:pick_head":1,"minecraft:leather_chestplate":3,"minecraft:gunpowder":8,"thermal:cinnabar":22,"expcaves:deepslate_pebble":9,"minecraft:chainmail_boots":4,"create:brass_ingot":23,"minecraft:basalt":4,"minecraft:arrow":12,"minecraft:netherrack":4,"create:andesite_alloy":22,"expcaves:tuff_pebble":5,"minecraft:oak_slab":1,"minecraft:golden_helmet":9,"minecraft:deepslate_iron_ore":1,"minecraft:mossy_cobblestone":4,"ae2:sky_stone_block":93,"minecraft:lead":3,"cb_microblock:iron_saw":1,"minecraft:copper_ingot":26,"minecraft:stick":2,"create:crushed_raw_gold":1,"minecraft:diorite":101,"minecraft:nether_wart_block":1,"forbidden_arcanus:fungyss_hyphae":1,"forbidden_arcanus:spawner_scrap":1,"minecraft:polished_andesite_stairs":2,"minecraft:bucket":1,"minecraft:kelp":10,"minecraft:oak_trapdoor":4,"tconstruct:exposed_copper_platform":1,"minecraft:coarse_dirt":1,"storagedrawers:upgrade_template":2,"create:crushed_raw_zinc":2,"minecraft:tuff":57,"minecraft:light_gray_wool":2,"kubejs:zinc_dust":57,"forbidden_arcanus:rotten_leather":2,"architects_palette:chiseled_dripstone":1,"minecraft:iron_chestplate":3,"minecraft:andesite":146,"minecraft:mossy_stone_bricks":5,"minecraft:oak_boat":1,"minecraft:golden_leggings":1,"minecraft:oak_sapling":18,"ae2:certus_quartz_dust":563,"minecraft:diamond_boots":1,"minecraft:wooden_pickaxe":3,"minecraft:calcite":6}},"DataVersion":2975}