{"stats":{"minecraft:custom":{"lootr:looted_stat":2,"minecraft:interact_with_furnace":25,"minecraft:mob_kills":23,"minecraft:interact_with_crafting_table":15,"minecraft:pot_flower":1,"minecraft:time_since_death":34775,"minecraft:time_since_rest":34803,"minecraft:walk_one_cm":143493,"minecraft:sprint_one_cm":103008,"minecraft:damage_taken":1085,"minecraft:damage_absorbed":40,"minecraft:drop":41,"minecraft:damage_dealt":3684,"minecraft:fly_one_cm":79640,"minecraft:open_chest":1,"minecraft:crouch_one_cm":7435,"minecraft:play_time":44713,"minecraft:deaths":1,"minecraft:sneak_time":3004,"minecraft:jump":662,"minecraft:walk_on_water_one_cm":1256,"minecraft:total_world_time":44713,"minecraft:fall_one_cm":15559},"minecraft:killed":{"minecraft:spider":2,"minecraft:bat":1,"minecraft:creeper":2,"minecraft:skeleton":4,"minecraft:zombie":10},"minecraft:crafted":{"minecraft:cooked_cod":2,"minecraft:crafting_table":1,"minecraft:iron_nugget":114,"minecraft:wooden_pickaxe":1,"minecraft:stone_axe":1,"minecraft:air":0,"minecraft:stick":12,"minecraft:iron_ingot":12,"minecraft:iron_pickaxe":1,"minecraft:stone_pickaxe":1,"minecraft:wooden_axe":1,"minecraft:acacia_planks":36,"minecraft:torch":8},"minecraft:mined":{"create:zinc_ore":1,"thermal:deepslate_cinnabar_ore":7,"create:deepslate_zinc_ore":23,"minecraft:tuff":1,"minecraft:acacia_leaves":1,"thermal:cinnabar_ore":6,"thermal:sulfur_ore":8,"thermal:lead_ore":3,"minecraft:crafting_table":4,"thermal:apatite_ore":6,"gravestone:gravestone":1,"minecraft:granite":17,"minecraft:acacia_log":9,"minecraft:calcite":6,"thermal:deepslate_nickel_ore":6,"minecraft:copper_ore":13,"thermal:deepslate_lead_ore":13,"minecraft:diorite":3,"minecraft:deepslate_copper_ore":7,"supplementaries:urn":2,"forbidden_arcanus:deepslate_arcane_crystal_ore":9,"forbidden_arcanus:xpetrified_ore":5,"minecraft:iron_ore":26,"thermal:deepslate_sapphire_ore":2,"minecraft:andesite":1,"thermal:sapphire_ore":1,"thermal:niter_ore":7,"minecraft:coal_ore":28,"minecraft:deepslate_iron_ore":1,"minecraft:gravel":5,"thermal:deepslate_niter_ore":1,"ae2:deepslate_quartz_ore":4,"minecraft:stone":72,"ae2:quartz_ore":24,"minecraft:gold_ore":4,"create:limestone":12,"thermal:deepslate_sulfur_ore":5,"minecraft:deepslate":8},"minecraft:broken":{"minecraft:stone_pickaxe":1},"minecraft:picked_up":{"minecraft:crafting_table":4,"minecraft:cooked_beef":3,"create:crushed_raw_gold":4,"thermal:cinnabar":21,"tconstruct:materials_and_you":1,"minecraft:flint":1,"supplementaries:flax_seeds":3,"gravestone:obituary":1,"minecraft:gunpowder":2,"forbidden_arcanus:xpetrified_orb":5,"minecraft:string":3,"create:limestone":12,"thermal:sapphire":3,"minecraft:bone":5,"create:crushed_raw_iron":27,"thermal:sulfur":51,"minecraft:wheat_seeds":1,"minecraft:cobbled_deepslate":16,"minecraft:calcite":6,"thermal:niter":33,"minecraft:iron_pickaxe":1,"minecraft:acacia_sapling":1,"forbidden_arcanus:bat_wing":2,"create:crushed_raw_zinc":24,"minecraft:torch":1,"create:crushed_raw_lead":16,"ae2:certus_quartz_crystal":2,"minecraft:acacia_log":9,"minecraft:gravel":3,"minecraft:diorite":3,"minecraft:spider_eye":1,"thermal:apatite":41,"forbidden_arcanus:arcane_crystal":9,"minecraft:arrow":2,"minecraft:rotten_flesh":9,"minecraft:cooked_cod":7,"minecraft:diamond":1,"minecraft:stone_axe":1,"ae2:certus_quartz_dust":87,"minecraft:writable_book":1,"create:crushed_raw_copper":20,"minecraft:granite":17,"create:crushed_raw_nickel":6,"minecraft:coal":28,"minecraft:cobblestone":73},"minecraft:dropped":{"minecraft:gravel":3,"minecraft:stone_axe":1,"minecraft:wheat_seeds":2,"minecraft:cooked_beef":1,"minecraft:cobbled_deepslate":15,"minecraft:glass_bottle":1,"minecraft:crafting_table":1,"minecraft:cookie":1,"minecraft:cobblestone":2,"minecraft:rotten_flesh":3,"minecraft:granite":17,"forbidden_arcanus:bat_wing":2,"minecraft:coal":8,"supplementaries:flax_seeds":3,"minecraft:diorite":3,"minecraft:gunpowder":2,"tconstruct:materials_and_you":1,"minecraft:wooden_axe":1,"create:limestone":12,"minecraft:acacia_sapling":1,"minecraft:spider_eye":1,"gravestone:obituary":2,"minecraft:writable_book":2,"minecraft:wooden_pickaxe":1,"minecraft:string":3,"minecraft:acacia_planks":19},"minecraft:killed_by":{"minecraft:skeleton":1},"minecraft:used":{"minecraft:writable_book":1,"minecraft:stone_pickaxe":131,"minecraft:wooden_pickaxe":14,"minecraft:torch":9,"minecraft:crafting_table":3,"minecraft:wooden_axe":9,"minecraft:flower_pot":1,"farmersdelight:apple_cider":1,"farmersdelight:cake_slice":13,"minecraft:iron_pickaxe":190,"minecraft:stone_axe":48,"minecraft:cooked_cod":9,"minecraft:cooked_beef":2}},"DataVersion":2975}