{"stats":{"minecraft:custom":{"minecraft:time_since_rest":8713,"minecraft:sprint_one_cm":12004,"lootr:looted_stat":2,"minecraft:damage_taken":55,"minecraft:walk_one_cm":22313,"minecraft:mob_kills":1,"minecraft:drop":6,"minecraft:damage_dealt":203,"minecraft:interact_with_crafting_table":7,"minecraft:fly_one_cm":10081,"minecraft:open_chest":1,"minecraft:crouch_one_cm":1088,"minecraft:play_time":8713,"minecraft:sneak_time":172,"minecraft:pot_flower":1,"minecraft:jump":57,"minecraft:time_since_death":8713,"minecraft:total_world_time":8713,"minecraft:fall_one_cm":2810},"minecraft:crafted":{"minecraft:crafting_table":1,"minecraft:stick":8,"minecraft:wooden_pickaxe":1,"minecraft:stone_pickaxe":1,"minecraft:wooden_axe":1,"minecraft:acacia_planks":36,"minecraft:stone_axe":1},"minecraft:killed":{"minecraft:zombie":1},"minecraft:mined":{"minecraft:acacia_leaves":1,"minecraft:crafting_table":3,"thermal:niter_ore":2,"minecraft:acacia_log":9,"minecraft:stone":54,"ae2:quartz_ore":10},"minecraft:picked_up":{"minecraft:crafting_table":3,"ae2:certus_quartz_crystal":2,"minecraft:acacia_log":9,"ae2:certus_quartz_dust":29,"minecraft:wheat_seeds":1,"minecraft:writable_book":1,"thermal:niter":8,"minecraft:acacia_sapling":1,"minecraft:cobblestone":54},"minecraft:dropped":{"minecraft:wheat_seeds":1,"minecraft:wooden_axe":1,"minecraft:cookie":1,"minecraft:writable_book":2,"minecraft:wooden_pickaxe":1},"minecraft:used":{"minecraft:wooden_axe":9,"minecraft:flower_pot":1,"minecraft:writable_book":1,"minecraft:stone_pickaxe":52,"minecraft:wooden_pickaxe":14,"minecraft:stone_axe":3,"minecraft:crafting_table":3}},"DataVersion":2975}