{"stats":{"minecraft:killed_by":{"minecraft:zombie":2,"minecraft:stray":1,"minecraft:skeleton":1},"minecraft:crafted":{"create:crushed_raw_copper":18,"minecraft:grindstone":1,"minecraft:oak_planks":168,"minecraft:rotten_flesh":6,"farmersdelight:canvas":12,"create:andesite_casing":4,"minecraft:stone":4,"minecraft:bookshelf":11,"minecraft:cooked_mutton":23,"tconstruct:seared_melter":1,"minecraft:hopper":1,"minecraft:glass":19,"sophisticatedbackpacks:backpack":1,"minecraft:crafting_table":1,"farmersdelight:iron_knife":1,"create:fluid_pipe":4,"minecraft:wooden_pickaxe":1,"minecraft:smithing_table":1,"minecraft:copper_ingot":4,"minecraft:book":2,"minecraft:paper":6,"minecraft:stick":32,"minecraft:stone_slab":2,"quark:oak_chest":3,"minecraft:iron_ingot":32,"minecraft:iron_pickaxe":1,"minecraft:stone_sword":1,"minecraft:gold_ingot":2,"thermal:cured_rubber":32,"minecraft:oak_door":3,"minecraft:iron_nugget":114,"forbidden_arcanus:rotten_leather":2,"tconstruct:seared_basin":1,"minecraft:bone_meal":270,"minecraft:iron_axe":1,"minecraft:iron_hoe":1,"tconstruct:seared_table":1,"minecraft:ender_pearl":9,"minecraft:stone_pickaxe":1,"minecraft:cooked_beef":12,"minecraft:cooked_cod":2,"create:andesite_alloy":22,"create:goggles":1,"minecraft:bone":10,"minecraft:bucket":1,"minecraft:stone_axe":2,"occultism:dictionary_of_spirits":1,"minecraft:air":0,"tconstruct:seared_heater":1,"tconstruct:seared_ingot_gauge":2,"kubejs:sealed_mechanism":12,"minecraft:wooden_axe":1,"tconstruct:seared_faucet":3,"minecraft:iron_shovel":3,"minecraft:stonecutter":1,"kubejs:copper_machine":1,"minecraft:acacia_planks":36,"minecraft:torch":52,"create:copper_casing":2,"minecraft:clay":64,"tconstruct:grout":512},"minecraft:broken":{"minecraft:iron_shovel":2,"minecraft:stone_pickaxe":1,"minecraft:stone_axe":1,"minecraft:iron_pickaxe":2},"minecraft:mined":{"create:deepslate_zinc_ore":24,"minecraft:white_bed":1,"minecraft:farmland":2,"thermal:cinnabar_ore":6,"thermal:sulfur_ore":8,"minecraft:red_nether_bricks":6,"minecraft:granite":89,"minecraft:acacia_log":9,"minecraft:grass_block":4,"randomium:randomium_ore":1,"minecraft:coal_block":2,"minecraft:spawner":26,"tconstruct:seared_table":1,"minecraft:tall_seagrass":10,"tconstruct:seared_ingot_gauge":3,"minecraft:iron_ore":130,"minecraft:cobbled_deepslate":3,"minecraft:fire":2,"expcaves:decorative_pot":2,"thermal:sapphire_ore":1,"minecraft:nether_brick_stairs":4,"farmersdelight:rice_panicles":3,"tconstruct:sky_slime_dirt":1,"create:mechanical_press":2,"create:limestone":12,"minecraft:green_bed":3,"create:cogwheel":2,"create:radial_chassis":1,"minecraft:quartz_block":17,"minecraft:kelp_plant":73,"kubejs:copper_machine":3,"thermal:lead_ore":31,"minecraft:clay":64,"minecraft:torch":3,"minecraft:note_block":18,"minecraft:polished_andesite_stairs":1,"minecraft:calcite":6,"minecraft:cobblestone":18,"thermal:deepslate_lead_ore":13,"minecraft:sugar_cane":14,"minecraft:wall_torch":2,"minecraft:deepslate_copper_ore":7,"minecraft:seagrass":22,"minecraft:nether_wart_block":1,"minecraft:smooth_stone_slab":5,"minecraft:grass":53,"thermal:niter_ore":7,"minecraft:oak_log":35,"create:hand_crank":2,"minecraft:sand":278,"minecraft:dirt":4,"minecraft:raw_copper_block":2,"minecraft:netherrack":5,"minecraft:oak_leaves":24,"minecraft:deepslate":75,"thermal:deepslate_cinnabar_ore":7,"create:zinc_ore":17,"expcaves:treasure_pot":2,"minecraft:tuff":3,"minecraft:mossy_cobblestone":4,"minecraft:oak_door":3,"expcaves:small_treasure_pot":1,"gravestone:gravestone":4,"minecraft:nether_bricks":52,"create:depot":1,"thermal:deepslate_nickel_ore":6,"minecraft:kelp":31,"railways:track_tieless":1,"forbidden_arcanus:arcane_crystal_ore":2,"create:shaft":3,"forbidden_arcanus:deepslate_arcane_crystal_ore":9,"minecraft:furnace":1,"minecraft:andesite":24,"create:windmill_bearing":1,"minecraft:bookshelf":8,"minecraft:deepslate_iron_ore":16,"expcaves:lavastone":1,"minecraft:stone":170,"ae2:quartz_ore":24,"tconstruct:earth_congealed_slime":9,"minecraft:acacia_leaves":1,"minecraft:soul_sand":2,"minecraft:brown_carpet":1,"minecraft:crafting_table":5,"thermal:apatite_ore":7,"minecraft:tall_grass":2,"minecraft:copper_ore":69,"minecraft:deepslate_gold_ore":4,"minecraft:diorite":47,"supplementaries:urn":3,"forbidden_arcanus:xpetrified_ore":13,"thermal:deepslate_sapphire_ore":2,"expcaves:treasure_amphora":2,"tconstruct:skyroot_log":11,"minecraft:coal_ore":76,"minecraft:gravel":299,"minecraft:cracked_stone_bricks":4,"thermal:deepslate_niter_ore":1,"ae2:deepslate_quartz_ore":4,"minecraft:polished_andesite":1,"minecraft:stone_bricks":6,"minecraft:mossy_stone_bricks":3,"minecraft:gold_ore":16,"thermal:deepslate_sulfur_ore":5,"tconstruct:sky_congealed_slime":10},"minecraft:dropped":{"minecraft:nether_brick_stairs":3,"minecraft:acacia_boat":2,"minecraft:soul_sand":2,"tconstruct:sky_slime_dirt":2,"minecraft:cooked_beef":1,"minecraft:oak_log":28,"minecraft:glass_bottle":1,"minecraft:diamond":1,"minecraft:crafting_table":1,"minecraft:cookie":1,"supplementaries:slingshot":1,"minecraft:cracked_stone_bricks":1,"farmersdelight:rice":56,"sophisticatedbackpacks:gold_backpack":2,"minecraft:music_disc_13":1,"minecraft:flint":2,"minecraft:dirt":8,"tconstruct:materials_and_you":1,"gravestone:obituary":5,"minecraft:writable_book":2,"thermal:copper_dust":21,"rubber_duck:rubber_duck_item":3,"minecraft:iron_pickaxe":1,"minecraft:bone":1,"minecraft:gold_ingot":21,"minecraft:gravel":27,"minecraft:stone_axe":2,"farmersdelight:canvas":7,"minecraft:cobbled_deepslate":90,"minecraft:rotten_flesh":94,"minecraft:oak_planks":1,"minecraft:cooked_mutton":13,"minecraft:salmon":1,"tconstruct:grout":704,"create:wooden_bracket":1,"minecraft:leather_chestplate":2,"supplementaries:flax_seeds":3,"minecraft:tipped_arrow":2,"minecraft:gunpowder":8,"forbidden_arcanus:zombie_arm":1,"minecraft:quartz_block":5,"create:limestone":15,"minecraft:acacia_sapling":1,"minecraft:chainmail_boots":4,"minecraft:leather_leggings":2,"minecraft:arrow":7,"minecraft:netherrack":4,"create:andesite_alloy":22,"reliquary:zombie_heart":1,"minecraft:egg":2,"minecraft:enchanted_book":1,"minecraft:iron_ingot":23,"minecraft:oak_slab":1,"minecraft:wheat_seeds":12,"minecraft:golden_helmet":9,"minecraft:deepslate_iron_ore":1,"minecraft:mossy_cobblestone":4,"minecraft:iron_helmet":3,"minecraft:feather":28,"minecraft:cobblestone":32,"minecraft:book":9,"cb_microblock:iron_saw":1,"minecraft:granite":65,"minecraft:copper_ingot":4,"minecraft:chainmail_helmet":1,"minecraft:coal":8,"minecraft:coal_block":1,"minecraft:polished_andesite":1,"create:andesite_casing":4,"minecraft:diorite":45,"minecraft:nether_wart_block":1,"minecraft:wooden_axe":1,"minecraft:polished_andesite_stairs":2,"minecraft:string":3,"minecraft:bucket":1,"minecraft:acacia_planks":19,"reliquary:rib_bone":2,"minecraft:furnace":1,"minecraft:kelp":10,"storagedrawers:upgrade_template":2,"minecraft:smooth_stone_slab":1,"minecraft:deepslate":8,"minecraft:tuff":2,"minecraft:light_gray_wool":1,"minecraft:clay_ball":4,"minecraft:iron_boots":1,"minecraft:stone_slab":1,"farmersdelight:straw":32,"minecraft:nether_bricks":3,"forbidden_arcanus:bat_wing":2,"forbidden_arcanus:rotten_leather":2,"minecraft:pumpkin_seeds":1,"minecraft:stone":46,"minecraft:iron_chestplate":3,"minecraft:andesite":16,"minecraft:mossy_stone_bricks":3,"minecraft:golden_leggings":1,"minecraft:oak_boat":1,"minecraft:oak_sapling":6,"minecraft:spider_eye":1,"minecraft:stone_bricks":2,"minecraft:brown_carpet":1,"minecraft:wooden_pickaxe":1,"minecraft:calcite":6,"minecraft:black_wool":1},"minecraft:custom":{"lootr:looted_stat":80,"minecraft:interact_with_crafting_table":83,"minecraft:leave_game":1,"minecraft:time_since_death":150868,"minecraft:sprint_one_cm":957698,"minecraft:damage_blocked_by_shield":100,"minecraft:drop":251,"minecraft:play_noteblock":20,"minecraft:play_time":321349,"minecraft:deaths":4,"minecraft:jump":3951,"minecraft:walk_on_water_one_cm":58245,"minecraft:enchant_item":1,"minecraft:interact_with_furnace":52,"minecraft:sleep_in_bed":6,"minecraft:damage_dealt":25859,"minecraft:crouch_one_cm":38968,"minecraft:interact_with_smoker":3,"minecraft:interact_with_smithing_table":5,"minecraft:interact_with_anvil":4,"minecraft:mob_kills":189,"minecraft:inspect_hopper":1,"minecraft:climb_one_cm":1294,"minecraft:walk_one_cm":858768,"minecraft:sneak_time":18204,"minecraft:walk_under_water_one_cm":59536,"minecraft:boat_one_cm":60420,"minecraft:total_world_time":321349,"minecraft:tune_noteblock":1,"minecraft:pot_flower":1,"minecraft:interact_with_grindstone":2,"minecraft:interact_with_stonecutter":5,"minecraft:time_since_rest":30270,"minecraft:damage_taken":6807,"minecraft:damage_absorbed":40,"minecraft:swim_one_cm":133943,"minecraft:fly_one_cm":1040158,"minecraft:open_chest":284,"minecraft:fall_one_cm":154766},"minecraft:picked_up":{"minecraft:iron_chestplate":6,"minecraft:chainmail_boots":4,"farmersdelight:rice_panicle":71,"minecraft:enchanted_book":2,"kubejs:kinetic_mechanism":26,"create:wooden_bracket":1,"forbidden_arcanus:xpetrified_orb":13,"minecraft:string":19,"create:limestone":15,"minecraft:smooth_stone_slab":1,"minecraft:red_nether_bricks":5,"thermal:sulfur":51,"create:mechanical_press":2,"minecraft:cobbled_deepslate":162,"reliquary:zombie_heart":2,"minecraft:bucket":1,"minecraft:calcite":6,"minecraft:iron_pickaxe":3,"minecraft:coal_block":3,"minecraft:deepslate_iron_ore":1,"minecraft:furnace":1,"minecraft:tipped_arrow":3,"minecraft:golden_helmet":11,"thermal:silver_coin":2,"minecraft:stick":21,"minecraft:torch":12,"minecraft:acacia_log":9,"minecraft:green_bed":3,"create:andesite_casing":3,"minecraft:porkchop":14,"minecraft:diorite":45,"minecraft:brown_carpet":1,"thermal:apatite":49,"create:large_cogwheel":1,"farmersdelight:canvas":7,"minecraft:quartz_block":5,"minecraft:rotten_flesh":142,"kubejs:copper_machine":3,"create:crushed_raw_nickel":6,"supplementaries:quiver":1,"minecraft:snowball":1,"minecraft:cobblestone":161,"occultism:datura_seeds":2,"minecraft:leather_chestplate":2,"minecraft:feather":49,"minecraft:cooked_beef":6,"farmersdelight:rice":71,"minecraft:water_bucket":1,"minecraft:andesite":16,"minecraft:golden_leggings":1,"minecraft:flint":23,"minecraft:tuff":2,"supplementaries:flax_seeds":3,"minecraft:acacia_boat":2,"minecraft:dirt":17,"thermal:sapphire":3,"minecraft:bone":24,"minecraft:bow":1,"minecraft:wheat_seeds":13,"forbidden_arcanus:rotten_leather":2,"tconstruct:seared_table":1,"create:shaft":17,"minecraft:diamond_helmet":1,"minecraft:mossy_stone_bricks":3,"tconstruct:sky_slime_sapling":7,"minecraft:oak_planks":5,"create:radial_chassis":1,"minecraft:cooked_porkchop":5,"tconstruct:seared_ingot_gauge":3,"create:cogwheel":5,"create:crushed_raw_lead":44,"ae2:certus_quartz_crystal":2,"minecraft:sand":278,"expcaves:decorative_pot":2,"minecraft:nether_brick_stairs":5,"minecraft:mossy_cobblestone":4,"forbidden_arcanus:ender_pearl_fragment":2,"minecraft:polished_andesite":1,"minecraft:diamond":3,"minecraft:deepslate":8,"minecraft:writable_book":1,"minecraft:granite":82,"minecraft:chainmail_helmet":2,"minecraft:bread":20,"minecraft:oak_sapling":27,"minecraft:netherrack":4,"create:copper_sheet":3,"sophisticatedbackpacks:gold_backpack":2,"thermal:copper_dust":21,"minecraft:crafting_table":5,"minecraft:chicken":7,"minecraft:clay_ball":260,"minecraft:leather_leggings":2,"tconstruct:materials_and_you":1,"thermal:cinnabar":21,"tconstruct:skyroot_log":12,"expcaves:lavastone":1,"gravestone:obituary":1,"minecraft:cracked_stone_bricks":1,"minecraft:beef":15,"farmersdelight:straw":81,"minecraft:oak_boat":1,"thermal:niter":33,"minecraft:light_gray_wool":1,"minecraft:sugar_cane":23,"minecraft:raw_copper_block":2,"minecraft:egg":2,"forbidden_arcanus:bat_wing":2,"minecraft:stone":53,"reliquary:rib_bone":3,"minecraft:oak_door":6,"create:crushed_raw_zinc":41,"minecraft:copper_ingot":2,"minecraft:note_block":18,"sophisticatedbackpacks:backpack":2,"create:windmill_bearing":1,"tconstruct:sky_slime_dirt":2,"create:hand_crank":3,"railways:track_tieless":1,"tconstruct:sky_slime_ball":55,"minecraft:arrow":32,"minecraft:cooked_cod":7,"tconstruct:grout":192,"ae2:certus_quartz_dust":87,"minecraft:nether_bricks":81,"create:depot":1,"minecraft:gold_ingot":43,"minecraft:mutton":10,"forbidden_arcanus:spawner_scrap":14,"minecraft:white_wool":4,"minecraft:stripped_oak_log":1,"create:crushed_raw_gold":20,"storagedrawers:upgrade_template":1,"minecraft:leather":6,"forbidden_arcanus:zombie_arm":1,"minecraft:ice":21,"minecraft:oak_log":52,"create:andesite_alloy":2,"minecraft:nether_wart_block":1,"minecraft:gunpowder":12,"create:copper_nugget":42,"tconstruct:seared_brick":256,"minecraft:cooked_mutton":1,"create:crushed_raw_iron":142,"minecraft:stone_bricks":4,"minecraft:kelp":421,"minecraft:iron_ingot":96,"minecraft:cooked_chicken":30,"minecraft:glass_bottle":1,"minecraft:soul_sand":4,"minecraft:acacia_sapling":1,"minecraft:book":30,"minecraft:polished_andesite_stairs":2,"minecraft:oak_slab":1,"minecraft:gravel":294,"minecraft:white_bed":1,"minecraft:spider_eye":2,"rubber_duck:rubber_duck_item":5,"forbidden_arcanus:arcane_crystal":11,"minecraft:pumpkin_seeds":1,"minecraft:slime_ball":36,"minecraft:stone_axe":1,"minecraft:chainmail_leggings":2,"create:crushed_raw_copper":76,"minecraft:iron_helmet":3,"minecraft:baked_potato":1,"minecraft:black_wool":1,"minecraft:coal":112,"minecraft:ender_pearl":2},"minecraft:used":{"minecraft:writable_book":1,"minecraft:iron_shovel":635,"minecraft:shield":2,"minecraft:stone":3,"minecraft:iron_sword":85,"minecraft:iron_chestplate":2,"create:cogwheel":3,"minecraft:nether_bricks":6,"minecraft:snowball":1,"minecraft:lava_bucket":9,"tconstruct:seared_faucet":2,"minecraft:stone_bricks":2,"minecraft:cooked_cod":9,"minecraft:stone_pickaxe":131,"occultism:datura_seeds":1,"minecraft:wooden_pickaxe":14,"minecraft:sand":1,"farmersdelight:rice":16,"minecraft:note_block":2,"minecraft:bread":11,"minecraft:golden_helmet":1,"minecraft:diamond_sword":208,"minecraft:coal_block":1,"minecraft:grindstone":1,"minecraft:smithing_table":1,"minecraft:bone_meal":271,"expcaves:lavastone":1,"minecraft:cooked_chicken":20,"minecraft:oak_door":6,"tconstruct:seared_ingot_gauge":4,"minecraft:torch":83,"minecraft:dirt":9,"expcaves:decorative_pot":2,"railways:track_tieless":2,"minecraft:granite":16,"tconstruct:seared_heater":1,"minecraft:iron_hoe":3,"minecraft:wooden_axe":9,"minecraft:bookshelf":11,"minecraft:iron_axe":39,"minecraft:cooked_beef":39,"minecraft:cobbled_deepslate":8,"minecraft:cooked_mutton":12,"farmersdelight:iron_knife":18,"minecraft:water_bucket":18,"farmersdelight:skillet":1,"minecraft:baked_potato":1,"minecraft:red_nether_bricks":5,"minecraft:stonecutter":1,"minecraft:green_bed":3,"thermal:ice_grenade":2,"minecraft:crafting_table":5,"minecraft:white_bed":1,"tconstruct:seared_basin":1,"minecraft:oak_log":4,"minecraft:flower_pot":1,"minecraft:diamond_pickaxe":338,"farmersdelight:apple_cider":1,"minecraft:diamond_shovel":2,"create:mechanical_press":2,"farmersdelight:cake_slice":13,"tconstruct:seared_table":2,"minecraft:iron_pickaxe":670,"forbidden_arcanus:aureal_bottle":1,"minecraft:stone_axe":152,"minecraft:cobblestone":34,"minecraft:potion":1,"tconstruct:seared_melter":1,"kubejs:copper_machine":3,"minecraft:cooked_porkchop":5,"minecraft:bucket":30,"quark:oak_chest":1,"create:hand_crank":3,"minecraft:kelp":27},"minecraft:killed":{"minecraft:cave_spider":5,"minecraft:spider":4,"tconstruct:sky_slime":15,"minecraft:skeleton":25,"minecraft:chicken":22,"minecraft:pig":8,"minecraft:creeper":5,"minecraft:sheep":6,"minecraft:pillager":1,"minecraft:zombie":73,"minecraft:stray":1,"minecraft:cow":6,"minecraft:drowned":1,"minecraft:bat":1,"minecraft:enderman":2}},"DataVersion":2975}