{"stats":{"minecraft:killed_by":{"minecraft:zombie":2,"minecraft:stray":1,"minecraft:skeleton":1},"minecraft:crafted":{"minecraft:black_dye":7,"create:crushed_raw_copper":18,"occultism:divination_rod":1,"minecraft:grindstone":1,"minecraft:oak_planks":180,"minecraft:rotten_flesh":6,"farmersdelight:canvas":12,"occultism:chalk_white_impure":1,"create:andesite_casing":4,"minecraft:stone":27,"minecraft:bookshelf":11,"occultism:sacrificial_bowl":5,"minecraft:cooked_mutton":23,"tconstruct:seared_melter":1,"minecraft:hopper":1,"minecraft:glass":19,"occultism:book_of_binding_foliot":1,"occultism:golden_sacrificial_bowl":1,"occultism:burnt_otherstone":3,"occultism:candle_white":19,"sophisticatedbackpacks:backpack":1,"minecraft:crafting_table":1,"farmersdelight:iron_knife":1,"create:fluid_pipe":4,"minecraft:wooden_pickaxe":3,"minecraft:smithing_table":1,"minecraft:copper_ingot":4,"minecraft:book":2,"minecraft:paper":6,"minecraft:stick":36,"minecraft:stone_slab":2,"quark:oak_chest":3,"create:mechanical_pump":1,"minecraft:iron_ingot":32,"minecraft:iron_pickaxe":1,"minecraft:stone_sword":1,"minecraft:gold_ingot":2,"tconstruct:seared_bricks":1,"occultism:butcher_knife":1,"thermal:cured_rubber":32,"minecraft:oak_door":3,"minecraft:iron_nugget":114,"forbidden_arcanus:rotten_leather":2,"tconstruct:seared_basin":1,"minecraft:bone_meal":372,"minecraft:flint_and_steel":1,"minecraft:iron_axe":1,"minecraft:iron_hoe":1,"create:millstone":1,"tconstruct:seared_table":1,"minecraft:ender_pearl":9,"minecraft:stone_pickaxe":1,"tconstruct:smeltery_controller":1,"minecraft:cooked_beef":12,"minecraft:cooked_cod":2,"create:andesite_alloy":22,"create:goggles":1,"minecraft:bone":20,"minecraft:bucket":1,"minecraft:stone_axe":2,"occultism:dictionary_of_spirits":1,"minecraft:air":0,"tconstruct:seared_heater":1,"tconstruct:seared_ingot_gauge":2,"kubejs:sealed_mechanism":16,"minecraft:white_dye":4,"minecraft:wooden_axe":1,"minecraft:writable_book":1,"tconstruct:seared_faucet":3,"minecraft:iron_shovel":3,"minecraft:stonecutter":1,"kubejs:copper_machine":1,"occultism:book_of_binding_bound_foliot":1,"minecraft:acacia_planks":36,"minecraft:torch":52,"create:copper_casing":2,"minecraft:clay":64,"tconstruct:grout":512},"minecraft:broken":{"minecraft:iron_shovel":2,"minecraft:stone_pickaxe":1,"minecraft:stone_axe":1,"minecraft:iron_pickaxe":2},"minecraft:mined":{"create:deepslate_zinc_ore":24,"minecraft:white_bed":1,"minecraft:oak_sapling":2,"minecraft:farmland":2,"thermal:cinnabar_ore":6,"thermal:sulfur_ore":8,"minecraft:red_nether_bricks":6,"minecraft:granite":100,"minecraft:acacia_log":9,"minecraft:grass_block":4,"randomium:randomium_ore":1,"minecraft:coal_block":2,"minecraft:spawner":27,"tconstruct:seared_table":1,"minecraft:tall_seagrass":10,"tconstruct:seared_ingot_gauge":3,"minecraft:iron_ore":136,"minecraft:cobbled_deepslate":3,"minecraft:fire":2,"expcaves:decorative_pot":2,"thermal:sapphire_ore":1,"minecraft:nether_brick_stairs":4,"farmersdelight:rice_panicles":3,"tconstruct:sky_slime_dirt":1,"create:mechanical_press":2,"create:limestone":12,"occultism:otherworld_log":1,"minecraft:green_bed":3,"expcaves:broken_deepslate":2,"create:cogwheel":2,"create:radial_chassis":1,"minecraft:quartz_block":17,"minecraft:kelp_plant":73,"kubejs:copper_machine":3,"thermal:lead_ore":31,"minecraft:clay":64,"minecraft:torch":3,"minecraft:note_block":18,"minecraft:polished_andesite_stairs":1,"minecraft:calcite":6,"supplementaries:wild_flax":1,"minecraft:cobblestone":20,"thermal:deepslate_lead_ore":17,"minecraft:sugar_cane":14,"minecraft:wall_torch":2,"minecraft:deepslate_copper_ore":7,"minecraft:seagrass":22,"minecraft:nether_wart_block":1,"expcaves:sediment_stone":2,"minecraft:smooth_stone_slab":5,"minecraft:grass":64,"thermal:niter_ore":7,"minecraft:oak_log":36,"create:hand_crank":2,"minecraft:sand":278,"minecraft:dirt":6,"occultism:otherworld_log_natural":10,"minecraft:raw_copper_block":2,"minecraft:netherrack":5,"minecraft:oak_leaves":24,"minecraft:deepslate":101,"thermal:deepslate_cinnabar_ore":7,"create:zinc_ore":32,"expcaves:treasure_pot":2,"minecraft:tuff":11,"minecraft:mossy_cobblestone":4,"minecraft:oak_door":3,"expcaves:small_treasure_pot":1,"gravestone:gravestone":4,"minecraft:nether_bricks":52,"create:depot":1,"thermal:deepslate_nickel_ore":6,"occultism:chalk_glyph_white":1,"minecraft:kelp":31,"railways:track_tieless":1,"forbidden_arcanus:arcane_crystal_ore":2,"create:shaft":3,"forbidden_arcanus:deepslate_arcane_crystal_ore":14,"minecraft:furnace":1,"minecraft:andesite":28,"create:windmill_bearing":1,"minecraft:bookshelf":8,"minecraft:deepslate_iron_ore":16,"expcaves:lavastone":24,"minecraft:stone":195,"ae2:quartz_ore":24,"tconstruct:earth_congealed_slime":9,"minecraft:acacia_leaves":1,"minecraft:soul_sand":2,"randomium:randomium_ore_deepslate":2,"minecraft:brown_carpet":1,"minecraft:crafting_table":5,"thermal:apatite_ore":12,"minecraft:tall_grass":3,"minecraft:copper_ore":93,"minecraft:deepslate_gold_ore":4,"minecraft:diorite":47,"supplementaries:urn":3,"forbidden_arcanus:xpetrified_ore":14,"thermal:deepslate_sapphire_ore":2,"expcaves:treasure_amphora":2,"tconstruct:skyroot_log":11,"minecraft:coal_ore":79,"minecraft:gravel":299,"minecraft:cracked_stone_bricks":4,"thermal:deepslate_niter_ore":1,"ae2:deepslate_quartz_ore":4,"minecraft:polished_andesite":1,"minecraft:stone_bricks":6,"minecraft:mossy_stone_bricks":3,"minecraft:gold_ore":16,"thermal:deepslate_sulfur_ore":5,"tconstruct:sky_congealed_slime":10},"minecraft:dropped":{"minecraft:nether_brick_stairs":3,"farmersdelight:iron_knife":3,"minecraft:acacia_boat":2,"minecraft:soul_sand":2,"tconstruct:sky_slime_dirt":2,"minecraft:cooked_beef":1,"minecraft:oak_log":28,"minecraft:glass_bottle":1,"minecraft:diamond":4,"minecraft:crafting_table":1,"minecraft:cookie":1,"create:cogwheel":1,"supplementaries:slingshot":1,"minecraft:cracked_stone_bricks":1,"minecraft:music_disc_11":2,"farmersdelight:rice":56,"sophisticatedbackpacks:gold_backpack":2,"minecraft:music_disc_13":1,"minecraft:flint":2,"minecraft:dirt":11,"tconstruct:materials_and_you":1,"gravestone:obituary":5,"minecraft:writable_book":2,"thermal:copper_dust":23,"create:crushed_raw_iron":2,"rubber_duck:rubber_duck_item":3,"minecraft:iron_pickaxe":1,"occultism:otherworld_log":3,"minecraft:white_wool":2,"minecraft:bone":1,"minecraft:gold_ingot":21,"minecraft:gravel":27,"minecraft:stone_axe":2,"create:crushed_raw_copper":1,"farmersdelight:canvas":7,"minecraft:cobbled_deepslate":108,"minecraft:rotten_flesh":100,"expcaves:lavastone":12,"minecraft:oak_planks":1,"minecraft:cooked_mutton":13,"minecraft:salmon":1,"tconstruct:grout":704,"create:wooden_bracket":1,"minecraft:leather_chestplate":3,"supplementaries:flax_seeds":4,"minecraft:tipped_arrow":2,"minecraft:gunpowder":8,"forbidden_arcanus:zombie_arm":1,"minecraft:quartz_block":5,"create:limestone":15,"minecraft:acacia_sapling":1,"minecraft:chainmail_boots":4,"minecraft:leather_leggings":3,"minecraft:arrow":7,"minecraft:netherrack":4,"create:andesite_alloy":22,"reliquary:zombie_heart":1,"minecraft:egg":2,"minecraft:enchanted_book":1,"minecraft:iron_ingot":23,"minecraft:oak_slab":1,"minecraft:black_dye":1,"occultism:datura":4,"minecraft:wheat_seeds":14,"minecraft:golden_helmet":9,"minecraft:deepslate_iron_ore":1,"minecraft:mossy_cobblestone":4,"expcaves:sediment_stone":2,"forbidden_arcanus:tentacle":2,"minecraft:iron_helmet":3,"minecraft:feather":28,"minecraft:cobblestone":52,"minecraft:book":9,"cb_microblock:iron_saw":1,"minecraft:granite":71,"minecraft:copper_ingot":4,"minecraft:chainmail_helmet":1,"minecraft:coal":8,"minecraft:coal_block":1,"create:crushed_raw_gold":1,"minecraft:polished_andesite":1,"create:andesite_casing":4,"minecraft:gray_wool":1,"minecraft:diorite":45,"minecraft:nether_wart_block":1,"minecraft:wooden_axe":1,"minecraft:polished_andesite_stairs":2,"minecraft:string":5,"minecraft:bucket":1,"minecraft:acacia_planks":19,"reliquary:rib_bone":2,"minecraft:furnace":1,"minecraft:kelp":10,"storagedrawers:upgrade_template":2,"minecraft:smooth_stone_slab":1,"create:crushed_raw_zinc":2,"minecraft:deepslate":8,"minecraft:tuff":4,"minecraft:light_gray_wool":2,"minecraft:clay_ball":4,"minecraft:iron_boots":1,"thermal:gold_dust":4,"minecraft:stone_slab":1,"farmersdelight:straw":32,"kubejs:zinc_dust":4,"minecraft:nether_bricks":3,"forbidden_arcanus:bat_wing":2,"forbidden_arcanus:rotten_leather":2,"minecraft:pumpkin_seeds":1,"minecraft:stone":46,"minecraft:diamond_pickaxe":2,"minecraft:iron_chestplate":3,"minecraft:andesite":60,"minecraft:mossy_stone_bricks":3,"minecraft:golden_leggings":1,"minecraft:oak_boat":1,"minecraft:oak_sapling":12,"thermal:iron_dust":3,"tconstruct:smeltery_controller":1,"minecraft:spider_eye":2,"minecraft:stone_bricks":2,"minecraft:brown_carpet":1,"kubejs:trade_card_phantom_membrane":1,"minecraft:bow":1,"occultism:chalk_white_impure":1,"minecraft:wooden_pickaxe":3,"minecraft:calcite":6,"minecraft:black_wool":1},"minecraft:custom":{"lootr:looted_stat":82,"minecraft:interact_with_crafting_table":97,"minecraft:leave_game":1,"minecraft:time_since_death":222868,"minecraft:sprint_one_cm":1052489,"minecraft:damage_blocked_by_shield":320,"minecraft:drop":313,"minecraft:play_noteblock":20,"minecraft:talked_to_villager":3,"minecraft:play_time":393349,"minecraft:deaths":4,"minecraft:jump":4522,"minecraft:walk_on_water_one_cm":72582,"minecraft:enchant_item":3,"minecraft:interact_with_furnace":57,"minecraft:sleep_in_bed":7,"minecraft:damage_dealt":31886,"minecraft:crouch_one_cm":39976,"minecraft:interact_with_smoker":3,"minecraft:interact_with_smithing_table":5,"minecraft:interact_with_anvil":4,"minecraft:mob_kills":237,"minecraft:inspect_hopper":4,"minecraft:climb_one_cm":1294,"minecraft:walk_one_cm":1025685,"minecraft:sneak_time":19187,"minecraft:walk_under_water_one_cm":89450,"minecraft:boat_one_cm":60420,"minecraft:total_world_time":393349,"minecraft:tune_noteblock":1,"minecraft:pot_flower":1,"minecraft:interact_with_grindstone":2,"minecraft:interact_with_stonecutter":5,"minecraft:time_since_rest":16952,"minecraft:damage_taken":7903,"minecraft:damage_absorbed":40,"minecraft:swim_one_cm":184439,"minecraft:fly_one_cm":1396335,"minecraft:open_chest":393,"minecraft:fall_one_cm":224086},"minecraft:picked_up":{"minecraft:iron_chestplate":6,"minecraft:chainmail_boots":4,"minecraft:lead":2,"farmersdelight:rice_panicle":71,"minecraft:enchanted_book":2,"kubejs:kinetic_mechanism":30,"create:wooden_bracket":1,"forbidden_arcanus:xpetrified_orb":14,"minecraft:string":25,"create:limestone":15,"minecraft:smooth_stone_slab":1,"minecraft:red_nether_bricks":5,"thermal:sulfur":51,"occultism:tallow":25,"create:mechanical_press":2,"minecraft:cobbled_deepslate":188,"reliquary:zombie_heart":2,"minecraft:bucket":1,"minecraft:calcite":6,"minecraft:iron_pickaxe":3,"occultism:otherstone":40,"minecraft:coal_block":3,"minecraft:deepslate_iron_ore":1,"minecraft:furnace":1,"minecraft:tipped_arrow":3,"minecraft:golden_helmet":11,"thermal:silver_coin":2,"minecraft:stick":26,"forbidden_arcanus:tentacle":5,"minecraft:torch":14,"minecraft:acacia_log":9,"minecraft:green_bed":3,"create:andesite_casing":3,"minecraft:porkchop":26,"minecraft:diorite":45,"minecraft:brown_carpet":1,"thermal:apatite":160,"create:large_cogwheel":1,"farmersdelight:canvas":7,"minecraft:quartz_block":5,"occultism:otherworld_ashes":3,"minecraft:rotten_flesh":149,"kubejs:copper_machine":3,"create:crushed_raw_nickel":6,"occultism:datura":28,"supplementaries:quiver":1,"farmersdelight:brown_canvas_sign":1,"minecraft:snowball":1,"minecraft:cobblestone":192,"occultism:datura_seeds":52,"minecraft:leather_chestplate":3,"minecraft:feather":49,"minecraft:cooked_beef":6,"farmersdelight:rice":71,"minecraft:water_bucket":1,"minecraft:andesite":20,"minecraft:golden_leggings":1,"minecraft:flint":23,"minecraft:tuff":10,"supplementaries:flax_seeds":4,"minecraft:acacia_boat":2,"occultism:spirit_attuned_gem":3,"minecraft:dirt":23,"thermal:sapphire":3,"minecraft:bone":92,"farmersdelight:iron_knife":3,"minecraft:bow":2,"minecraft:wheat_seeds":15,"forbidden_arcanus:rotten_leather":2,"tconstruct:seared_table":1,"create:shaft":17,"minecraft:diamond_helmet":1,"minecraft:mossy_stone_bricks":3,"tconstruct:sky_slime_sapling":7,"minecraft:oak_planks":5,"create:radial_chassis":1,"kubejs:zinc_dust":2,"minecraft:cooked_porkchop":5,"tconstruct:seared_ingot_gauge":3,"create:cogwheel":70,"create:crushed_raw_lead":51,"ae2:certus_quartz_crystal":2,"minecraft:sand":278,"expcaves:decorative_pot":2,"minecraft:ink_sac":9,"minecraft:nether_brick_stairs":5,"minecraft:mossy_cobblestone":4,"forbidden_arcanus:ender_pearl_fragment":2,"minecraft:polished_andesite":1,"minecraft:diamond":3,"minecraft:deepslate":8,"minecraft:writable_book":1,"minecraft:granite":97,"minecraft:chainmail_helmet":2,"minecraft:bread":20,"minecraft:oak_sapling":49,"minecraft:netherrack":4,"minecraft:diamond_pickaxe":3,"create:copper_sheet":3,"sophisticatedbackpacks:gold_backpack":2,"thermal:copper_dust":22,"thermal:gold_dust":2,"minecraft:crafting_table":5,"occultism:chalk_white":1,"minecraft:chicken":7,"minecraft:clay_ball":260,"minecraft:leather_leggings":3,"tconstruct:materials_and_you":1,"thermal:cinnabar":21,"tconstruct:skyroot_log":12,"occultism:purified_ink":1,"expcaves:lavastone":22,"gravestone:obituary":1,"thermal:iron_dust":1,"occultism:otherworld_log":6,"minecraft:cracked_stone_bricks":1,"occultism:otherworld_sapling_natural":6,"minecraft:beef":18,"farmersdelight:straw":81,"minecraft:oak_boat":1,"thermal:niter":33,"minecraft:light_gray_wool":2,"minecraft:sugar_cane":23,"minecraft:raw_copper_block":2,"minecraft:egg":2,"forbidden_arcanus:bat_wing":2,"minecraft:stone":53,"reliquary:rib_bone":3,"minecraft:oak_door":6,"create:crushed_raw_zinc":64,"minecraft:copper_ingot":2,"minecraft:note_block":18,"sophisticatedbackpacks:backpack":2,"create:windmill_bearing":1,"minecraft:music_disc_11":1,"tconstruct:sky_slime_dirt":2,"create:hand_crank":3,"railways:track_tieless":1,"tconstruct:sky_slime_ball":55,"minecraft:arrow":34,"minecraft:cooked_cod":7,"tconstruct:grout":192,"ae2:certus_quartz_dust":87,"minecraft:nether_bricks":81,"kubejs:trade_card_phantom_membrane":1,"create:depot":1,"minecraft:gold_ingot":43,"minecraft:mutton":20,"forbidden_arcanus:spawner_scrap":14,"minecraft:white_wool":18,"minecraft:stripped_oak_log":1,"create:crushed_raw_gold":20,"storagedrawers:upgrade_template":1,"minecraft:leather":12,"forbidden_arcanus:zombie_arm":1,"minecraft:ice":21,"minecraft:oak_log":58,"create:andesite_alloy":2,"minecraft:nether_wart_block":1,"minecraft:gunpowder":12,"create:copper_nugget":42,"tconstruct:seared_brick":256,"minecraft:cooked_mutton":31,"create:crushed_raw_iron":152,"minecraft:stone_bricks":4,"minecraft:kelp":421,"minecraft:iron_ingot":96,"minecraft:cooked_chicken":30,"minecraft:glass_bottle":1,"minecraft:soul_sand":4,"minecraft:acacia_sapling":1,"minecraft:book":30,"minecraft:polished_andesite_stairs":2,"minecraft:oak_slab":1,"create:large_water_wheel":1,"minecraft:gravel":294,"minecraft:white_bed":1,"minecraft:spider_eye":3,"rubber_duck:rubber_duck_item":5,"forbidden_arcanus:arcane_crystal":27,"minecraft:pumpkin_seeds":1,"expcaves:sediment_stone":2,"minecraft:slime_ball":36,"minecraft:stone_axe":1,"minecraft:chainmail_leggings":2,"create:crushed_raw_copper":105,"minecraft:iron_helmet":3,"minecraft:gray_wool":1,"minecraft:baked_potato":1,"minecraft:black_wool":1,"minecraft:coal":121,"minecraft:ender_pearl":2},"minecraft:used":{"minecraft:writable_book":1,"minecraft:iron_shovel":635,"minecraft:shield":7,"minecraft:stone":3,"minecraft:iron_sword":85,"minecraft:iron_chestplate":2,"create:cogwheel":4,"minecraft:nether_bricks":6,"occultism:sacrificial_bowl":4,"minecraft:snowball":1,"occultism:butcher_knife":31,"minecraft:lava_bucket":9,"tconstruct:seared_faucet":2,"create:millstone":1,"minecraft:stone_bricks":2,"occultism:chalk_white":22,"minecraft:oak_sapling":1,"minecraft:cooked_cod":9,"minecraft:stone_pickaxe":131,"occultism:datura_seeds":1,"minecraft:wooden_pickaxe":14,"occultism:otherworld_sapling_natural":2,"minecraft:sand":1,"farmersdelight:rice":16,"minecraft:note_block":2,"minecraft:bread":11,"minecraft:golden_helmet":1,"minecraft:diamond_sword":271,"minecraft:coal_block":1,"minecraft:grindstone":1,"minecraft:smithing_table":1,"minecraft:bone_meal":352,"expcaves:lavastone":1,"minecraft:cooked_chicken":30,"minecraft:oak_door":6,"tconstruct:seared_ingot_gauge":4,"minecraft:torch":87,"minecraft:dirt":12,"expcaves:decorative_pot":2,"occultism:divination_rod":5,"railways:track_tieless":2,"minecraft:granite":25,"tconstruct:seared_heater":1,"minecraft:iron_hoe":3,"minecraft:wooden_axe":9,"minecraft:bookshelf":11,"minecraft:iron_axe":51,"minecraft:cooked_beef":39,"minecraft:cobbled_deepslate":8,"minecraft:cooked_mutton":23,"farmersdelight:iron_knife":18,"minecraft:water_bucket":28,"farmersdelight:skillet":1,"occultism:otherworld_log":1,"minecraft:baked_potato":1,"minecraft:red_nether_bricks":5,"minecraft:stonecutter":1,"minecraft:green_bed":3,"thermal:ice_grenade":2,"minecraft:crafting_table":5,"minecraft:white_bed":1,"tconstruct:seared_basin":1,"occultism:datura":2,"farmersdelight:brown_canvas_sign":1,"minecraft:oak_log":6,"minecraft:flower_pot":1,"minecraft:diamond_pickaxe":507,"farmersdelight:apple_cider":1,"minecraft:diamond_shovel":4,"create:mechanical_press":2,"farmersdelight:cake_slice":13,"tconstruct:seared_table":2,"minecraft:iron_pickaxe":670,"forbidden_arcanus:aureal_bottle":1,"minecraft:stone_axe":152,"occultism:candle_white":4,"minecraft:cobblestone":35,"minecraft:potion":1,"tconstruct:seared_melter":1,"kubejs:copper_machine":3,"minecraft:cooked_porkchop":5,"minecraft:bucket":41,"occultism:golden_sacrificial_bowl":1,"quark:oak_chest":1,"create:hand_crank":4,"minecraft:kelp":27},"minecraft:killed":{"minecraft:cave_spider":6,"minecraft:spider":7,"tconstruct:sky_slime":15,"minecraft:skeleton":28,"minecraft:chicken":22,"minecraft:pig":14,"minecraft:creeper":5,"minecraft:sheep":24,"minecraft:trader_llama":2,"minecraft:pillager":4,"minecraft:zombie":76,"minecraft:stray":1,"minecraft:cow":7,"minecraft:horse":1,"minecraft:drowned":1,"minecraft:bat":1,"minecraft:wandering_trader":1,"minecraft:squid":4,"minecraft:enderman":2}},"DataVersion":2975}