{
  "modonomicon:modonomicon/root": {
    "criteria": {
      "modonomicon_present": "2024-07-05 01:47:07 +0000"
    },
    "done": true
  },
  "create:wrench_goggles": {
    "criteria": {
      "0": "2024-07-06 04:55:57 +0000"
    },
    "done": false
  },
  "repurposed_structures:igloos": {
    "criteria": {
      "in_igloo_grassy": "2024-07-05 01:58:25 +0000"
    },
    "done": false
  },
  "farmersdelight:main/plant_all_crops": {
    "criteria": {
      "kelp": "2024-07-05 05:07:38 +0000",
      "sugar_cane": "2024-07-05 02:07:20 +0000",
      "potato": "2024-07-06 03:38:57 +0000",
      "carrot": "2024-07-06 23:12:27 +0000"
    },
    "done": false
  },
  "repurposed_structures:pyramids": {
    "criteria": {
      "in_pyramid_nether": "2024-07-06 06:07:21 +0000"
    },
    "done": false
  },
  "naturescompass:natures_compass": {
    "criteria": {
      "has_recipe": "2024-07-05 01:47:06 +0000"
    },
    "done": true
  },
  "tconstruct:tools/materials_and_you": {
    "criteria": {
      "crafted_book": "2024-07-05 01:47:07 +0000"
    },
    "done": true
  },
  "tconstruct:internal/starting_book": {
    "criteria": {
      "tick": "2024-07-05 01:47:07 +0000"
    },
    "done": true
  },
  "tconstruct:smeltery/structure": {
    "criteria": {
      "open_smeltery": "2024-07-06 05:10:05 +0000"
    },
    "done": true
  },
  "create:copper": {
    "criteria": {
      "0": "2024-07-06 05:14:10 +0000"
    },
    "done": true
  },
  "create:andesite_alloy": {
    "criteria": {
      "0": "2024-07-05 03:11:51 +0000"
    },
    "done": true
  },
  "minecraft:nether/root": {
    "criteria": {
      "entered_nether": "2024-07-06 05:39:22 +0000"
    },
    "done": true
  },
  "create:mechanical_mixer": {
    "criteria": {
      "0": "2024-07-06 07:05:44 +0000"
    },
    "done": true
  },
  "farmersdelight:main/place_cooking_pot": {
    "criteria": {
      "cooking_pot": "2024-07-06 04:07:01 +0000"
    },
    "done": true
  },
  "create:water_wheel": {
    "criteria": {
      "0": "2024-07-05 03:14:48 +0000"
    },
    "done": true
  },
  "create:super_glue": {
    "criteria": {
      "0": "2024-07-05 05:44:25 +0000"
    },
    "done": true
  },
  "minecraft:nether/find_fortress": {
    "criteria": {
      "in_better_fortress": "2024-07-06 06:36:09 +0000"
    },
    "done": true
  },
  "create:mechanical_press": {
    "criteria": {
      "0": "2024-07-05 03:21:07 +0000"
    },
    "done": true
  },
  "tconstruct:smeltery/tinkers_anvil": {
    "criteria": {
      "crafted_overworld": "2024-07-06 23:07:22 +0000"
    },
    "done": true
  },
  "minecraft:story/shiny_gear": {
    "criteria": {
      "diamond_leggings": "2024-07-05 04:28:00 +0000"
    },
    "done": true
  },
  "minecraft:nether/obtain_ancient_debris": {
    "criteria": {
      "ancient_debris": "2024-07-06 05:50:24 +0000"
    },
    "done": true
  },
  "create:portable_storage_interface": {
    "criteria": {
      "0": "2024-07-05 05:47:02 +0000"
    },
    "done": true
  },
  "ae2:main/root": {
    "criteria": {
      "certus": "2024-07-05 02:12:13 +0000"
    },
    "done": true
  },
  "lootr:1chest": {
    "criteria": {
      "opened_chest": "2024-07-05 01:48:30 +0000"
    },
    "done": true
  },
  "lootr:1cart": {
    "criteria": {
      "opened_cart": "2024-07-05 04:19:17 +0000"
    },
    "done": true
  },
  "create:funnel": {
    "criteria": {
      "0": "2024-07-05 05:47:02 +0000"
    },
    "done": true
  },
  "minecraft:story/deflect_arrow": {
    "criteria": {
      "deflected_projectile": "2024-07-05 04:35:53 +0000"
    },
    "done": true
  },
  "betterdungeons:all_dungeons": {
    "criteria": {
      "in_better_spider_dungeon": "2024-07-05 02:45:20 +0000"
    },
    "done": false
  },
  "farmersdelight:main/get_fd_seed": {
    "criteria": {
      "rice": "2024-07-05 02:01:43 +0000"
    },
    "done": true
  },
  "tconstruct:smeltery/cast_collector": {
    "criteria": {
      "ingot": "2024-07-06 05:14:43 +0000"
    },
    "done": false
  },
  "create:compacting": {
    "criteria": {
      "0": "2024-07-05 05:10:27 +0000"
    },
    "done": true
  },
  "minecraft:husbandry/balanced_diet": {
    "criteria": {
      "cooked_mutton": "2024-07-05 02:09:15 +0000",
      "cooked_beef": "2024-07-05 01:58:34 +0000",
      "baked_potato": "2024-07-06 03:40:12 +0000",
      "apple": "2024-07-05 01:50:40 +0000",
      "cooked_cod": "2024-07-05 02:08:11 +0000",
      "bread": "2024-07-05 03:09:48 +0000",
      "golden_apple": "2024-07-05 04:29:15 +0000",
      "golden_carrot": "2024-07-05 02:40:49 +0000",
      "cooked_salmon": "2024-07-05 02:20:05 +0000",
      "carrot": "2024-07-05 02:33:06 +0000"
    },
    "done": false
  },
  "create:chute": {
    "criteria": {
      "0": "2024-07-06 04:56:36 +0000"
    },
    "done": true
  },
  "create:mechanical_pump_0": {
    "criteria": {
      "0": "2024-07-06 06:54:37 +0000"
    },
    "done": true
  },
  "biomesoplenty:biomesoplenty/root": {
    "criteria": {
      "erupting_inferno": "2024-07-06 06:30:17 +0000"
    },
    "done": true
  },
  "tconstruct:tools/netherite_tier": {
    "criteria": {
      "harvest_level": "2024-07-06 22:51:15 +0000"
    },
    "done": true
  },
  "tconstruct:smeltery/gold_casting": {
    "criteria": {
      "crafted_cast": "2024-07-06 05:14:43 +0000"
    },
    "done": true
  },
  "minecraft:story/iron_tools": {
    "criteria": {
      "iron_pickaxe": "2024-07-05 02:17:04 +0000"
    },
    "done": true
  },
  "naturescompass:natures_compass_sapling": {
    "criteria": {
      "has_recipe": "2024-07-05 01:47:06 +0000"
    },
    "done": true
  },
  "minecraft:story/root": {
    "criteria": {
      "crafting_table": "2024-07-05 01:52:35 +0000"
    },
    "done": true
  },
  "tconstruct:smeltery/puny_smelting": {
    "criteria": {
      "crafted_book": "2024-07-07 00:13:46 +0000"
    },
    "done": true
  },
  "create:contraption_actors": {
    "criteria": {
      "0": "2024-07-05 05:44:58 +0000"
    },
    "done": true
  },
  "minecraft:story/form_obsidian": {
    "criteria": {
      "obsidian": "2024-07-05 04:24:45 +0000"
    },
    "done": true
  },
  "create:windmill": {
    "criteria": {
      "0": "2024-07-05 05:44:58 +0000"
    },
    "done": true
  },
  "occultism:occultism/root": {
    "criteria": {
      "occultism_present": "2024-07-05 01:47:07 +0000"
    },
    "done": true
  },
  "betterdungeons:root": {
    "criteria": {
      "always": "2024-07-05 01:47:07 +0000"
    },
    "done": true
  },
  "minecraft:nether/get_wither_skull": {
    "criteria": {
      "wither_skull": "2024-07-06 05:47:58 +0000"
    },
    "done": true
  },
  "lootr:root": {
    "criteria": {
      "always_true": "2024-07-05 01:47:07 +0000"
    },
    "done": true
  },
  "minecraft:adventure/kill_a_mob": {
    "criteria": {
      "minecraft:spider": "2024-07-05 01:58:15 +0000"
    },
    "done": true
  },
  "create:millstone": {
    "criteria": {
      "0": "2024-07-05 03:26:52 +0000"
    },
    "done": true
  },
  "minecraft:story/obtain_armor": {
    "criteria": {
      "iron_boots": "2024-07-05 04:25:35 +0000"
    },
    "done": true
  },
  "minecraft:nether/obtain_blaze_rod": {
    "criteria": {
      "blaze_rod": "2024-07-06 05:57:02 +0000"
    },
    "done": true
  },
  "minecraft:story/mine_stone": {
    "criteria": {
      "get_stone": "2024-07-05 01:51:31 +0000"
    },
    "done": true
  },
  "biomesoplenty:biomesoplenty/all_biomes": {
    "criteria": {
      "erupting_inferno": "2024-07-06 06:30:17 +0000",
      "undergrowth": "2024-07-06 06:36:09 +0000"
    },
    "done": false
  },
  "minecraft:nether/return_to_sender": {
    "criteria": {
      "killed_ghast": "2024-07-06 06:10:24 +0000"
    },
    "done": true
  },
  "expcaves:caves/kill_a_zombie": {
    "criteria": {
      "minecraft:zombie": "2024-07-05 02:18:52 +0000"
    },
    "done": true
  },
  "minecraft:adventure/adventuring_time": {
    "criteria": {
      "minecraft:beach": "2024-07-05 02:11:26 +0000",
      "minecraft:sparse_jungle": "2024-07-05 02:56:47 +0000",
      "minecraft:river": "2024-07-05 02:00:38 +0000",
      "minecraft:lukewarm_ocean": "2024-07-05 02:52:17 +0000",
      "minecraft:dripstone_caves": "2024-07-05 04:24:51 +0000",
      "minecraft:forest": "2024-07-05 02:00:43 +0000",
      "minecraft:jungle": "2024-07-05 05:24:03 +0000",
      "minecraft:savanna": "2024-07-05 01:47:07 +0000",
      "minecraft:plains": "2024-07-05 01:53:16 +0000"
    },
    "done": false
  },
  "create:andesite_casing": {
    "criteria": {
      "requirement": "2024-07-05 03:13:13 +0000"
    },
    "done": true
  },
  "minecraft:adventure/sleep_in_bed": {
    "criteria": {
      "slept_in_bed": "2024-07-05 02:51:05 +0000"
    },
    "done": true
  },
  "expcaves:caves/root": {
    "criteria": {
      "item_to_find": "2024-07-05 03:54:57 +0000"
    },
    "done": true
  },
  "minecraft:story/lava_bucket": {
    "criteria": {
      "lava_bucket": "2024-07-05 05:08:36 +0000"
    },
    "done": true
  },
  "minecraft:husbandry/root": {
    "criteria": {
      "consumed_item": "2024-07-05 01:48:38 +0000"
    },
    "done": true
  },
  "repurposed_structures:outposts": {
    "criteria": {
      "in_outpost_nether_brick": "2024-07-06 05:39:29 +0000"
    },
    "done": false
  },
  "tconstruct:smeltery/abilities": {
    "criteria": {
      "luck": "2024-07-06 23:07:57 +0000"
    },
    "done": false
  },
  "lootr:10loot": {
    "criteria": {
      "loot_stat": "2024-07-05 04:04:41 +0000"
    },
    "done": true
  },
  "ae2:main/quartz_crystal": {
    "criteria": {
      "certus": "2024-07-06 03:35:19 +0000"
    },
    "done": true
  },
  "repurposed_structures:ruins": {
    "criteria": {
      "in_ruins_nether": "2024-07-06 06:19:33 +0000"
    },
    "done": false
  },
  "create:shifting_gears": {
    "criteria": {
      "0": "2024-07-05 03:23:43 +0000"
    },
    "done": true
  },
  "tconstruct:world/slime_collector": {
    "criteria": {
      "sky": "2024-07-06 23:15:44 +0000",
      "magma_cream": "2024-07-06 05:43:25 +0000",
      "earth": "2024-07-06 22:49:16 +0000"
    },
    "done": false
  },
  "minecraft:nether/loot_bastion": {
    "criteria": {
      "loot_bastion_other": "2024-07-06 06:24:58 +0000"
    },
    "done": true
  },
  "expcaves:caves/mushroom_sweetshroom": {
    "criteria": {
      "get_mushroom": "2024-07-05 01:47:07 +0000"
    },
    "done": true
  },
  "tconstruct:tools/make_part": {
    "criteria": {
      "crafted_part": "2024-07-06 06:58:21 +0000"
    },
    "done": true
  },
  "minecraft:adventure/root": {
    "criteria": {
      "killed_by_something": "2024-07-05 01:53:40 +0000"
    },
    "done": true
  },
  "repurposed_structures:mineshafts": {
    "criteria": {
      "in_mineshaft_nether": "2024-07-06 05:49:18 +0000"
    },
    "done": false
  },
  "minecraft:nether/find_bastion": {
    "criteria": {
      "bastion": "2024-07-06 06:24:07 +0000"
    },
    "done": true
  },
  "minecraft:adventure/shoot_arrow": {
    "criteria": {
      "shot_arrow": "2024-07-06 04:36:16 +0000"
    },
    "done": true
  },
  "expcaves:caves/kill_a_skeleton": {
    "criteria": {
      "minecraft:skeleton": "2024-07-05 02:09:08 +0000"
    },
    "done": true
  },
  "lootr:social": {
    "criteria": {
      "opened_barrel": "2024-07-05 02:49:09 +0000",
      "opened_chest": "2024-07-05 01:48:30 +0000",
      "opened_cart": "2024-07-05 04:19:17 +0000"
    },
    "done": false
  },
  "farmersdelight:main/root": {
    "criteria": {
      "seeds": "2024-07-05 01:47:07 +0000"
    },
    "done": true
  },
  "architects_palette:main/root": {
    "criteria": {
      "craftingtable": "2024-07-05 01:47:07 +0000"
    },
    "done": true
  },
  "tconstruct:tools/tinker_tool": {
    "criteria": {
      "crafted_tool": "2024-07-06 22:51:15 +0000"
    },
    "done": true
  },
  "minecraft:adventure/kill_all_mobs": {
    "criteria": {
      "minecraft:blaze": "2024-07-06 05:50:15 +0000",
      "minecraft:skeleton": "2024-07-05 02:09:08 +0000",
      "minecraft:ghast": "2024-07-06 06:10:24 +0000",
      "minecraft:magma_cube": "2024-07-06 05:40:58 +0000",
      "minecraft:spider": "2024-07-05 01:58:15 +0000",
      "minecraft:creeper": "2024-07-05 04:08:08 +0000",
      "minecraft:wither_skeleton": "2024-07-05 04:29:32 +0000",
      "minecraft:cave_spider": "2024-07-06 23:17:30 +0000",
      "minecraft:piglin": "2024-07-06 05:39:55 +0000",
      "minecraft:enderman": "2024-07-05 03:51:24 +0000",
      "minecraft:silverfish": "2024-07-05 04:40:41 +0000",
      "minecraft:stray": "2024-07-05 04:27:20 +0000",
      "minecraft:endermite": "2024-07-06 06:28:19 +0000",
      "minecraft:zombie": "2024-07-05 02:18:52 +0000",
      "minecraft:drowned": "2024-07-07 00:16:08 +0000"
    },
    "done": false
  },
  "minecraft:story/enter_the_nether": {
    "criteria": {
      "entered_nether": "2024-07-06 05:39:22 +0000"
    },
    "done": true
  },
  "tconstruct:world/blood_island": {
    "criteria": {
      "found_island": "2024-07-06 06:22:23 +0000"
    },
    "done": true
  },
  "minecraft:story/enchant_item": {
    "criteria": {
      "enchanted_item": "2024-07-06 04:10:11 +0000"
    },
    "done": true
  },
  "farmersdelight:main/craft_knife": {
    "criteria": {
      "iron_knife": "2024-07-06 03:59:49 +0000"
    },
    "done": true
  },
  "create:encased_fan": {
    "criteria": {
      "0": "2024-07-05 03:25:37 +0000"
    },
    "done": true
  },
  "tconstruct:tools/material_master": {
    "criteria": {
      "slimewood": "2024-07-06 22:51:15 +0000",
      "rose_gold": "2024-07-06 22:51:15 +0000",
      "hepatizon": "2024-07-06 22:51:15 +0000"
    },
    "done": false
  },
  "lootr:50loot": {
    "criteria": {
      "loot_stat": "2024-07-06 05:55:22 +0000"
    },
    "done": true
  },
  "farmersdelight:main/place_campfire": {
    "criteria": {
      "campfire": "2024-07-07 02:02:23 +0000"
    },
    "done": true
  },
  "tconstruct:smeltery/melter": {
    "criteria": {
      "seared_fuel_tank": "2024-07-06 06:53:39 +0000",
      "seared_table": "2024-07-06 05:14:46 +0000",
      "seared_basin": "2024-07-06 06:41:17 +0000",
      "seared_ingot_gauge": "2024-07-06 07:15:08 +0000",
      "seared_faucet": "2024-07-06 06:54:52 +0000"
    },
    "done": false
  },
  "minecraft:nether/explore_nether": {
    "criteria": {
      "minecraft:crimson_forest": "2024-07-06 06:35:42 +0000",
      "minecraft:nether_wastes": "2024-07-06 06:05:33 +0000",
      "minecraft:basalt_deltas": "2024-07-06 05:39:22 +0000"
    },
    "done": false
  },
  "tconstruct:smeltery/sand_casting": {
    "criteria": {
      "crafted_cast": "2024-07-06 06:59:06 +0000"
    },
    "done": true
  },
  "create:root": {
    "criteria": {
      "0": "2024-07-05 01:47:07 +0000"
    },
    "done": true
  },
  "naturescompass:natures_compass_log": {
    "criteria": {
      "has_recipe": "2024-07-05 01:47:06 +0000"
    },
    "done": true
  },
  "lootr:25loot": {
    "criteria": {
      "loot_stat": "2024-07-05 04:34:48 +0000"
    },
    "done": true
  },
  "minecraft:story/mine_diamond": {
    "criteria": {
      "diamond": "2024-07-05 02:19:15 +0000"
    },
    "done": true
  },
  "minecraft:story/upgrade_tools": {
    "criteria": {
      "stone_pickaxe": "2024-07-05 01:51:51 +0000"
    },
    "done": true
  },
  "create:fan_processing": {
    "criteria": {
      "0": "2024-07-05 03:29:33 +0000"
    },
    "done": true
  },
  "tconstruct:tools/tool_smith": {
    "criteria": {
      "pickaxe": "2024-07-06 22:51:15 +0000"
    },
    "done": false
  },
  "minecraft:story/smelt_iron": {
    "criteria": {
      "iron": "2024-07-05 02:15:59 +0000"
    },
    "done": true
  },
  "create:belt": {
    "criteria": {
      "0": "2024-07-07 03:40:04 +0000"
    },
    "done": true
  },
  "betterdungeons:spider_dungeon": {
    "criteria": {
      "in_better_spider_dungeon": "2024-07-05 02:45:20 +0000"
    },
    "done": true
  },
  "lootr:1barrel": {
    "criteria": {
      "opened_barrel": "2024-07-05 02:49:09 +0000"
    },
    "done": true
  },
  "tconstruct:tools/modified": {
    "criteria": {
      "crafted_tool": "2024-07-06 22:55:12 +0000"
    },
    "done": true
  },
  "expcaves:caves/kill_a_skeleton_or_zombie": {
    "criteria": {
      "minecraft:skeleton": "2024-07-05 02:09:08 +0000"
    },
    "done": true
  },
  "repurposed_structures:root": {
    "criteria": {
      "always": "2024-07-05 01:47:07 +0000"
    },
    "done": true
  },
  "DataVersion": 2975
}