{
  "betterdungeons:root": {
    "criteria": {
      "always": "2024-07-05 01:34:06 +0000"
    },
    "done": true
  },
  "minecraft:nether/get_wither_skull": {
    "criteria": {
      "wither_skull": "2024-07-06 05:28:09 +0000"
    },
    "done": true
  },
  "modonomicon:modonomicon/root": {
    "criteria": {
      "modonomicon_present": "2024-07-05 01:34:06 +0000"
    },
    "done": true
  },
  "create:wrench_goggles": {
    "criteria": {
      "0": "2024-07-06 04:55:39 +0000"
    },
    "done": false
  },
  "repurposed_structures:igloos": {
    "criteria": {
      "in_igloo_grassy": "2024-07-05 01:58:38 +0000"
    },
    "done": false
  },
  "lootr:root": {
    "criteria": {
      "always_true": "2024-07-05 01:34:06 +0000"
    },
    "done": true
  },
  "minecraft:adventure/kill_a_mob": {
    "criteria": {
      "minecraft:creeper": "2024-07-05 01:50:31 +0000"
    },
    "done": true
  },
  "create:millstone": {
    "criteria": {
      "0": "2024-07-06 02:22:01 +0000"
    },
    "done": true
  },
  "farmersdelight:main/harvest_straw": {
    "criteria": {
      "harvest_straw": "2024-07-06 03:17:04 +0000"
    },
    "done": true
  },
  "naturescompass:natures_compass": {
    "criteria": {
      "has_recipe": "2024-07-05 01:34:05 +0000"
    },
    "done": true
  },
  "tconstruct:tools/materials_and_you": {
    "criteria": {
      "crafted_book": "2024-07-05 01:34:06 +0000"
    },
    "done": true
  },
  "tconstruct:internal/starting_book": {
    "criteria": {
      "tick": "2024-07-05 01:34:06 +0000"
    },
    "done": true
  },
  "minecraft:story/obtain_armor": {
    "criteria": {
      "iron_helmet": "2024-07-05 03:28:30 +0000"
    },
    "done": true
  },
  "create:copper": {
    "criteria": {
      "0": "2024-07-06 04:34:16 +0000"
    },
    "done": true
  },
  "tconstruct:smeltery/structure": {
    "criteria": {
      "open_smeltery": "2024-07-06 05:07:16 +0000"
    },
    "done": true
  },
  "create:andesite_alloy": {
    "criteria": {
      "0": "2024-07-05 03:28:30 +0000"
    },
    "done": true
  },
  "minecraft:story/mine_stone": {
    "criteria": {
      "get_stone": "2024-07-05 01:45:42 +0000"
    },
    "done": true
  },
  "minecraft:nether/root": {
    "criteria": {
      "entered_nether": "2024-07-06 05:03:58 +0000"
    },
    "done": true
  },
  "expcaves:caves/kill_a_zombie": {
    "criteria": {
      "minecraft:zombie": "2024-07-05 01:51:14 +0000"
    },
    "done": true
  },
  "create:water_wheel": {
    "criteria": {
      "0": "2024-07-06 01:33:47 +0000"
    },
    "done": true
  },
  "tconstruct:tools/tinker_station": {
    "criteria": {
      "crafted_block": "2024-07-06 05:21:16 +0000"
    },
    "done": true
  },
  "minecraft:adventure/adventuring_time": {
    "criteria": {
      "minecraft:beach": "2024-07-05 01:53:06 +0000",
      "minecraft:river": "2024-07-05 01:59:02 +0000",
      "minecraft:lukewarm_ocean": "2024-07-06 03:11:19 +0000",
      "minecraft:dripstone_caves": "2024-07-06 02:46:42 +0000",
      "minecraft:forest": "2024-07-05 02:00:46 +0000",
      "minecraft:windswept_savanna": "2024-07-06 03:39:24 +0000",
      "minecraft:savanna": "2024-07-05 01:34:06 +0000",
      "minecraft:plains": "2024-07-05 01:52:16 +0000"
    },
    "done": false
  },
  "create:andesite_casing": {
    "criteria": {
      "requirement": "2024-07-05 03:31:39 +0000"
    },
    "done": true
  },
  "minecraft:adventure/sleep_in_bed": {
    "criteria": {
      "slept_in_bed": "2024-07-05 03:37:40 +0000"
    },
    "done": true
  },
  "create:super_glue": {
    "criteria": {
      "0": "2024-07-05 05:14:42 +0000"
    },
    "done": true
  },
  "minecraft:story/lava_bucket": {
    "criteria": {
      "lava_bucket": "2024-07-05 04:57:21 +0000"
    },
    "done": true
  },
  "create:mechanical_press": {
    "criteria": {
      "0": "2024-07-05 05:18:30 +0000"
    },
    "done": true
  },
  "minecraft:husbandry/root": {
    "criteria": {
      "consumed_item": "2024-07-05 01:49:00 +0000"
    },
    "done": true
  },
  "repurposed_structures:outposts": {
    "criteria": {
      "in_outpost_nether_brick": "2024-07-06 05:04:25 +0000"
    },
    "done": false
  },
  "minecraft:story/shiny_gear": {
    "criteria": {
      "diamond_leggings": "2024-07-05 04:57:20 +0000"
    },
    "done": true
  },
  "lootr:10loot": {
    "criteria": {
      "loot_stat": "2024-07-05 03:53:53 +0000"
    },
    "done": true
  },
  "ae2:main/quartz_crystal": {
    "criteria": {
      "certus": "2024-07-05 02:28:16 +0000"
    },
    "done": true
  },
  "tconstruct:world/slime_collector": {
    "criteria": {
      "earth": "2024-07-05 05:13:37 +0000"
    },
    "done": false
  },
  "create:shifting_gears": {
    "criteria": {
      "0": "2024-07-06 02:11:40 +0000"
    },
    "done": true
  },
  "expcaves:caves/mushroom_sweetshroom": {
    "criteria": {
      "get_mushroom": "2024-07-05 01:34:06 +0000"
    },
    "done": true
  },
  "tconstruct:tools/make_part": {
    "criteria": {
      "crafted_part": "2024-07-06 05:20:41 +0000"
    },
    "done": true
  },
  "minecraft:adventure/root": {
    "criteria": {
      "killed_something": "2024-07-05 01:46:51 +0000"
    },
    "done": true
  },
  "ae2:main/root": {
    "criteria": {
      "certus": "2024-07-05 02:24:09 +0000"
    },
    "done": true
  },
  "lootr:1chest": {
    "criteria": {
      "opened_chest": "2024-07-05 01:48:37 +0000"
    },
    "done": true
  },
  "create:funnel": {
    "criteria": {
      "0": "2024-07-06 04:38:04 +0000"
    },
    "done": true
  },
  "minecraft:story/deflect_arrow": {
    "criteria": {
      "deflected_projectile": "2024-07-05 03:52:32 +0000"
    },
    "done": true
  },
  "minecraft:adventure/shoot_arrow": {
    "criteria": {
      "shot_arrow": "2024-07-05 05:34:39 +0000"
    },
    "done": true
  },
  "expcaves:caves/kill_a_skeleton": {
    "criteria": {
      "minecraft:skeleton": "2024-07-05 01:50:59 +0000"
    },
    "done": true
  },
  "lootr:social": {
    "criteria": {
      "opened_barrel": "2024-07-06 03:41:19 +0000",
      "opened_chest": "2024-07-05 01:48:37 +0000"
    },
    "done": false
  },
  "betterdungeons:all_dungeons": {
    "criteria": {
      "in_better_zombie_dungeon": "2024-07-06 03:31:20 +0000",
      "in_better_spider_dungeon": "2024-07-05 03:40:59 +0000"
    },
    "done": false
  },
  "farmersdelight:main/root": {
    "criteria": {
      "seeds": "2024-07-05 01:34:06 +0000"
    },
    "done": true
  },
  "betterdungeons:zombie_dungeon": {
    "criteria": {
      "in_better_zombie_dungeon": "2024-07-06 03:31:20 +0000"
    },
    "done": true
  },
  "farmersdelight:main/get_fd_seed": {
    "criteria": {
      "tomato_seeds": "2024-07-05 01:50:01 +0000"
    },
    "done": true
  },
  "tconstruct:smeltery/cast_collector": {
    "criteria": {
      "ingot": "2024-07-06 05:09:32 +0000"
    },
    "done": false
  },
  "create:compacting": {
    "criteria": {
      "0": "2024-07-06 01:45:42 +0000"
    },
    "done": true
  },
  "architects_palette:main/root": {
    "criteria": {
      "craftingtable": "2024-07-05 01:34:06 +0000"
    },
    "done": true
  },
  "minecraft:adventure/kill_all_mobs": {
    "criteria": {
      "minecraft:pillager": "2024-07-06 03:57:52 +0000",
      "minecraft:skeleton": "2024-07-05 01:50:59 +0000",
      "minecraft:spider": "2024-07-05 02:13:58 +0000",
      "minecraft:piglin_brute": "2024-07-06 05:30:10 +0000",
      "minecraft:creeper": "2024-07-05 01:50:31 +0000",
      "minecraft:cave_spider": "2024-07-05 03:56:47 +0000",
      "minecraft:piglin": "2024-07-06 05:04:29 +0000",
      "minecraft:stray": "2024-07-05 03:58:47 +0000",
      "minecraft:zombie": "2024-07-05 01:51:14 +0000"
    },
    "done": false
  },
  "minecraft:story/enter_the_nether": {
    "criteria": {
      "entered_nether": "2024-07-06 05:03:58 +0000"
    },
    "done": true
  },
  "minecraft:story/enchant_item": {
    "criteria": {
      "enchanted_item": "2024-07-06 03:21:13 +0000"
    },
    "done": true
  },
  "minecraft:husbandry/balanced_diet": {
    "criteria": {
      "cooked_mutton": "2024-07-05 03:39:14 +0000",
      "cooked_beef": "2024-07-05 01:49:37 +0000",
      "beef": "2024-07-05 01:49:00 +0000",
      "apple": "2024-07-05 02:12:37 +0000",
      "cooked_cod": "2024-07-05 02:18:04 +0000",
      "golden_apple": "2024-07-06 02:24:22 +0000",
      "rotten_flesh": "2024-07-05 01:51:37 +0000",
      "cooked_chicken": "2024-07-06 03:25:05 +0000",
      "carrot": "2024-07-06 03:24:22 +0000"
    },
    "done": false
  },
  "ae2:main/presses": {
    "criteria": {
      "silicon": "2024-07-05 05:03:17 +0000"
    },
    "done": false
  },
  "farmersdelight:main/craft_knife": {
    "criteria": {
      "iron_knife": "2024-07-06 03:58:37 +0000"
    },
    "done": true
  },
  "create:encased_fan": {
    "criteria": {
      "0": "2024-07-06 02:20:57 +0000"
    },
    "done": true
  },
  "create:chute": {
    "criteria": {
      "0": "2024-07-06 04:29:15 +0000"
    },
    "done": true
  },
  "tconstruct:smeltery/melter": {
    "criteria": {
      "seared_table": "2024-07-06 05:09:34 +0000"
    },
    "done": false
  },
  "minecraft:nether/explore_nether": {
    "criteria": {
      "minecraft:basalt_deltas": "2024-07-06 05:03:59 +0000"
    },
    "done": false
  },
  "tconstruct:smeltery/sand_casting": {
    "criteria": {
      "crafted_cast": "2024-07-06 05:16:59 +0000"
    },
    "done": true
  },
  "tconstruct:smeltery/gold_casting": {
    "criteria": {
      "crafted_cast": "2024-07-06 05:09:32 +0000"
    },
    "done": true
  },
  "create:root": {
    "criteria": {
      "0": "2024-07-05 01:34:06 +0000"
    },
    "done": true
  },
  "minecraft:story/iron_tools": {
    "criteria": {
      "iron_pickaxe": "2024-07-05 02:10:16 +0000"
    },
    "done": true
  },
  "naturescompass:natures_compass_log": {
    "criteria": {
      "has_recipe": "2024-07-05 01:34:05 +0000"
    },
    "done": true
  },
  "lootr:25loot": {
    "criteria": {
      "loot_stat": "2024-07-06 02:28:51 +0000"
    },
    "done": true
  },
  "naturescompass:natures_compass_sapling": {
    "criteria": {
      "has_recipe": "2024-07-05 01:34:05 +0000"
    },
    "done": true
  },
  "minecraft:story/mine_diamond": {
    "criteria": {
      "diamond": "2024-07-05 02:21:58 +0000"
    },
    "done": true
  },
  "minecraft:story/upgrade_tools": {
    "criteria": {
      "stone_pickaxe": "2024-07-05 01:45:49 +0000"
    },
    "done": true
  },
  "create:fan_processing": {
    "criteria": {
      "0": "2024-07-06 02:22:09 +0000"
    },
    "done": true
  },
  "minecraft:story/root": {
    "criteria": {
      "crafting_table": "2024-07-05 01:45:29 +0000"
    },
    "done": true
  },
  "supplementaries:adventure/way_sign": {
    "criteria": {
      "way_sign": "2024-07-05 01:52:24 +0000"
    },
    "done": true
  },
  "minecraft:story/smelt_iron": {
    "criteria": {
      "iron": "2024-07-05 02:10:11 +0000"
    },
    "done": true
  },
  "create:belt": {
    "criteria": {
      "0": "2024-07-06 01:56:54 +0000"
    },
    "done": true
  },
  "betterdungeons:spider_dungeon": {
    "criteria": {
      "in_better_spider_dungeon": "2024-07-05 03:40:59 +0000"
    },
    "done": true
  },
  "lootr:1barrel": {
    "criteria": {
      "opened_barrel": "2024-07-06 03:41:19 +0000"
    },
    "done": true
  },
  "minecraft:story/form_obsidian": {
    "criteria": {
      "obsidian": "2024-07-05 01:52:38 +0000"
    },
    "done": true
  },
  "occultism:occultism/root": {
    "criteria": {
      "occultism_present": "2024-07-05 01:34:06 +0000"
    },
    "done": true
  },
  "tconstruct:tools/part_builder": {
    "criteria": {
      "crafted_block": "2024-07-06 05:16:24 +0000"
    },
    "done": true
  },
  "expcaves:caves/kill_a_skeleton_or_zombie": {
    "criteria": {
      "minecraft:skeleton": "2024-07-05 01:50:59 +0000"
    },
    "done": true
  },
  "repurposed_structures:root": {
    "criteria": {
      "always": "2024-07-05 01:34:06 +0000"
    },
    "done": true
  },
  "DataVersion": 2975
}