{
  "create:spout": {
    "criteria": {
      "0": "2024-07-06 05:13:14 +0000"
    },
    "done": true
  },
  "betterdungeons:root": {
    "criteria": {
      "always": "2024-07-05 02:01:31 +0000"
    },
    "done": true
  },
  "create:hand_crank_000": {
    "criteria": {
      "0": "2024-07-06 06:17:19 +0000"
    },
    "done": true
  },
  "modonomicon:modonomicon/root": {
    "criteria": {
      "modonomicon_present": "2024-07-05 02:01:31 +0000"
    },
    "done": true
  },
  "create:wrench_goggles": {
    "criteria": {
      "1": "2024-07-06 02:44:27 +0000"
    },
    "done": false
  },
  "create:deployer": {
    "criteria": {
      "0": "2024-07-06 19:15:49 +0000"
    },
    "done": true
  },
  "repurposed_structures:igloos": {
    "criteria": {
      "in_igloo_grassy": "2024-07-05 02:41:23 +0000"
    },
    "done": false
  },
  "farmersdelight:main/plant_all_crops": {
    "criteria": {
      "rice": "2024-07-06 03:15:18 +0000",
      "kelp": "2024-07-06 03:13:37 +0000"
    },
    "done": false
  },
  "lootr:root": {
    "criteria": {
      "always_true": "2024-07-05 02:01:31 +0000"
    },
    "done": true
  },
  "minecraft:adventure/kill_a_mob": {
    "criteria": {
      "minecraft:zombie": "2024-07-05 02:08:32 +0000"
    },
    "done": true
  },
  "create:millstone": {
    "criteria": {
      "0": "2024-07-06 04:28:50 +0000"
    },
    "done": true
  },
  "farmersdelight:main/use_cutting_board": {
    "criteria": {
      "cutting_board": "2024-07-06 03:16:55 +0000"
    },
    "done": true
  },
  "farmersdelight:main/harvest_straw": {
    "criteria": {
      "harvest_straw": "2024-07-06 03:16:55 +0000"
    },
    "done": true
  },
  "naturescompass:natures_compass": {
    "criteria": {
      "has_recipe": "2024-07-05 02:01:30 +0000"
    },
    "done": true
  },
  "tconstruct:tools/materials_and_you": {
    "criteria": {
      "crafted_book": "2024-07-05 02:01:31 +0000"
    },
    "done": true
  },
  "tconstruct:internal/starting_book": {
    "criteria": {
      "tick": "2024-07-05 02:01:31 +0000"
    },
    "done": true
  },
  "minecraft:story/obtain_armor": {
    "criteria": {
      "iron_chestplate": "2024-07-05 02:58:44 +0000"
    },
    "done": true
  },
  "create:copper": {
    "criteria": {
      "0": "2024-07-05 03:05:19 +0000"
    },
    "done": true
  },
  "tconstruct:smeltery/structure": {
    "criteria": {
      "open_smeltery": "2024-07-06 04:55:07 +0000"
    },
    "done": true
  },
  "create:andesite_alloy": {
    "criteria": {
      "0": "2024-07-05 03:11:55 +0000"
    },
    "done": true
  },
  "minecraft:story/mine_stone": {
    "criteria": {
      "get_stone": "2024-07-05 02:06:10 +0000"
    },
    "done": true
  },
  "biomesoplenty:biomesoplenty/all_biomes": {
    "criteria": {
      "woodland": "2024-07-05 02:46:12 +0000",
      "shrubland": "2024-07-05 02:58:23 +0000",
      "old_growth_woodland": "2024-07-05 02:50:54 +0000",
      "mediterranean_forest": "2024-07-05 02:45:29 +0000",
      "redwood_forest": "2024-07-05 02:55:31 +0000",
      "grassland": "2024-07-05 02:58:26 +0000"
    },
    "done": false
  },
  "create:crushing_wheel": {
    "criteria": {
      "0": "2024-07-06 21:18:50 +0000"
    },
    "done": true
  },
  "create:mechanical_mixer": {
    "criteria": {
      "0": "2024-07-06 05:55:16 +0000"
    },
    "done": true
  },
  "expcaves:caves/kill_a_zombie": {
    "criteria": {
      "minecraft:zombie": "2024-07-05 02:08:32 +0000"
    },
    "done": true
  },
  "create:water_wheel": {
    "criteria": {
      "0": "2024-07-06 06:05:49 +0000"
    },
    "done": true
  },
  "minecraft:adventure/adventuring_time": {
    "criteria": {
      "minecraft:beach": "2024-07-05 02:45:00 +0000",
      "minecraft:lukewarm_ocean": "2024-07-05 02:44:34 +0000",
      "minecraft:river": "2024-07-05 02:44:59 +0000",
      "minecraft:dripstone_caves": "2024-07-05 04:03:50 +0000",
      "minecraft:forest": "2024-07-05 03:19:35 +0000",
      "minecraft:savanna": "2024-07-05 02:01:30 +0000",
      "minecraft:plains": "2024-07-05 02:06:03 +0000"
    },
    "done": false
  },
  "create:andesite_casing": {
    "criteria": {
      "requirement": "2024-07-05 03:12:33 +0000"
    },
    "done": true
  },
  "minecraft:adventure/sleep_in_bed": {
    "criteria": {
      "slept_in_bed": "2024-07-05 02:51:09 +0000"
    },
    "done": true
  },
  "expcaves:caves/root": {
    "criteria": {
      "item_to_find": "2024-07-06 05:32:56 +0000"
    },
    "done": true
  },
  "minecraft:story/lava_bucket": {
    "criteria": {
      "lava_bucket": "2024-07-05 03:25:49 +0000"
    },
    "done": true
  },
  "create:mechanical_press": {
    "criteria": {
      "0": "2024-07-06 03:10:45 +0000"
    },
    "done": true
  },
  "occultism:occultism/summon_foliot_crusher": {
    "criteria": {
      "summon_foliot_crusher": "2024-07-06 04:31:08 +0000"
    },
    "done": true
  },
  "minecraft:husbandry/root": {
    "criteria": {
      "consumed_item": "2024-07-05 02:09:02 +0000"
    },
    "done": true
  },
  "minecraft:story/shiny_gear": {
    "criteria": {
      "diamond_helmet": "2024-07-05 04:42:45 +0000"
    },
    "done": true
  },
  "lootr:10loot": {
    "criteria": {
      "loot_stat": "2024-07-05 03:53:13 +0000"
    },
    "done": true
  },
  "ae2:main/quartz_crystal": {
    "criteria": {
      "certus": "2024-07-05 02:08:26 +0000"
    },
    "done": true
  },
  "tconstruct:world/slime_collector": {
    "criteria": {
      "sky": "2024-07-05 02:54:07 +0000",
      "earth": "2024-07-05 02:57:39 +0000"
    },
    "done": false
  },
  "create:shifting_gears": {
    "criteria": {
      "0": "2024-07-06 19:21:50 +0000"
    },
    "done": true
  },
  "expcaves:caves/mushroom_sweetshroom": {
    "criteria": {
      "get_mushroom": "2024-07-05 02:01:31 +0000"
    },
    "done": true
  },
  "tconstruct:tools/make_part": {
    "criteria": {
      "crafted_part": "2024-07-06 20:22:38 +0000"
    },
    "done": true
  },
  "ae2:main/root": {
    "criteria": {
      "certus": "2024-07-05 02:08:08 +0000"
    },
    "done": true
  },
  "minecraft:adventure/root": {
    "criteria": {
      "killed_something": "2024-07-05 02:08:32 +0000"
    },
    "done": true
  },
  "create:mechanical_crafter": {
    "criteria": {
      "0": "2024-07-06 20:42:24 +0000"
    },
    "done": true
  },
  "lootr:1chest": {
    "criteria": {
      "opened_chest": "2024-07-05 02:02:23 +0000"
    },
    "done": true
  },
  "minecraft:story/deflect_arrow": {
    "criteria": {
      "deflected_projectile": "2024-07-06 02:30:28 +0000"
    },
    "done": true
  },
  "expcaves:caves/kill_a_skeleton": {
    "criteria": {
      "minecraft:skeleton": "2024-07-05 02:21:21 +0000"
    },
    "done": true
  },
  "lootr:social": {
    "criteria": {
      "opened_barrel": "2024-07-05 02:58:42 +0000",
      "opened_chest": "2024-07-05 02:02:23 +0000"
    },
    "done": false
  },
  "betterdungeons:all_dungeons": {
    "criteria": {
      "in_better_zombie_dungeon": "2024-07-06 03:28:52 +0000",
      "in_better_spider_dungeon": "2024-07-05 03:10:34 +0000"
    },
    "done": false
  },
  "farmersdelight:main/root": {
    "criteria": {
      "seeds": "2024-07-05 02:01:31 +0000"
    },
    "done": true
  },
  "betterdungeons:zombie_dungeon": {
    "criteria": {
      "in_better_zombie_dungeon": "2024-07-06 03:28:52 +0000"
    },
    "done": true
  },
  "farmersdelight:main/get_fd_seed": {
    "criteria": {
      "rice": "2024-07-06 03:15:15 +0000"
    },
    "done": true
  },
  "tconstruct:smeltery/cast_collector": {
    "criteria": {
      "ingot": "2024-07-05 03:46:03 +0000"
    },
    "done": false
  },
  "create:compacting": {
    "criteria": {
      "0": "2024-07-06 04:03:58 +0000"
    },
    "done": true
  },
  "architects_palette:main/root": {
    "criteria": {
      "craftingtable": "2024-07-05 02:01:31 +0000"
    },
    "done": true
  },
  "farmersdelight:main/plant_rice": {
    "criteria": {
      "plant_rice": "2024-07-06 03:15:18 +0000"
    },
    "done": true
  },
  "minecraft:adventure/kill_all_mobs": {
    "criteria": {
      "minecraft:pillager": "2024-07-06 03:01:45 +0000",
      "minecraft:skeleton": "2024-07-05 02:21:21 +0000",
      "minecraft:spider": "2024-07-05 02:26:27 +0000",
      "minecraft:creeper": "2024-07-05 02:22:41 +0000",
      "minecraft:witch": "2024-07-06 05:32:09 +0000",
      "minecraft:wither_skeleton": "2024-07-05 04:06:53 +0000",
      "minecraft:cave_spider": "2024-07-05 03:56:45 +0000",
      "minecraft:enderman": "2024-07-05 04:08:24 +0000",
      "minecraft:stray": "2024-07-05 03:58:40 +0000",
      "minecraft:zombie": "2024-07-05 02:08:32 +0000",
      "minecraft:drowned": "2024-07-05 03:04:57 +0000",
      "minecraft:zombie_villager": "2024-07-06 06:22:57 +0000"
    },
    "done": false
  },
  "minecraft:story/enchant_item": {
    "criteria": {
      "enchanted_item": "2024-07-06 02:54:33 +0000"
    },
    "done": true
  },
  "minecraft:husbandry/balanced_diet": {
    "criteria": {
      "cooked_porkchop": "2024-07-05 04:14:41 +0000",
      "cooked_mutton": "2024-07-05 02:43:32 +0000",
      "cooked_beef": "2024-07-05 02:28:55 +0000",
      "baked_potato": "2024-07-06 03:33:25 +0000",
      "apple": "2024-07-06 20:19:25 +0000",
      "cooked_cod": "2024-07-05 02:18:14 +0000",
      "bread": "2024-07-05 04:26:10 +0000",
      "cooked_chicken": "2024-07-06 03:28:00 +0000",
      "cooked_salmon": "2024-07-06 06:32:59 +0000",
      "carrot": "2024-07-06 19:18:27 +0000"
    },
    "done": false
  },
  "farmersdelight:main/craft_knife": {
    "criteria": {
      "iron_knife": "2024-07-06 03:16:50 +0000"
    },
    "done": true
  },
  "tconstruct:world/sky_island": {
    "criteria": {
      "found_island": "2024-07-05 02:55:49 +0000"
    },
    "done": true
  },
  "lootr:50loot": {
    "criteria": {
      "loot_stat": "2024-07-05 04:40:24 +0000"
    },
    "done": true
  },
  "tconstruct:smeltery/melter": {
    "criteria": {
      "seared_heater": "2024-07-05 03:43:24 +0000",
      "seared_table": "2024-07-05 03:44:59 +0000",
      "seared_basin": "2024-07-05 03:44:57 +0000",
      "seared_faucet": "2024-07-05 03:44:53 +0000",
      "seared_melter": "2024-07-05 03:43:27 +0000"
    },
    "done": true
  },
  "create:mechanical_pump_0": {
    "criteria": {
      "0": "2024-07-06 05:13:09 +0000"
    },
    "done": true
  },
  "create:brass": {
    "criteria": {
      "0": "2024-07-06 20:27:26 +0000"
    },
    "done": true
  },
  "biomesoplenty:biomesoplenty/root": {
    "criteria": {
      "mediterranean_forest": "2024-07-05 02:45:29 +0000"
    },
    "done": true
  },
  "minecraft:adventure/voluntary_exile": {
    "criteria": {
      "voluntary_exile": "2024-07-06 03:57:49 +0000"
    },
    "done": true
  },
  "tconstruct:smeltery/gold_casting": {
    "criteria": {
      "crafted_cast": "2024-07-05 03:46:03 +0000"
    },
    "done": true
  },
  "create:root": {
    "criteria": {
      "0": "2024-07-05 02:01:31 +0000"
    },
    "done": true
  },
  "minecraft:story/iron_tools": {
    "criteria": {
      "iron_pickaxe": "2024-07-05 02:15:59 +0000"
    },
    "done": true
  },
  "naturescompass:natures_compass_log": {
    "criteria": {
      "has_recipe": "2024-07-05 02:01:30 +0000"
    },
    "done": true
  },
  "lootr:25loot": {
    "criteria": {
      "loot_stat": "2024-07-05 04:02:22 +0000"
    },
    "done": true
  },
  "naturescompass:natures_compass_sapling": {
    "criteria": {
      "has_recipe": "2024-07-05 02:01:30 +0000"
    },
    "done": true
  },
  "minecraft:story/mine_diamond": {
    "criteria": {
      "diamond": "2024-07-05 02:24:29 +0000"
    },
    "done": true
  },
  "minecraft:story/upgrade_tools": {
    "criteria": {
      "stone_pickaxe": "2024-07-05 02:06:39 +0000"
    },
    "done": true
  },
  "minecraft:story/root": {
    "criteria": {
      "crafting_table": "2024-07-05 02:04:42 +0000"
    },
    "done": true
  },
  "create:precision_mechanism": {
    "criteria": {
      "0": "2024-07-06 19:28:51 +0000"
    },
    "done": true
  },
  "create:water_supply": {
    "criteria": {
      "0": "2024-07-06 05:13:10 +0000"
    },
    "done": true
  },
  "minecraft:story/smelt_iron": {
    "criteria": {
      "iron": "2024-07-05 02:15:50 +0000"
    },
    "done": true
  },
  "create:belt": {
    "criteria": {
      "0": "2024-07-06 20:52:40 +0000"
    },
    "done": true
  },
  "betterdungeons:spider_dungeon": {
    "criteria": {
      "in_better_spider_dungeon": "2024-07-05 03:10:34 +0000"
    },
    "done": true
  },
  "lootr:1barrel": {
    "criteria": {
      "opened_barrel": "2024-07-05 02:58:42 +0000"
    },
    "done": true
  },
  "occultism:occultism/root": {
    "criteria": {
      "occultism_present": "2024-07-05 02:01:31 +0000"
    },
    "done": true
  },
  "create:rose_quartz": {
    "criteria": {
      "0": "2024-07-06 05:55:29 +0000"
    },
    "done": true
  },
  "expcaves:caves/kill_a_skeleton_or_zombie": {
    "criteria": {
      "minecraft:zombie": "2024-07-05 02:08:32 +0000"
    },
    "done": true
  },
  "repurposed_structures:root": {
    "criteria": {
      "always": "2024-07-05 02:01:31 +0000"
    },
    "done": true
  },
  "ae2:main/charger": {
    "criteria": {
      "certus": "2024-07-06 06:22:49 +0000"
    },
    "done": true
  },
  "ae2:main/charged_quartz": {
    "criteria": {
      "certus": "2024-07-06 06:38:52 +0000"
    },
    "done": true
  },
  "minecraft:husbandry/tame_an_animal": {
    "criteria": {
      "tamed_animal": "2024-07-06 04:31:08 +0000"
    },
    "done": true
  },
  "DataVersion": 2975
}